timestamp,symbol,option_type,strike,expiry,spot,delta,gamma,theta,iv,rsi,trend,action,confidence,stop_loss,target,trailing_stoploss,trailing_target
2026-04-18 13:39:06,SPY,CALL,675.0,2026-04-20,710.1400146484375,0.998,0.0006,-0.1378,0.3438,51.82,BULLISH,BUY,99.8,N/A,N/A,N/A,N/A
2026-04-18 13:39:06,SPY,CALL,676.0,2026-04-20,710.1400146484375,0.997,0.0006,-0.143,0.3389,51.82,BULLISH,BUY,99.7,N/A,N/A,N/A,N/A
2026-04-18 13:39:06,SPY,CALL,677.0,2026-04-20,710.1400146484375,0.997,0.0006,-0.1402,0.3276,51.82,BULLISH,BUY,99.7,N/A,N/A,N/A,N/A
2026-04-18 13:39:06,SPY,CALL,678.0,2026-04-20,710.1400146484375,0.997,0.0007,-0.1416,0.3196,51.82,BULLISH,BUY,99.7,N/A,N/A,N/A,N/A
2026-04-18 13:39:06,SPY,CALL,679.0,2026-04-20,710.1400146484375,0.997,0.0008,-0.143,0.3115,51.82,BULLISH,BUY,99.7,N/A,N/A,N/A,N/A
2026-04-18 13:39:06,SPY,CALL,680.0,2026-04-20,710.1400146484375,0.997,0.0008,-0.1446,0.3035,51.82,BULLISH,BUY,99.7,N/A,N/A,N/A,N/A
2026-04-18 13:39:06,SPY,CALL,681.0,2026-04-20,710.1400146484375,0.997,0.0009,-0.1481,0.2966,51.82,BULLISH,BUY,99.7,N/A,N/A,N/A,N/A
2026-04-18 13:39:06,SPY,CALL,682.0,2026-04-20,710.1400146484375,0.996,0.001,-0.1496,0.2883,51.82,BULLISH,BUY,99.6,N/A,N/A,N/A,N/A
2026-04-18 13:39:06,SPY,CALL,683.0,2026-04-20,710.1400146484375,0.996,0.001,-0.1492,0.2788,51.82,BULLISH,BUY,99.6,N/A,N/A,N/A,N/A
2026-04-18 13:39:06,SPY,CALL,684.0,2026-04-20,710.1400146484375,0.996,0.0012,-0.1533,0.272,51.82,BULLISH,BUY,99.6,N/A,N/A,N/A,N/A
2026-04-18 13:39:06,SPY,CALL,685.0,2026-04-20,710.1400146484375,0.995,0.0014,-0.1622,0.2673,51.82,BULLISH,BUY,99.5,N/A,N/A,N/A,N/A
2026-04-18 13:39:06,SPY,CALL,686.0,2026-04-20,710.1400146484375,0.995,0.0015,-0.1641,0.2588,51.82,BULLISH,BUY,99.5,N/A,N/A,N/A,N/A
2026-04-18 13:39:06,SPY,CALL,687.0,2026-04-20,710.1400146484375,0.995,0.0016,-0.1641,0.2493,51.82,BULLISH,BUY,99.5,N/A,N/A,N/A,N/A
2026-04-18 13:39:06,SPY,CALL,688.0,2026-04-20,710.1400146484375,0.994,0.0019,-0.1712,0.2429,51.82,BULLISH,BUY,99.4,N/A,N/A,N/A,N/A
2026-04-18 13:39:06,SPY,CALL,689.0,2026-04-20,710.1400146484375,0.994,0.002,-0.1687,0.2322,51.82,BULLISH,BUY,99.4,N/A,N/A,N/A,N/A
2026-04-18 13:39:06,SPY,CALL,690.0,2026-04-20,710.1400146484375,0.993,0.0023,-0.1743,0.2249,51.82,BULLISH,BUY,99.3,N/A,N/A,N/A,N/A
2026-04-18 13:39:06,SPY,CALL,691.0,2026-04-20,710.1400146484375,0.992,0.0028,-0.1854,0.2192,51.82,BULLISH,BUY,99.2,N/A,N/A,N/A,N/A
2026-04-18 13:39:06,SPY,CALL,692.0,2026-04-20,710.1400146484375,0.991,0.0032,-0.1916,0.2114,51.82,BULLISH,BUY,99.1,N/A,N/A,N/A,N/A
2026-04-18 13:39:06,SPY,CALL,693.0,2026-04-20,710.1400146484375,0.99,0.0036,-0.1981,0.2035,51.82,BULLISH,BUY,99.0,N/A,N/A,N/A,N/A
2026-04-18 13:39:06,SPY,CALL,694.0,2026-04-20,710.1400146484375,0.988,0.0043,-0.2081,0.1963,51.82,BULLISH,BUY,98.8,N/A,N/A,N/A,N/A
2026-04-18 13:39:06,SPY,CALL,695.0,2026-04-20,710.1400146484375,0.987,0.0047,-0.2065,0.1856,51.82,BULLISH,BUY,98.7,N/A,N/A,N/A,N/A
2026-04-18 13:39:06,SPY,CALL,696.0,2026-04-20,710.1400146484375,0.984,0.006,-0.2307,0.1814,51.82,BULLISH,BUY,98.4,N/A,N/A,N/A,N/A
2026-04-18 13:39:06,SPY,CALL,697.0,2026-04-20,710.1400146484375,0.981,0.0073,-0.2469,0.1744,51.82,BULLISH,BUY,98.1,N/A,N/A,N/A,N/A
2026-04-18 13:39:06,SPY,CALL,698.0,2026-04-20,710.1400146484375,0.977,0.0089,-0.2646,0.1672,51.82,BULLISH,BUY,97.7,N/A,N/A,N/A,N/A
2026-04-18 13:39:06,SPY,CALL,699.0,2026-04-20,710.1400146484375,0.971,0.011,-0.2906,0.161,51.82,BULLISH,BUY,97.1,N/A,N/A,N/A,N/A
2026-04-18 13:39:06,SPY,CALL,700.0,2026-04-20,710.1400146484375,0.965,0.0135,-0.3107,0.1531,51.82,BULLISH,BUY,96.5,N/A,N/A,N/A,N/A
2026-04-18 13:39:06,SPY,CALL,705.0,2026-04-20,710.1400146484375,0.882,0.0445,-0.5267,0.1199,51.82,BULLISH,BUY,88.2,N/A,N/A,N/A,N/A
2026-04-18 13:39:06,SPY,CALL,710.0,2026-04-20,710.1400146484375,0.527,0.1101,-0.7708,0.0973,51.82,BULLISH,BUY,52.7,N/A,N/A,N/A,N/A
2026-04-18 13:39:06,SPY,CALL,715.0,2026-04-20,710.1400146484375,0.062,0.0397,-0.1943,0.0829,51.82,BULLISH,HOLD,0.0,N/A,N/A,N/A,N/A
2026-04-18 13:39:06,SPY,CALL,720.0,2026-04-20,710.1400146484375,0.001,0.0011,-0.0058,0.085,51.82,BULLISH,HOLD,0.0,N/A,N/A,N/A,N/A
2026-04-18 13:39:06,SPY,CALL,725.0,2026-04-20,710.1400146484375,0.0,0.0001,-0.0005,0.1025,51.82,BULLISH,HOLD,0.0,N/A,N/A,N/A,N/A
2026-04-18 13:39:06,SPY,CALL,730.0,2026-04-20,710.1400146484375,0.0,0.0,-0.0001,0.125,51.82,BULLISH,HOLD,0.0,N/A,N/A,N/A,N/A
2026-04-18 13:39:06,SPY,CALL,735.0,2026-04-20,710.1400146484375,0.0,0.0,-0.0001,0.1524,51.82,BULLISH,HOLD,0.0,N/A,N/A,N/A,N/A
2026-04-18 13:39:06,SPY,CALL,740.0,2026-04-20,710.1400146484375,0.0,0.0,-0.0,0.1641,51.82,BULLISH,HOLD,0.0,N/A,N/A,N/A,N/A
2026-04-18 13:39:06,SPY,CALL,745.0,2026-04-20,710.1400146484375,0.0,0.0,-0.0,0.1914,51.82,BULLISH,HOLD,0.0,N/A,N/A,N/A,N/A
2026-04-18 13:39:06,SPY,PUT,675.0,2026-04-20,710.1400146484375,-0.0,0.0,-0.0002,0.2256,51.82,BULLISH,SELL,0.0,N/A,N/A,N/A,N/A
2026-04-18 13:39:06,SPY,PUT,676.0,2026-04-20,710.1400146484375,-0.0,0.0,-0.0002,0.2197,51.82,BULLISH,SELL,0.0,N/A,N/A,N/A,N/A
2026-04-18 13:39:06,SPY,PUT,677.0,2026-04-20,710.1400146484375,-0.0,0.0,-0.0002,0.2139,51.82,BULLISH,SELL,0.0,N/A,N/A,N/A,N/A
2026-04-18 13:39:06,SPY,PUT,678.0,2026-04-20,710.1400146484375,-0.0,0.0,-0.0002,0.208,51.82,BULLISH,SELL,0.0,N/A,N/A,N/A,N/A
2026-04-18 13:39:06,SPY,PUT,679.0,2026-04-20,710.1400146484375,-0.0,0.0,-0.0002,0.2022,51.82,BULLISH,SELL,0.0,N/A,N/A,N/A,N/A
2026-04-18 13:39:06,SPY,PUT,680.0,2026-04-20,710.1400146484375,-0.0,0.0,-0.0003,0.2031,51.82,BULLISH,SELL,0.0,N/A,N/A,N/A,N/A
2026-04-18 13:39:06,SPY,PUT,681.0,2026-04-20,710.1400146484375,-0.0,0.0,-0.0004,0.1973,51.82,BULLISH,SELL,0.0,N/A,N/A,N/A,N/A
2026-04-18 13:39:06,SPY,PUT,682.0,2026-04-20,710.1400146484375,-0.0,0.0,-0.0004,0.1914,51.82,BULLISH,SELL,0.0,N/A,N/A,N/A,N/A
2026-04-18 13:39:06,SPY,PUT,683.0,2026-04-20,710.1400146484375,-0.0,0.0,-0.0004,0.1856,51.82,BULLISH,SELL,0.0,N/A,N/A,N/A,N/A
2026-04-18 13:39:06,SPY,PUT,684.0,2026-04-20,710.1400146484375,-0.0,0.0,-0.0004,0.1787,51.82,BULLISH,SELL,0.0,N/A,N/A,N/A,N/A
2026-04-18 13:39:06,SPY,PUT,685.0,2026-04-20,710.1400146484375,-0.0,0.0,-0.0007,0.1777,51.82,BULLISH,SELL,0.0,N/A,N/A,N/A,N/A
2026-04-18 13:39:06,SPY,PUT,686.0,2026-04-20,710.1400146484375,-0.0,0.0,-0.0007,0.1719,51.82,BULLISH,SELL,0.0,N/A,N/A,N/A,N/A
2026-04-18 13:39:06,SPY,PUT,687.0,2026-04-20,710.1400146484375,-0.0,0.0001,-0.0011,0.1699,51.82,BULLISH,SELL,0.0,N/A,N/A,N/A,N/A
2026-04-18 13:39:06,SPY,PUT,688.0,2026-04-20,710.1400146484375,-0.0,0.0001,-0.0011,0.1631,51.82,BULLISH,SELL,0.0,N/A,N/A,N/A,N/A
2026-04-18 13:39:06,SPY,PUT,689.0,2026-04-20,710.1400146484375,-0.0,0.0001,-0.0016,0.1602,51.82,BULLISH,SELL,0.0,N/A,N/A,N/A,N/A
2026-04-18 13:39:06,SPY,PUT,690.0,2026-04-20,710.1400146484375,-0.0,0.0001,-0.0018,0.1538,51.82,BULLISH,SELL,0.0,N/A,N/A,N/A,N/A
2026-04-18 13:39:06,SPY,PUT,691.0,2026-04-20,710.1400146484375,-0.0,0.0002,-0.0025,0.1504,51.82,BULLISH,SELL,0.0,N/A,N/A,N/A,N/A
2026-04-18 13:39:06,SPY,PUT,692.0,2026-04-20,710.1400146484375,-0.0,0.0002,-0.0034,0.1465,51.82,BULLISH,SELL,0.0,N/A,N/A,N/A,N/A
2026-04-18 13:39:06,SPY,PUT,694.0,2026-04-20,710.1400146484375,-0.001,0.0006,-0.0076,0.1411,51.82,BULLISH,SELL,0.0,N/A,N/A,N/A,N/A
2026-04-18 13:39:06,SPY,PUT,695.0,2026-04-20,710.1400146484375,-0.001,0.0008,-0.0108,0.1377,51.82,BULLISH,SELL,0.0,N/A,N/A,N/A,N/A
2026-04-18 13:39:06,SPY,PUT,697.0,2026-04-20,710.1400146484375,-0.003,0.0018,-0.0208,0.1301,51.82,BULLISH,SELL,0.0,N/A,N/A,N/A,N/A
2026-04-18 13:39:06,SPY,PUT,699.0,2026-04-20,710.1400146484375,-0.006,0.0039,-0.0398,0.1223,51.82,BULLISH,SELL,0.0,N/A,N/A,N/A,N/A
2026-04-18 13:39:06,SPY,PUT,700.0,2026-04-20,710.1400146484375,-0.01,0.0061,-0.0589,0.1196,51.82,BULLISH,SELL,0.0,N/A,N/A,N/A,N/A
2026-04-18 13:39:06,SPY,PUT,705.0,2026-04-20,710.1400146484375,-0.083,0.0402,-0.2817,0.1022,51.82,BULLISH,SELL,0.0,N/A,N/A,N/A,N/A
2026-04-18 13:39:06,SPY,PUT,710.0,2026-04-20,710.1400146484375,-0.469,0.1255,-0.5846,0.0853,51.82,BULLISH,SELL,0.0,N/A,N/A,N/A,N/A
2026-04-18 13:39:06,SPY,PUT,725.0,2026-04-20,710.1400146484375,-0.961,0.0103,-0.2565,0.2228,51.82,BULLISH,SELL,0.0,N/A,N/A,N/A,N/A
2026-04-18 13:39:06,SPY,PUT,730.0,2026-04-20,710.1400146484375,-0.974,0.0061,-0.208,0.2695,51.82,BULLISH,SELL,0.0,N/A,N/A,N/A,N/A
2026-04-18 13:42:07,SPY,CALL,675.0,2026-04-20,710.1400146484375,0.998,0.0006,-0.1378,0.3438,51.82,BULLISH,BUY,99.8,N/A,N/A,N/A,N/A
2026-04-18 13:42:07,SPY,CALL,676.0,2026-04-20,710.1400146484375,0.997,0.0006,-0.143,0.3389,51.82,BULLISH,BUY,99.7,N/A,N/A,N/A,N/A
2026-04-18 13:42:07,SPY,CALL,677.0,2026-04-20,710.1400146484375,0.997,0.0006,-0.1402,0.3276,51.82,BULLISH,BUY,99.7,N/A,N/A,N/A,N/A
2026-04-18 13:42:07,SPY,CALL,678.0,2026-04-20,710.1400146484375,0.997,0.0007,-0.1416,0.3196,51.82,BULLISH,BUY,99.7,N/A,N/A,N/A,N/A
2026-04-18 13:42:07,SPY,CALL,679.0,2026-04-20,710.1400146484375,0.997,0.0008,-0.143,0.3115,51.82,BULLISH,BUY,99.7,N/A,N/A,N/A,N/A
2026-04-18 13:42:07,SPY,CALL,680.0,2026-04-20,710.1400146484375,0.997,0.0008,-0.1446,0.3035,51.82,BULLISH,BUY,99.7,N/A,N/A,N/A,N/A
2026-04-18 13:42:07,SPY,CALL,681.0,2026-04-20,710.1400146484375,0.997,0.0009,-0.1481,0.2966,51.82,BULLISH,BUY,99.7,N/A,N/A,N/A,N/A
2026-04-18 13:42:07,SPY,CALL,682.0,2026-04-20,710.1400146484375,0.996,0.001,-0.1496,0.2883,51.82,BULLISH,BUY,99.6,N/A,N/A,N/A,N/A
2026-04-18 13:42:07,SPY,CALL,683.0,2026-04-20,710.1400146484375,0.996,0.001,-0.1492,0.2788,51.82,BULLISH,BUY,99.6,N/A,N/A,N/A,N/A
2026-04-18 13:42:07,SPY,CALL,684.0,2026-04-20,710.1400146484375,0.996,0.0012,-0.1533,0.272,51.82,BULLISH,BUY,99.6,N/A,N/A,N/A,N/A
2026-04-18 13:42:07,SPY,CALL,685.0,2026-04-20,710.1400146484375,0.995,0.0014,-0.1622,0.2673,51.82,BULLISH,BUY,99.5,N/A,N/A,N/A,N/A
2026-04-18 13:42:07,SPY,CALL,686.0,2026-04-20,710.1400146484375,0.995,0.0015,-0.1641,0.2588,51.82,BULLISH,BUY,99.5,N/A,N/A,N/A,N/A
2026-04-18 13:42:07,SPY,CALL,687.0,2026-04-20,710.1400146484375,0.995,0.0016,-0.1641,0.2493,51.82,BULLISH,BUY,99.5,N/A,N/A,N/A,N/A
2026-04-18 13:42:07,SPY,CALL,688.0,2026-04-20,710.1400146484375,0.994,0.0019,-0.1712,0.2429,51.82,BULLISH,BUY,99.4,N/A,N/A,N/A,N/A
2026-04-18 13:42:07,SPY,CALL,689.0,2026-04-20,710.1400146484375,0.994,0.002,-0.1687,0.2322,51.82,BULLISH,BUY,99.4,N/A,N/A,N/A,N/A
2026-04-18 13:42:07,SPY,CALL,690.0,2026-04-20,710.1400146484375,0.993,0.0023,-0.1743,0.2249,51.82,BULLISH,BUY,99.3,N/A,N/A,N/A,N/A
2026-04-18 13:42:07,SPY,CALL,691.0,2026-04-20,710.1400146484375,0.992,0.0028,-0.1854,0.2192,51.82,BULLISH,BUY,99.2,N/A,N/A,N/A,N/A
2026-04-18 13:42:07,SPY,CALL,692.0,2026-04-20,710.1400146484375,0.991,0.0032,-0.1916,0.2114,51.82,BULLISH,BUY,99.1,N/A,N/A,N/A,N/A
2026-04-18 13:42:07,SPY,CALL,693.0,2026-04-20,710.1400146484375,0.99,0.0036,-0.1981,0.2035,51.82,BULLISH,BUY,99.0,N/A,N/A,N/A,N/A
2026-04-18 13:42:07,SPY,CALL,694.0,2026-04-20,710.1400146484375,0.988,0.0043,-0.2081,0.1963,51.82,BULLISH,BUY,98.8,N/A,N/A,N/A,N/A
2026-04-18 13:42:07,SPY,CALL,695.0,2026-04-20,710.1400146484375,0.987,0.0047,-0.2065,0.1856,51.82,BULLISH,BUY,98.7,N/A,N/A,N/A,N/A
2026-04-18 13:42:07,SPY,CALL,696.0,2026-04-20,710.1400146484375,0.984,0.006,-0.2307,0.1814,51.82,BULLISH,BUY,98.4,N/A,N/A,N/A,N/A
2026-04-18 13:42:07,SPY,CALL,697.0,2026-04-20,710.1400146484375,0.981,0.0073,-0.2469,0.1744,51.82,BULLISH,BUY,98.1,N/A,N/A,N/A,N/A
2026-04-18 13:42:07,SPY,CALL,698.0,2026-04-20,710.1400146484375,0.977,0.0089,-0.2646,0.1672,51.82,BULLISH,BUY,97.7,N/A,N/A,N/A,N/A
2026-04-18 13:42:07,SPY,CALL,699.0,2026-04-20,710.1400146484375,0.971,0.011,-0.2906,0.161,51.82,BULLISH,BUY,97.1,N/A,N/A,N/A,N/A
2026-04-18 13:42:07,SPY,CALL,700.0,2026-04-20,710.1400146484375,0.965,0.0135,-0.3107,0.1531,51.82,BULLISH,BUY,96.5,N/A,N/A,N/A,N/A
2026-04-18 13:42:07,SPY,CALL,705.0,2026-04-20,710.1400146484375,0.882,0.0445,-0.5267,0.1199,51.82,BULLISH,BUY,88.2,N/A,N/A,N/A,N/A
2026-04-18 13:42:07,SPY,CALL,710.0,2026-04-20,710.1400146484375,0.527,0.1101,-0.7708,0.0973,51.82,BULLISH,BUY,52.7,N/A,N/A,N/A,N/A
2026-04-18 13:42:07,SPY,CALL,715.0,2026-04-20,710.1400146484375,0.062,0.0397,-0.1943,0.0829,51.82,BULLISH,HOLD,0.0,N/A,N/A,N/A,N/A
2026-04-18 13:42:07,SPY,CALL,720.0,2026-04-20,710.1400146484375,0.001,0.0011,-0.0058,0.085,51.82,BULLISH,HOLD,0.0,N/A,N/A,N/A,N/A
2026-04-18 13:42:07,SPY,CALL,725.0,2026-04-20,710.1400146484375,0.0,0.0001,-0.0005,0.1025,51.82,BULLISH,HOLD,0.0,N/A,N/A,N/A,N/A
2026-04-18 13:42:07,SPY,CALL,730.0,2026-04-20,710.1400146484375,0.0,0.0,-0.0001,0.125,51.82,BULLISH,HOLD,0.0,N/A,N/A,N/A,N/A
2026-04-18 13:42:07,SPY,CALL,735.0,2026-04-20,710.1400146484375,0.0,0.0,-0.0001,0.1524,51.82,BULLISH,HOLD,0.0,N/A,N/A,N/A,N/A
2026-04-18 13:42:07,SPY,CALL,740.0,2026-04-20,710.1400146484375,0.0,0.0,-0.0,0.1641,51.82,BULLISH,HOLD,0.0,N/A,N/A,N/A,N/A
2026-04-18 13:42:07,SPY,CALL,745.0,2026-04-20,710.1400146484375,0.0,0.0,-0.0,0.1914,51.82,BULLISH,HOLD,0.0,N/A,N/A,N/A,N/A
2026-04-18 13:42:07,SPY,PUT,675.0,2026-04-20,710.1400146484375,-0.0,0.0,-0.0002,0.2256,51.82,BULLISH,SELL,0.0,N/A,N/A,N/A,N/A
2026-04-18 13:42:07,SPY,PUT,676.0,2026-04-20,710.1400146484375,-0.0,0.0,-0.0002,0.2197,51.82,BULLISH,SELL,0.0,N/A,N/A,N/A,N/A
2026-04-18 13:42:07,SPY,PUT,677.0,2026-04-20,710.1400146484375,-0.0,0.0,-0.0002,0.2139,51.82,BULLISH,SELL,0.0,N/A,N/A,N/A,N/A
2026-04-18 13:42:07,SPY,PUT,678.0,2026-04-20,710.1400146484375,-0.0,0.0,-0.0002,0.208,51.82,BULLISH,SELL,0.0,N/A,N/A,N/A,N/A
2026-04-18 13:42:07,SPY,PUT,679.0,2026-04-20,710.1400146484375,-0.0,0.0,-0.0002,0.2022,51.82,BULLISH,SELL,0.0,N/A,N/A,N/A,N/A
2026-04-18 13:42:07,SPY,PUT,680.0,2026-04-20,710.1400146484375,-0.0,0.0,-0.0003,0.2031,51.82,BULLISH,SELL,0.0,N/A,N/A,N/A,N/A
2026-04-18 13:42:07,SPY,PUT,681.0,2026-04-20,710.1400146484375,-0.0,0.0,-0.0004,0.1973,51.82,BULLISH,SELL,0.0,N/A,N/A,N/A,N/A
2026-04-18 13:42:07,SPY,PUT,682.0,2026-04-20,710.1400146484375,-0.0,0.0,-0.0004,0.1914,51.82,BULLISH,SELL,0.0,N/A,N/A,N/A,N/A
2026-04-18 13:42:07,SPY,PUT,683.0,2026-04-20,710.1400146484375,-0.0,0.0,-0.0004,0.1856,51.82,BULLISH,SELL,0.0,N/A,N/A,N/A,N/A
2026-04-18 13:42:07,SPY,PUT,684.0,2026-04-20,710.1400146484375,-0.0,0.0,-0.0004,0.1787,51.82,BULLISH,SELL,0.0,N/A,N/A,N/A,N/A
2026-04-18 13:42:07,SPY,PUT,685.0,2026-04-20,710.1400146484375,-0.0,0.0,-0.0007,0.1777,51.82,BULLISH,SELL,0.0,N/A,N/A,N/A,N/A
2026-04-18 13:42:07,SPY,PUT,686.0,2026-04-20,710.1400146484375,-0.0,0.0,-0.0007,0.1719,51.82,BULLISH,SELL,0.0,N/A,N/A,N/A,N/A
2026-04-18 13:42:07,SPY,PUT,687.0,2026-04-20,710.1400146484375,-0.0,0.0001,-0.0011,0.1699,51.82,BULLISH,SELL,0.0,N/A,N/A,N/A,N/A
2026-04-18 13:42:07,SPY,PUT,688.0,2026-04-20,710.1400146484375,-0.0,0.0001,-0.0011,0.1631,51.82,BULLISH,SELL,0.0,N/A,N/A,N/A,N/A
2026-04-18 13:42:07,SPY,PUT,689.0,2026-04-20,710.1400146484375,-0.0,0.0001,-0.0016,0.1602,51.82,BULLISH,SELL,0.0,N/A,N/A,N/A,N/A
2026-04-18 13:42:07,SPY,PUT,690.0,2026-04-20,710.1400146484375,-0.0,0.0001,-0.0018,0.1538,51.82,BULLISH,SELL,0.0,N/A,N/A,N/A,N/A
2026-04-18 13:42:07,SPY,PUT,691.0,2026-04-20,710.1400146484375,-0.0,0.0002,-0.0025,0.1504,51.82,BULLISH,SELL,0.0,N/A,N/A,N/A,N/A
2026-04-18 13:42:07,SPY,PUT,692.0,2026-04-20,710.1400146484375,-0.0,0.0002,-0.0034,0.1465,51.82,BULLISH,SELL,0.0,N/A,N/A,N/A,N/A
2026-04-18 13:42:07,SPY,PUT,694.0,2026-04-20,710.1400146484375,-0.001,0.0006,-0.0076,0.1411,51.82,BULLISH,SELL,0.0,N/A,N/A,N/A,N/A
2026-04-18 13:42:07,SPY,PUT,695.0,2026-04-20,710.1400146484375,-0.001,0.0008,-0.0108,0.1377,51.82,BULLISH,SELL,0.0,N/A,N/A,N/A,N/A
2026-04-18 13:42:07,SPY,PUT,697.0,2026-04-20,710.1400146484375,-0.003,0.0018,-0.0208,0.1301,51.82,BULLISH,SELL,0.0,N/A,N/A,N/A,N/A
2026-04-18 13:42:07,SPY,PUT,699.0,2026-04-20,710.1400146484375,-0.006,0.0039,-0.0398,0.1223,51.82,BULLISH,SELL,0.0,N/A,N/A,N/A,N/A
2026-04-18 13:42:07,SPY,PUT,700.0,2026-04-20,710.1400146484375,-0.01,0.0061,-0.0589,0.1196,51.82,BULLISH,SELL,0.0,N/A,N/A,N/A,N/A
2026-04-18 13:42:07,SPY,PUT,705.0,2026-04-20,710.1400146484375,-0.083,0.0402,-0.2817,0.1022,51.82,BULLISH,SELL,0.0,N/A,N/A,N/A,N/A
2026-04-18 13:42:07,SPY,PUT,710.0,2026-04-20,710.1400146484375,-0.469,0.1255,-0.5846,0.0853,51.82,BULLISH,SELL,0.0,N/A,N/A,N/A,N/A
2026-04-18 13:42:07,SPY,PUT,725.0,2026-04-20,710.1400146484375,-0.961,0.0103,-0.2565,0.2228,51.82,BULLISH,SELL,0.0,N/A,N/A,N/A,N/A
2026-04-18 13:42:07,SPY,PUT,730.0,2026-04-20,710.1400146484375,-0.974,0.0061,-0.208,0.2695,51.82,BULLISH,SELL,0.0,N/A,N/A,N/A,N/A
2026-04-18 14:21:30,SPY,CALL,675.0,2026-04-20,710.1400146484375,0.998,0.0006,-0.1378,0.3438,51.82,BULLISH,BUY,99.8,N/A,N/A,N/A,N/A
2026-04-18 14:21:30,SPY,CALL,676.0,2026-04-20,710.1400146484375,0.997,0.0006,-0.143,0.3389,51.82,BULLISH,BUY,99.7,N/A,N/A,N/A,N/A
2026-04-18 14:21:30,SPY,CALL,677.0,2026-04-20,710.1400146484375,0.997,0.0006,-0.1402,0.3276,51.82,BULLISH,BUY,99.7,N/A,N/A,N/A,N/A
2026-04-18 14:21:30,SPY,CALL,678.0,2026-04-20,710.1400146484375,0.997,0.0007,-0.1416,0.3196,51.82,BULLISH,BUY,99.7,N/A,N/A,N/A,N/A
2026-04-18 14:21:30,SPY,CALL,679.0,2026-04-20,710.1400146484375,0.997,0.0008,-0.143,0.3115,51.82,BULLISH,BUY,99.7,N/A,N/A,N/A,N/A
2026-04-18 14:21:30,SPY,CALL,680.0,2026-04-20,710.1400146484375,0.997,0.0008,-0.1446,0.3035,51.82,BULLISH,BUY,99.7,N/A,N/A,N/A,N/A
2026-04-18 14:21:30,SPY,CALL,681.0,2026-04-20,710.1400146484375,0.997,0.0009,-0.1481,0.2966,51.82,BULLISH,BUY,99.7,N/A,N/A,N/A,N/A
2026-04-18 14:21:30,SPY,CALL,682.0,2026-04-20,710.1400146484375,0.996,0.001,-0.1496,0.2883,51.82,BULLISH,BUY,99.6,N/A,N/A,N/A,N/A
2026-04-18 14:21:30,SPY,CALL,683.0,2026-04-20,710.1400146484375,0.996,0.001,-0.1492,0.2788,51.82,BULLISH,BUY,99.6,N/A,N/A,N/A,N/A
2026-04-18 14:21:30,SPY,CALL,684.0,2026-04-20,710.1400146484375,0.996,0.0012,-0.1533,0.272,51.82,BULLISH,BUY,99.6,N/A,N/A,N/A,N/A
2026-04-18 14:21:30,SPY,CALL,685.0,2026-04-20,710.1400146484375,0.995,0.0014,-0.1622,0.2673,51.82,BULLISH,BUY,99.5,N/A,N/A,N/A,N/A
2026-04-18 14:21:30,SPY,CALL,686.0,2026-04-20,710.1400146484375,0.995,0.0015,-0.1641,0.2588,51.82,BULLISH,BUY,99.5,N/A,N/A,N/A,N/A
2026-04-18 14:21:30,SPY,CALL,687.0,2026-04-20,710.1400146484375,0.995,0.0016,-0.1641,0.2493,51.82,BULLISH,BUY,99.5,N/A,N/A,N/A,N/A
2026-04-18 14:21:30,SPY,CALL,688.0,2026-04-20,710.1400146484375,0.994,0.0019,-0.1712,0.2429,51.82,BULLISH,BUY,99.4,N/A,N/A,N/A,N/A
2026-04-18 14:21:30,SPY,CALL,689.0,2026-04-20,710.1400146484375,0.994,0.002,-0.1687,0.2322,51.82,BULLISH,BUY,99.4,N/A,N/A,N/A,N/A
2026-04-18 14:21:30,SPY,CALL,690.0,2026-04-20,710.1400146484375,0.993,0.0023,-0.1743,0.2249,51.82,BULLISH,BUY,99.3,N/A,N/A,N/A,N/A
2026-04-18 14:21:30,SPY,CALL,691.0,2026-04-20,710.1400146484375,0.992,0.0028,-0.1854,0.2192,51.82,BULLISH,BUY,99.2,N/A,N/A,N/A,N/A
2026-04-18 14:21:30,SPY,CALL,692.0,2026-04-20,710.1400146484375,0.991,0.0032,-0.1916,0.2114,51.82,BULLISH,BUY,99.1,N/A,N/A,N/A,N/A
2026-04-18 14:21:30,SPY,CALL,693.0,2026-04-20,710.1400146484375,0.99,0.0036,-0.1981,0.2035,51.82,BULLISH,BUY,99.0,N/A,N/A,N/A,N/A
2026-04-18 14:21:30,SPY,CALL,694.0,2026-04-20,710.1400146484375,0.988,0.0043,-0.2081,0.1963,51.82,BULLISH,BUY,98.8,N/A,N/A,N/A,N/A
2026-04-18 14:21:30,SPY,CALL,695.0,2026-04-20,710.1400146484375,0.987,0.0047,-0.2065,0.1856,51.82,BULLISH,BUY,98.7,N/A,N/A,N/A,N/A
2026-04-18 14:21:30,SPY,CALL,696.0,2026-04-20,710.1400146484375,0.984,0.006,-0.2307,0.1814,51.82,BULLISH,BUY,98.4,N/A,N/A,N/A,N/A
2026-04-18 14:21:30,SPY,CALL,697.0,2026-04-20,710.1400146484375,0.981,0.0073,-0.2469,0.1744,51.82,BULLISH,BUY,98.1,N/A,N/A,N/A,N/A
2026-04-18 14:21:30,SPY,CALL,698.0,2026-04-20,710.1400146484375,0.977,0.0089,-0.2646,0.1672,51.82,BULLISH,BUY,97.7,N/A,N/A,N/A,N/A
2026-04-18 14:21:30,SPY,CALL,699.0,2026-04-20,710.1400146484375,0.971,0.011,-0.2906,0.161,51.82,BULLISH,BUY,97.1,N/A,N/A,N/A,N/A
2026-04-18 14:21:30,SPY,CALL,700.0,2026-04-20,710.1400146484375,0.965,0.0135,-0.3107,0.1531,51.82,BULLISH,BUY,96.5,N/A,N/A,N/A,N/A
2026-04-18 14:21:30,SPY,CALL,705.0,2026-04-20,710.1400146484375,0.882,0.0445,-0.5267,0.1199,51.82,BULLISH,BUY,88.2,N/A,N/A,N/A,N/A
2026-04-18 14:21:30,SPY,CALL,710.0,2026-04-20,710.1400146484375,0.527,0.1101,-0.7708,0.0973,51.82,BULLISH,BUY,52.7,N/A,N/A,N/A,N/A
2026-04-18 14:21:30,SPY,CALL,715.0,2026-04-20,710.1400146484375,0.062,0.0397,-0.1943,0.0829,51.82,BULLISH,HOLD,0.0,N/A,N/A,N/A,N/A
2026-04-18 14:21:30,SPY,CALL,720.0,2026-04-20,710.1400146484375,0.001,0.0011,-0.0058,0.085,51.82,BULLISH,HOLD,0.0,N/A,N/A,N/A,N/A
2026-04-18 14:21:30,SPY,CALL,725.0,2026-04-20,710.1400146484375,0.0,0.0001,-0.0005,0.1025,51.82,BULLISH,HOLD,0.0,N/A,N/A,N/A,N/A
2026-04-18 14:21:30,SPY,CALL,730.0,2026-04-20,710.1400146484375,0.0,0.0,-0.0001,0.125,51.82,BULLISH,HOLD,0.0,N/A,N/A,N/A,N/A
2026-04-18 14:21:30,SPY,CALL,735.0,2026-04-20,710.1400146484375,0.0,0.0,-0.0001,0.1524,51.82,BULLISH,HOLD,0.0,N/A,N/A,N/A,N/A
2026-04-18 14:21:30,SPY,CALL,740.0,2026-04-20,710.1400146484375,0.0,0.0,-0.0,0.1641,51.82,BULLISH,HOLD,0.0,N/A,N/A,N/A,N/A
2026-04-18 14:21:30,SPY,CALL,745.0,2026-04-20,710.1400146484375,0.0,0.0,-0.0,0.1914,51.82,BULLISH,HOLD,0.0,N/A,N/A,N/A,N/A
2026-04-18 14:21:30,SPY,PUT,675.0,2026-04-20,710.1400146484375,-0.0,0.0,-0.0002,0.2256,51.82,BULLISH,SELL,0.0,N/A,N/A,N/A,N/A
2026-04-18 14:21:30,SPY,PUT,676.0,2026-04-20,710.1400146484375,-0.0,0.0,-0.0002,0.2197,51.82,BULLISH,SELL,0.0,N/A,N/A,N/A,N/A
2026-04-18 14:21:30,SPY,PUT,677.0,2026-04-20,710.1400146484375,-0.0,0.0,-0.0002,0.2139,51.82,BULLISH,SELL,0.0,N/A,N/A,N/A,N/A
2026-04-18 14:21:30,SPY,PUT,678.0,2026-04-20,710.1400146484375,-0.0,0.0,-0.0002,0.208,51.82,BULLISH,SELL,0.0,N/A,N/A,N/A,N/A
2026-04-18 14:21:30,SPY,PUT,679.0,2026-04-20,710.1400146484375,-0.0,0.0,-0.0002,0.2022,51.82,BULLISH,SELL,0.0,N/A,N/A,N/A,N/A
2026-04-18 14:21:30,SPY,PUT,680.0,2026-04-20,710.1400146484375,-0.0,0.0,-0.0003,0.2031,51.82,BULLISH,SELL,0.0,N/A,N/A,N/A,N/A
2026-04-18 14:21:30,SPY,PUT,681.0,2026-04-20,710.1400146484375,-0.0,0.0,-0.0004,0.1973,51.82,BULLISH,SELL,0.0,N/A,N/A,N/A,N/A
2026-04-18 14:21:30,SPY,PUT,682.0,2026-04-20,710.1400146484375,-0.0,0.0,-0.0004,0.1914,51.82,BULLISH,SELL,0.0,N/A,N/A,N/A,N/A
2026-04-18 14:21:30,SPY,PUT,683.0,2026-04-20,710.1400146484375,-0.0,0.0,-0.0004,0.1856,51.82,BULLISH,SELL,0.0,N/A,N/A,N/A,N/A
2026-04-18 14:21:30,SPY,PUT,684.0,2026-04-20,710.1400146484375,-0.0,0.0,-0.0004,0.1787,51.82,BULLISH,SELL,0.0,N/A,N/A,N/A,N/A
2026-04-18 14:21:30,SPY,PUT,685.0,2026-04-20,710.1400146484375,-0.0,0.0,-0.0007,0.1777,51.82,BULLISH,SELL,0.0,N/A,N/A,N/A,N/A
2026-04-18 14:21:30,SPY,PUT,686.0,2026-04-20,710.1400146484375,-0.0,0.0,-0.0007,0.1719,51.82,BULLISH,SELL,0.0,N/A,N/A,N/A,N/A
2026-04-18 14:21:30,SPY,PUT,687.0,2026-04-20,710.1400146484375,-0.0,0.0001,-0.0011,0.1699,51.82,BULLISH,SELL,0.0,N/A,N/A,N/A,N/A
2026-04-18 14:21:30,SPY,PUT,688.0,2026-04-20,710.1400146484375,-0.0,0.0001,-0.0011,0.1631,51.82,BULLISH,SELL,0.0,N/A,N/A,N/A,N/A
2026-04-18 14:21:30,SPY,PUT,689.0,2026-04-20,710.1400146484375,-0.0,0.0001,-0.0016,0.1602,51.82,BULLISH,SELL,0.0,N/A,N/A,N/A,N/A
2026-04-18 14:21:30,SPY,PUT,690.0,2026-04-20,710.1400146484375,-0.0,0.0001,-0.0018,0.1538,51.82,BULLISH,SELL,0.0,N/A,N/A,N/A,N/A
2026-04-18 14:21:30,SPY,PUT,691.0,2026-04-20,710.1400146484375,-0.0,0.0002,-0.0025,0.1504,51.82,BULLISH,SELL,0.0,N/A,N/A,N/A,N/A
2026-04-18 14:21:30,SPY,PUT,692.0,2026-04-20,710.1400146484375,-0.0,0.0002,-0.0034,0.1465,51.82,BULLISH,SELL,0.0,N/A,N/A,N/A,N/A
2026-04-18 14:21:30,SPY,PUT,694.0,2026-04-20,710.1400146484375,-0.001,0.0006,-0.0076,0.1411,51.82,BULLISH,SELL,0.0,N/A,N/A,N/A,N/A
2026-04-18 14:21:30,SPY,PUT,695.0,2026-04-20,710.1400146484375,-0.001,0.0008,-0.0108,0.1377,51.82,BULLISH,SELL,0.0,N/A,N/A,N/A,N/A
2026-04-18 14:21:30,SPY,PUT,697.0,2026-04-20,710.1400146484375,-0.003,0.0018,-0.0208,0.1301,51.82,BULLISH,SELL,0.0,N/A,N/A,N/A,N/A
2026-04-18 14:21:30,SPY,PUT,699.0,2026-04-20,710.1400146484375,-0.006,0.0039,-0.0398,0.1223,51.82,BULLISH,SELL,0.0,N/A,N/A,N/A,N/A
2026-04-18 14:21:30,SPY,PUT,700.0,2026-04-20,710.1400146484375,-0.01,0.0061,-0.0589,0.1196,51.82,BULLISH,SELL,0.0,N/A,N/A,N/A,N/A
2026-04-18 14:21:30,SPY,PUT,705.0,2026-04-20,710.1400146484375,-0.083,0.0402,-0.2817,0.1022,51.82,BULLISH,SELL,0.0,N/A,N/A,N/A,N/A
2026-04-18 14:21:30,SPY,PUT,710.0,2026-04-20,710.1400146484375,-0.469,0.1255,-0.5846,0.0853,51.82,BULLISH,SELL,0.0,N/A,N/A,N/A,N/A
2026-04-18 14:21:30,SPY,PUT,725.0,2026-04-20,710.1400146484375,-0.961,0.0103,-0.2565,0.2228,51.82,BULLISH,SELL,0.0,N/A,N/A,N/A,N/A
2026-04-18 14:21:30,SPY,PUT,730.0,2026-04-20,710.1400146484375,-0.974,0.0061,-0.208,0.2695,51.82,BULLISH,SELL,0.0,N/A,N/A,N/A,N/A
2026-04-18 14:24:32,SPY,CALL,675.0,2026-04-20,710.1400146484375,0.998,0.0006,-0.1378,0.3438,51.82,BULLISH,BUY,99.8,N/A,N/A,N/A,N/A
2026-04-18 14:24:32,SPY,CALL,676.0,2026-04-20,710.1400146484375,0.997,0.0006,-0.143,0.3389,51.82,BULLISH,BUY,99.7,N/A,N/A,N/A,N/A
2026-04-18 14:24:32,SPY,CALL,677.0,2026-04-20,710.1400146484375,0.997,0.0006,-0.1402,0.3276,51.82,BULLISH,BUY,99.7,N/A,N/A,N/A,N/A
2026-04-18 14:24:32,SPY,CALL,678.0,2026-04-20,710.1400146484375,0.997,0.0007,-0.1416,0.3196,51.82,BULLISH,BUY,99.7,N/A,N/A,N/A,N/A
2026-04-18 14:24:32,SPY,CALL,679.0,2026-04-20,710.1400146484375,0.997,0.0008,-0.143,0.3115,51.82,BULLISH,BUY,99.7,N/A,N/A,N/A,N/A
2026-04-18 14:24:32,SPY,CALL,680.0,2026-04-20,710.1400146484375,0.997,0.0008,-0.1446,0.3035,51.82,BULLISH,BUY,99.7,N/A,N/A,N/A,N/A
2026-04-18 14:24:32,SPY,CALL,681.0,2026-04-20,710.1400146484375,0.997,0.0009,-0.1481,0.2966,51.82,BULLISH,BUY,99.7,N/A,N/A,N/A,N/A
2026-04-18 14:24:32,SPY,CALL,682.0,2026-04-20,710.1400146484375,0.996,0.001,-0.1496,0.2883,51.82,BULLISH,BUY,99.6,N/A,N/A,N/A,N/A
2026-04-18 14:24:32,SPY,CALL,683.0,2026-04-20,710.1400146484375,0.996,0.001,-0.1492,0.2788,51.82,BULLISH,BUY,99.6,N/A,N/A,N/A,N/A
2026-04-18 14:24:32,SPY,CALL,684.0,2026-04-20,710.1400146484375,0.996,0.0012,-0.1533,0.272,51.82,BULLISH,BUY,99.6,N/A,N/A,N/A,N/A
2026-04-18 14:24:32,SPY,CALL,685.0,2026-04-20,710.1400146484375,0.995,0.0014,-0.1622,0.2673,51.82,BULLISH,BUY,99.5,N/A,N/A,N/A,N/A
2026-04-18 14:24:32,SPY,CALL,686.0,2026-04-20,710.1400146484375,0.995,0.0015,-0.1641,0.2588,51.82,BULLISH,BUY,99.5,N/A,N/A,N/A,N/A
2026-04-18 14:24:32,SPY,CALL,687.0,2026-04-20,710.1400146484375,0.995,0.0016,-0.1641,0.2493,51.82,BULLISH,BUY,99.5,N/A,N/A,N/A,N/A
2026-04-18 14:24:32,SPY,CALL,688.0,2026-04-20,710.1400146484375,0.994,0.0019,-0.1712,0.2429,51.82,BULLISH,BUY,99.4,N/A,N/A,N/A,N/A
2026-04-18 14:24:32,SPY,CALL,689.0,2026-04-20,710.1400146484375,0.994,0.002,-0.1687,0.2322,51.82,BULLISH,BUY,99.4,N/A,N/A,N/A,N/A
2026-04-18 14:24:32,SPY,CALL,690.0,2026-04-20,710.1400146484375,0.993,0.0023,-0.1743,0.2249,51.82,BULLISH,BUY,99.3,N/A,N/A,N/A,N/A
2026-04-18 14:24:32,SPY,CALL,691.0,2026-04-20,710.1400146484375,0.992,0.0028,-0.1854,0.2192,51.82,BULLISH,BUY,99.2,N/A,N/A,N/A,N/A
2026-04-18 14:24:32,SPY,CALL,692.0,2026-04-20,710.1400146484375,0.991,0.0032,-0.1916,0.2114,51.82,BULLISH,BUY,99.1,N/A,N/A,N/A,N/A
2026-04-18 14:24:32,SPY,CALL,693.0,2026-04-20,710.1400146484375,0.99,0.0036,-0.1981,0.2035,51.82,BULLISH,BUY,99.0,N/A,N/A,N/A,N/A
2026-04-18 14:24:32,SPY,CALL,694.0,2026-04-20,710.1400146484375,0.988,0.0043,-0.2081,0.1963,51.82,BULLISH,BUY,98.8,N/A,N/A,N/A,N/A
2026-04-18 14:24:32,SPY,CALL,695.0,2026-04-20,710.1400146484375,0.987,0.0047,-0.2065,0.1856,51.82,BULLISH,BUY,98.7,N/A,N/A,N/A,N/A
2026-04-18 14:24:32,SPY,CALL,696.0,2026-04-20,710.1400146484375,0.984,0.006,-0.2307,0.1814,51.82,BULLISH,BUY,98.4,N/A,N/A,N/A,N/A
2026-04-18 14:24:32,SPY,CALL,697.0,2026-04-20,710.1400146484375,0.981,0.0073,-0.2469,0.1744,51.82,BULLISH,BUY,98.1,N/A,N/A,N/A,N/A
2026-04-18 14:24:32,SPY,CALL,698.0,2026-04-20,710.1400146484375,0.977,0.0089,-0.2646,0.1672,51.82,BULLISH,BUY,97.7,N/A,N/A,N/A,N/A
2026-04-18 14:24:32,SPY,CALL,699.0,2026-04-20,710.1400146484375,0.971,0.011,-0.2906,0.161,51.82,BULLISH,BUY,97.1,N/A,N/A,N/A,N/A
2026-04-18 14:24:32,SPY,CALL,700.0,2026-04-20,710.1400146484375,0.965,0.0135,-0.3107,0.1531,51.82,BULLISH,BUY,96.5,N/A,N/A,N/A,N/A
2026-04-18 14:24:32,SPY,CALL,705.0,2026-04-20,710.1400146484375,0.882,0.0445,-0.5267,0.1199,51.82,BULLISH,BUY,88.2,N/A,N/A,N/A,N/A
2026-04-18 14:24:32,SPY,CALL,710.0,2026-04-20,710.1400146484375,0.527,0.1101,-0.7708,0.0973,51.82,BULLISH,BUY,52.7,N/A,N/A,N/A,N/A
2026-04-18 14:24:32,SPY,CALL,715.0,2026-04-20,710.1400146484375,0.062,0.0397,-0.1943,0.0829,51.82,BULLISH,HOLD,0.0,N/A,N/A,N/A,N/A
2026-04-18 14:24:32,SPY,CALL,720.0,2026-04-20,710.1400146484375,0.001,0.0011,-0.0058,0.085,51.82,BULLISH,HOLD,0.0,N/A,N/A,N/A,N/A
2026-04-18 14:24:32,SPY,CALL,725.0,2026-04-20,710.1400146484375,0.0,0.0001,-0.0005,0.1025,51.82,BULLISH,HOLD,0.0,N/A,N/A,N/A,N/A
2026-04-18 14:24:32,SPY,CALL,730.0,2026-04-20,710.1400146484375,0.0,0.0,-0.0001,0.125,51.82,BULLISH,HOLD,0.0,N/A,N/A,N/A,N/A
2026-04-18 14:24:32,SPY,CALL,735.0,2026-04-20,710.1400146484375,0.0,0.0,-0.0001,0.1524,51.82,BULLISH,HOLD,0.0,N/A,N/A,N/A,N/A
2026-04-18 14:24:32,SPY,CALL,740.0,2026-04-20,710.1400146484375,0.0,0.0,-0.0,0.1641,51.82,BULLISH,HOLD,0.0,N/A,N/A,N/A,N/A
2026-04-18 14:24:32,SPY,CALL,745.0,2026-04-20,710.1400146484375,0.0,0.0,-0.0,0.1914,51.82,BULLISH,HOLD,0.0,N/A,N/A,N/A,N/A
2026-04-18 14:24:32,SPY,PUT,675.0,2026-04-20,710.1400146484375,-0.0,0.0,-0.0002,0.2256,51.82,BULLISH,SELL,0.0,N/A,N/A,N/A,N/A
2026-04-18 14:24:32,SPY,PUT,676.0,2026-04-20,710.1400146484375,-0.0,0.0,-0.0002,0.2197,51.82,BULLISH,SELL,0.0,N/A,N/A,N/A,N/A
2026-04-18 14:24:32,SPY,PUT,677.0,2026-04-20,710.1400146484375,-0.0,0.0,-0.0002,0.2139,51.82,BULLISH,SELL,0.0,N/A,N/A,N/A,N/A
2026-04-18 14:24:32,SPY,PUT,678.0,2026-04-20,710.1400146484375,-0.0,0.0,-0.0002,0.208,51.82,BULLISH,SELL,0.0,N/A,N/A,N/A,N/A
2026-04-18 14:24:32,SPY,PUT,679.0,2026-04-20,710.1400146484375,-0.0,0.0,-0.0002,0.2022,51.82,BULLISH,SELL,0.0,N/A,N/A,N/A,N/A
2026-04-18 14:24:32,SPY,PUT,680.0,2026-04-20,710.1400146484375,-0.0,0.0,-0.0003,0.2031,51.82,BULLISH,SELL,0.0,N/A,N/A,N/A,N/A
2026-04-18 14:24:32,SPY,PUT,681.0,2026-04-20,710.1400146484375,-0.0,0.0,-0.0004,0.1973,51.82,BULLISH,SELL,0.0,N/A,N/A,N/A,N/A
2026-04-18 14:24:32,SPY,PUT,682.0,2026-04-20,710.1400146484375,-0.0,0.0,-0.0004,0.1914,51.82,BULLISH,SELL,0.0,N/A,N/A,N/A,N/A
2026-04-18 14:24:32,SPY,PUT,683.0,2026-04-20,710.1400146484375,-0.0,0.0,-0.0004,0.1856,51.82,BULLISH,SELL,0.0,N/A,N/A,N/A,N/A
2026-04-18 14:24:32,SPY,PUT,684.0,2026-04-20,710.1400146484375,-0.0,0.0,-0.0004,0.1787,51.82,BULLISH,SELL,0.0,N/A,N/A,N/A,N/A
2026-04-18 14:24:32,SPY,PUT,685.0,2026-04-20,710.1400146484375,-0.0,0.0,-0.0007,0.1777,51.82,BULLISH,SELL,0.0,N/A,N/A,N/A,N/A
2026-04-18 14:24:32,SPY,PUT,686.0,2026-04-20,710.1400146484375,-0.0,0.0,-0.0007,0.1719,51.82,BULLISH,SELL,0.0,N/A,N/A,N/A,N/A
2026-04-18 14:24:32,SPY,PUT,687.0,2026-04-20,710.1400146484375,-0.0,0.0001,-0.0011,0.1699,51.82,BULLISH,SELL,0.0,N/A,N/A,N/A,N/A
2026-04-18 14:24:32,SPY,PUT,688.0,2026-04-20,710.1400146484375,-0.0,0.0001,-0.0011,0.1631,51.82,BULLISH,SELL,0.0,N/A,N/A,N/A,N/A
2026-04-18 14:24:32,SPY,PUT,689.0,2026-04-20,710.1400146484375,-0.0,0.0001,-0.0016,0.1602,51.82,BULLISH,SELL,0.0,N/A,N/A,N/A,N/A
2026-04-18 14:24:32,SPY,PUT,690.0,2026-04-20,710.1400146484375,-0.0,0.0001,-0.0018,0.1538,51.82,BULLISH,SELL,0.0,N/A,N/A,N/A,N/A
2026-04-18 14:24:32,SPY,PUT,691.0,2026-04-20,710.1400146484375,-0.0,0.0002,-0.0025,0.1504,51.82,BULLISH,SELL,0.0,N/A,N/A,N/A,N/A
2026-04-18 14:24:32,SPY,PUT,692.0,2026-04-20,710.1400146484375,-0.0,0.0002,-0.0034,0.1465,51.82,BULLISH,SELL,0.0,N/A,N/A,N/A,N/A
2026-04-18 14:24:32,SPY,PUT,694.0,2026-04-20,710.1400146484375,-0.001,0.0006,-0.0076,0.1411,51.82,BULLISH,SELL,0.0,N/A,N/A,N/A,N/A
2026-04-18 14:24:32,SPY,PUT,695.0,2026-04-20,710.1400146484375,-0.001,0.0008,-0.0108,0.1377,51.82,BULLISH,SELL,0.0,N/A,N/A,N/A,N/A
2026-04-18 14:24:32,SPY,PUT,697.0,2026-04-20,710.1400146484375,-0.003,0.0018,-0.0208,0.1301,51.82,BULLISH,SELL,0.0,N/A,N/A,N/A,N/A
2026-04-18 14:24:32,SPY,PUT,699.0,2026-04-20,710.1400146484375,-0.006,0.0039,-0.0398,0.1223,51.82,BULLISH,SELL,0.0,N/A,N/A,N/A,N/A
2026-04-18 14:24:32,SPY,PUT,700.0,2026-04-20,710.1400146484375,-0.01,0.0061,-0.0589,0.1196,51.82,BULLISH,SELL,0.0,N/A,N/A,N/A,N/A
2026-04-18 14:24:32,SPY,PUT,705.0,2026-04-20,710.1400146484375,-0.083,0.0402,-0.2817,0.1022,51.82,BULLISH,SELL,0.0,N/A,N/A,N/A,N/A
2026-04-18 14:24:32,SPY,PUT,710.0,2026-04-20,710.1400146484375,-0.469,0.1255,-0.5846,0.0853,51.82,BULLISH,SELL,0.0,N/A,N/A,N/A,N/A
2026-04-18 14:24:32,SPY,PUT,725.0,2026-04-20,710.1400146484375,-0.961,0.0103,-0.2565,0.2228,51.82,BULLISH,SELL,0.0,N/A,N/A,N/A,N/A
2026-04-18 14:24:32,SPY,PUT,730.0,2026-04-20,710.1400146484375,-0.974,0.0061,-0.208,0.2695,51.82,BULLISH,SELL,0.0,N/A,N/A,N/A,N/A
2026-04-20 09:57:58,SPY,CALL,675.0,2026-04-20,710.1400146484375,0.998,0.0005,-0.1916,0.5542,51.82,BULLISH,BUY,99.8,N/A,N/A,N/A,N/A
2026-04-20 09:57:58,SPY,CALL,676.0,2026-04-20,710.1400146484375,0.998,0.0005,-0.2046,0.5469,51.82,BULLISH,BUY,99.8,N/A,N/A,N/A,N/A
2026-04-20 09:57:58,SPY,CALL,677.0,2026-04-20,710.1400146484375,0.998,0.0006,-0.1993,0.5293,51.82,BULLISH,BUY,99.8,N/A,N/A,N/A,N/A
2026-04-20 09:57:58,SPY,CALL,678.0,2026-04-20,710.1400146484375,0.998,0.0006,-0.1984,0.5142,51.82,BULLISH,BUY,99.8,N/A,N/A,N/A,N/A
2026-04-20 09:57:58,SPY,CALL,679.0,2026-04-20,710.1400146484375,0.998,0.0006,-0.2013,0.501,51.82,BULLISH,BUY,99.8,N/A,N/A,N/A,N/A
2026-04-20 09:57:58,SPY,CALL,680.0,2026-04-20,710.1400146484375,0.996,0.0011,-0.3017,0.5259,51.82,BULLISH,BUY,99.6,N/A,N/A,N/A,N/A
2026-04-20 09:57:58,SPY,CALL,681.0,2026-04-20,710.1400146484375,0.995,0.0012,-0.3127,0.5137,51.82,BULLISH,BUY,99.5,N/A,N/A,N/A,N/A
2026-04-20 09:57:58,SPY,CALL,682.0,2026-04-20,710.1400146484375,0.995,0.0013,-0.3181,0.4995,51.82,BULLISH,BUY,99.5,N/A,N/A,N/A,N/A
2026-04-20 09:57:58,SPY,CALL,683.0,2026-04-20,710.1400146484375,0.995,0.0014,-0.3153,0.4829,51.82,BULLISH,BUY,99.5,N/A,N/A,N/A,N/A
2026-04-20 09:57:58,SPY,CALL,684.0,2026-04-20,710.1400146484375,0.994,0.0015,-0.3301,0.4712,51.82,BULLISH,BUY,99.4,N/A,N/A,N/A,N/A
2026-04-20 09:57:58,SPY,CALL,685.0,2026-04-20,710.1400146484375,0.993,0.0018,-0.3601,0.4629,51.82,BULLISH,BUY,99.3,N/A,N/A,N/A,N/A
2026-04-20 09:57:58,SPY,CALL,686.0,2026-04-20,710.1400146484375,0.993,0.002,-0.3665,0.4482,51.82,BULLISH,BUY,99.3,N/A,N/A,N/A,N/A
2026-04-20 09:57:58,SPY,CALL,687.0,2026-04-20,710.1400146484375,0.993,0.0021,-0.365,0.4316,51.82,BULLISH,BUY,99.3,N/A,N/A,N/A,N/A
2026-04-20 09:57:58,SPY,CALL,688.0,2026-04-20,710.1400146484375,0.992,0.0024,-0.3904,0.4209,51.82,BULLISH,BUY,99.2,N/A,N/A,N/A,N/A
2026-04-20 09:57:58,SPY,CALL,689.0,2026-04-20,710.1400146484375,0.991,0.0026,-0.3805,0.4023,51.82,BULLISH,BUY,99.1,N/A,N/A,N/A,N/A
2026-04-20 09:57:58,SPY,CALL,690.0,2026-04-20,710.1400146484375,0.991,0.0029,-0.3981,0.3894,51.82,BULLISH,BUY,99.1,N/A,N/A,N/A,N/A
2026-04-20 09:57:58,SPY,CALL,691.0,2026-04-20,710.1400146484375,0.989,0.0034,-0.4365,0.3799,51.82,BULLISH,BUY,98.9,N/A,N/A,N/A,N/A
2026-04-20 09:57:58,SPY,CALL,692.0,2026-04-20,710.1400146484375,0.988,0.0039,-0.4556,0.3662,51.82,BULLISH,BUY,98.8,N/A,N/A,N/A,N/A
2026-04-20 09:57:58,SPY,CALL,693.0,2026-04-20,710.1400146484375,0.986,0.0045,-0.477,0.3525,51.82,BULLISH,BUY,98.6,N/A,N/A,N/A,N/A
2026-04-20 09:57:58,SPY,CALL,694.0,2026-04-20,710.1400146484375,0.984,0.0052,-0.5093,0.3401,51.82,BULLISH,BUY,98.4,N/A,N/A,N/A,N/A
2026-04-20 09:57:58,SPY,CALL,695.0,2026-04-20,710.1400146484375,0.983,0.0057,-0.5007,0.3213,51.82,BULLISH,BUY,98.3,N/A,N/A,N/A,N/A
2026-04-20 09:57:58,SPY,CALL,696.0,2026-04-20,710.1400146484375,0.979,0.0072,-0.5824,0.3145,51.82,BULLISH,BUY,97.9,N/A,N/A,N/A,N/A
2026-04-20 09:57:58,SPY,CALL,697.0,2026-04-20,710.1400146484375,0.975,0.0085,-0.6322,0.3023,51.82,BULLISH,BUY,97.5,N/A,N/A,N/A,N/A
2026-04-20 09:57:58,SPY,CALL,698.0,2026-04-20,710.1400146484375,0.971,0.0102,-0.6849,0.2896,51.82,BULLISH,BUY,97.1,N/A,N/A,N/A,N/A
2026-04-20 09:57:58,SPY,CALL,699.0,2026-04-20,710.1400146484375,0.964,0.0125,-0.7653,0.2788,51.82,BULLISH,BUY,96.4,N/A,N/A,N/A,N/A
2026-04-20 09:57:58,SPY,CALL,700.0,2026-04-20,710.1400146484375,0.958,0.0151,-0.8262,0.2651,51.82,BULLISH,BUY,95.8,N/A,N/A,N/A,N/A
2026-04-20 09:57:58,SPY,CALL,701.0,2026-04-20,710.1400146484375,0.948,0.0187,-0.925,0.2539,51.82,BULLISH,BUY,94.8,N/A,N/A,N/A,N/A
2026-04-20 09:57:58,SPY,CALL,702.0,2026-04-20,710.1400146484375,0.941,0.0223,-0.9376,0.2346,51.82,BULLISH,BUY,94.1,N/A,N/A,N/A,N/A
2026-04-20 09:57:58,SPY,CALL,703.0,2026-04-20,710.1400146484375,0.924,0.0283,-1.0791,0.2249,51.82,BULLISH,BUY,92.4,N/A,N/A,N/A,N/A
2026-04-20 09:57:58,SPY,CALL,704.0,2026-04-20,710.1400146484375,0.9,0.0362,-1.2565,0.2163,51.82,BULLISH,BUY,90.0,N/A,N/A,N/A,N/A
2026-04-20 09:57:58,SPY,CALL,705.0,2026-04-20,710.1400146484375,0.868,0.0458,-1.4508,0.2078,51.82,BULLISH,BUY,86.8,N/A,N/A,N/A,N/A
2026-04-20 09:57:58,SPY,CALL,706.0,2026-04-20,710.1400146484375,0.826,0.0574,-1.6564,0.1995,51.82,BULLISH,BUY,82.6,N/A,N/A,N/A,N/A
2026-04-20 09:57:58,SPY,CALL,707.0,2026-04-20,710.1400146484375,0.771,0.0703,-1.8617,0.1918,51.82,BULLISH,BUY,77.1,N/A,N/A,N/A,N/A
2026-04-20 09:57:58,SPY,CALL,708.0,2026-04-20,710.1400146484375,0.702,0.0838,-2.0328,0.1842,51.82,BULLISH,BUY,70.2,N/A,N/A,N/A,N/A
2026-04-20 09:57:58,SPY,CALL,709.0,2026-04-20,710.1400146484375,0.618,0.096,-2.1357,0.1769,51.82,BULLISH,BUY,61.8,N/A,N/A,N/A,N/A
2026-04-20 09:57:58,SPY,CALL,710.0,2026-04-20,710.1400146484375,0.52,0.1052,-2.1168,0.1686,51.82,BULLISH,BUY,52.0,N/A,N/A,N/A,N/A
2026-04-20 09:57:58,SPY,CALL,711.0,2026-04-20,710.1400146484375,0.411,0.1069,-1.9803,0.1621,51.82,BULLISH,BUY,41.1,N/A,N/A,N/A,N/A
2026-04-20 09:57:58,SPY,CALL,712.0,2026-04-20,710.1400146484375,0.304,0.0991,-1.7191,0.1571,51.82,BULLISH,HOLD,0.0,N/A,N/A,N/A,N/A
2026-04-20 09:57:58,SPY,CALL,713.0,2026-04-20,710.1400146484375,0.205,0.0833,-1.347,0.1519,51.82,BULLISH,HOLD,0.0,N/A,N/A,N/A,N/A
2026-04-20 09:57:58,SPY,CALL,714.0,2026-04-20,710.1400146484375,0.125,0.0622,-0.9434,0.1472,51.82,BULLISH,HOLD,0.0,N/A,N/A,N/A,N/A
2026-04-20 09:57:58,SPY,CALL,715.0,2026-04-20,710.1400146484375,0.068,0.0408,-0.5881,0.1436,51.82,BULLISH,HOLD,0.0,N/A,N/A,N/A,N/A
2026-04-20 09:57:58,SPY,CALL,716.0,2026-04-20,710.1400146484375,0.035,0.0241,-0.339,0.1421,51.82,BULLISH,HOLD,0.0,N/A,N/A,N/A,N/A
2026-04-20 09:57:58,SPY,CALL,717.0,2026-04-20,710.1400146484375,0.016,0.0127,-0.1767,0.1411,51.82,BULLISH,HOLD,0.0,N/A,N/A,N/A,N/A
2026-04-20 09:57:58,SPY,CALL,718.0,2026-04-20,710.1400146484375,0.007,0.0063,-0.0883,0.1416,51.82,BULLISH,HOLD,0.0,N/A,N/A,N/A,N/A
2026-04-20 09:57:58,SPY,CALL,719.0,2026-04-20,710.1400146484375,0.003,0.0031,-0.0442,0.1436,51.82,BULLISH,HOLD,0.0,N/A,N/A,N/A,N/A
2026-04-20 09:57:58,SPY,CALL,720.0,2026-04-20,710.1400146484375,0.002,0.0015,-0.0232,0.147,51.82,BULLISH,HOLD,0.0,N/A,N/A,N/A,N/A
2026-04-20 09:57:58,SPY,CALL,721.0,2026-04-20,710.1400146484375,0.001,0.001,-0.0168,0.1553,51.82,BULLISH,HOLD,0.0,N/A,N/A,N/A,N/A
2026-04-20 09:57:58,SPY,CALL,722.0,2026-04-20,710.1400146484375,0.0,0.0005,-0.0085,0.1582,51.82,BULLISH,HOLD,0.0,N/A,N/A,N/A,N/A
2026-04-20 09:57:58,SPY,CALL,723.0,2026-04-20,710.1400146484375,0.0,0.0003,-0.0053,0.1641,51.82,BULLISH,HOLD,0.0,N/A,N/A,N/A,N/A
2026-04-20 09:57:58,SPY,CALL,724.0,2026-04-20,710.1400146484375,0.0,0.0002,-0.0046,0.1738,51.82,BULLISH,HOLD,0.0,N/A,N/A,N/A,N/A
2026-04-20 09:57:58,SPY,CALL,725.0,2026-04-20,710.1400146484375,0.0,0.0001,-0.0026,0.1777,51.82,BULLISH,HOLD,0.0,N/A,N/A,N/A,N/A
2026-04-20 09:57:58,SPY,CALL,726.0,2026-04-20,710.1400146484375,0.0,0.0001,-0.0023,0.1875,51.82,BULLISH,HOLD,0.0,N/A,N/A,N/A,N/A
2026-04-20 09:57:58,SPY,CALL,727.0,2026-04-20,710.1400146484375,0.0,0.0001,-0.0021,0.1973,51.82,BULLISH,HOLD,0.0,N/A,N/A,N/A,N/A
2026-04-20 09:57:58,SPY,CALL,728.0,2026-04-20,710.1400146484375,0.0,0.0001,-0.002,0.207,51.82,BULLISH,HOLD,0.0,N/A,N/A,N/A,N/A
2026-04-20 09:57:58,SPY,CALL,729.0,2026-04-20,710.1400146484375,0.0,0.0,-0.0009,0.207,51.82,BULLISH,HOLD,0.0,N/A,N/A,N/A,N/A
2026-04-20 09:57:58,SPY,CALL,730.0,2026-04-20,710.1400146484375,0.0,0.0,-0.0009,0.2168,51.82,BULLISH,HOLD,0.0,N/A,N/A,N/A,N/A
2026-04-20 09:57:58,SPY,CALL,731.0,2026-04-20,710.1400146484375,0.0,0.0,-0.0008,0.2266,51.82,BULLISH,HOLD,0.0,N/A,N/A,N/A,N/A
2026-04-20 09:57:58,SPY,CALL,732.0,2026-04-20,710.1400146484375,0.0,0.0,-0.0007,0.2344,51.82,BULLISH,HOLD,0.0,N/A,N/A,N/A,N/A
2026-04-20 09:57:58,SPY,CALL,733.0,2026-04-20,710.1400146484375,0.0,0.0,-0.0007,0.2441,51.82,BULLISH,HOLD,0.0,N/A,N/A,N/A,N/A
2026-04-20 09:57:58,SPY,CALL,734.0,2026-04-20,710.1400146484375,0.0,0.0,-0.0007,0.2539,51.82,BULLISH,HOLD,0.0,N/A,N/A,N/A,N/A
2026-04-20 09:57:58,SPY,CALL,735.0,2026-04-20,710.1400146484375,0.0,0.0,-0.0006,0.2617,51.82,BULLISH,HOLD,0.0,N/A,N/A,N/A,N/A
2026-04-20 09:57:58,SPY,CALL,736.0,2026-04-20,710.1400146484375,0.0,0.0,-0.0007,0.2734,51.82,BULLISH,HOLD,0.0,N/A,N/A,N/A,N/A
2026-04-20 09:57:58,SPY,CALL,737.0,2026-04-20,710.1400146484375,0.0,0.0,-0.0006,0.2813,51.82,BULLISH,HOLD,0.0,N/A,N/A,N/A,N/A
2026-04-20 09:57:58,SPY,CALL,738.0,2026-04-20,710.1400146484375,0.0,0.0,-0.0005,0.2891,51.82,BULLISH,HOLD,0.0,N/A,N/A,N/A,N/A
2026-04-20 09:57:58,SPY,CALL,739.0,2026-04-20,710.1400146484375,0.0,0.0,-0.0006,0.3008,51.82,BULLISH,HOLD,0.0,N/A,N/A,N/A,N/A
2026-04-20 09:57:58,SPY,CALL,740.0,2026-04-20,710.1400146484375,0.0,0.0,-0.0001,0.2891,51.82,BULLISH,HOLD,0.0,N/A,N/A,N/A,N/A
2026-04-20 09:57:58,SPY,CALL,745.0,2026-04-20,710.1400146484375,0.0,0.0,-0.0001,0.3281,51.82,BULLISH,HOLD,0.0,N/A,N/A,N/A,N/A
2026-04-20 09:57:58,SPY,PUT,675.0,2026-04-20,710.1400146484375,-0.0,0.0,-0.001,0.3906,51.82,BULLISH,SELL,0.0,N/A,N/A,N/A,N/A
2026-04-20 09:57:58,SPY,PUT,676.0,2026-04-20,710.1400146484375,-0.0,0.0,-0.001,0.3809,51.82,BULLISH,SELL,0.0,N/A,N/A,N/A,N/A
2026-04-20 09:57:58,SPY,PUT,677.0,2026-04-20,710.1400146484375,-0.0,0.0,-0.0011,0.3711,51.82,BULLISH,SELL,0.0,N/A,N/A,N/A,N/A
2026-04-20 09:57:58,SPY,PUT,678.0,2026-04-20,710.1400146484375,-0.0,0.0,-0.001,0.3594,51.82,BULLISH,SELL,0.0,N/A,N/A,N/A,N/A
2026-04-20 09:57:58,SPY,PUT,679.0,2026-04-20,710.1400146484375,-0.0,0.0,-0.0011,0.3496,51.82,BULLISH,SELL,0.0,N/A,N/A,N/A,N/A
2026-04-20 09:57:58,SPY,PUT,680.0,2026-04-20,710.1400146484375,-0.0,0.0,-0.0021,0.3516,51.82,BULLISH,SELL,0.0,N/A,N/A,N/A,N/A
2026-04-20 09:57:58,SPY,PUT,681.0,2026-04-20,710.1400146484375,-0.0,0.0,-0.0022,0.3418,51.82,BULLISH,SELL,0.0,N/A,N/A,N/A,N/A
2026-04-20 09:57:58,SPY,PUT,682.0,2026-04-20,710.1400146484375,-0.0,0.0,-0.0024,0.332,51.82,BULLISH,SELL,0.0,N/A,N/A,N/A,N/A
2026-04-20 09:57:58,SPY,PUT,683.0,2026-04-20,710.1400146484375,-0.0,0.0,-0.0023,0.3203,51.82,BULLISH,SELL,0.0,N/A,N/A,N/A,N/A
2026-04-20 09:57:58,SPY,PUT,684.0,2026-04-20,710.1400146484375,-0.0,0.0,-0.0025,0.3106,51.82,BULLISH,SELL,0.0,N/A,N/A,N/A,N/A
2026-04-20 09:57:58,SPY,PUT,685.0,2026-04-20,710.1400146484375,-0.0,0.0001,-0.004,0.3086,51.82,BULLISH,SELL,0.0,N/A,N/A,N/A,N/A
2026-04-20 09:57:58,SPY,PUT,686.0,2026-04-20,710.1400146484375,-0.0,0.0001,-0.004,0.2969,51.82,BULLISH,SELL,0.0,N/A,N/A,N/A,N/A
2026-04-20 09:57:58,SPY,PUT,687.0,2026-04-20,710.1400146484375,-0.0,0.0001,-0.0061,0.294,51.82,BULLISH,SELL,0.0,N/A,N/A,N/A,N/A
2026-04-20 09:57:58,SPY,PUT,688.0,2026-04-20,710.1400146484375,-0.0,0.0001,-0.0064,0.2832,51.82,BULLISH,SELL,0.0,N/A,N/A,N/A,N/A
2026-04-20 09:57:58,SPY,PUT,689.0,2026-04-20,710.1400146484375,-0.0,0.0002,-0.0087,0.2774,51.82,BULLISH,SELL,0.0,N/A,N/A,N/A,N/A
2026-04-20 09:57:58,SPY,PUT,690.0,2026-04-20,710.1400146484375,-0.0,0.0002,-0.0093,0.2666,51.82,BULLISH,SELL,0.0,N/A,N/A,N/A,N/A
2026-04-20 09:57:58,SPY,PUT,691.0,2026-04-20,710.1400146484375,-0.0,0.0003,-0.0127,0.2607,51.82,BULLISH,SELL,0.0,N/A,N/A,N/A,N/A
2026-04-20 09:57:58,SPY,PUT,692.0,2026-04-20,710.1400146484375,-0.001,0.0004,-0.0163,0.2534,51.82,BULLISH,SELL,0.0,N/A,N/A,N/A,N/A
2026-04-20 09:57:58,SPY,PUT,693.0,2026-04-20,710.1400146484375,-0.001,0.0006,-0.025,0.25,51.82,BULLISH,SELL,0.0,N/A,N/A,N/A,N/A
2026-04-20 09:57:58,SPY,PUT,694.0,2026-04-20,710.1400146484375,-0.001,0.0009,-0.035,0.2446,51.82,BULLISH,SELL,0.0,N/A,N/A,N/A,N/A
2026-04-20 09:57:58,SPY,PUT,695.0,2026-04-20,710.1400146484375,-0.002,0.0012,-0.0473,0.2383,51.82,BULLISH,SELL,0.0,N/A,N/A,N/A,N/A
2026-04-20 09:57:58,SPY,PUT,696.0,2026-04-20,710.1400146484375,-0.003,0.0017,-0.0618,0.231,51.82,BULLISH,SELL,0.0,N/A,N/A,N/A,N/A
2026-04-20 09:57:58,SPY,PUT,697.0,2026-04-20,710.1400146484375,-0.004,0.0025,-0.0856,0.2251,51.82,BULLISH,SELL,0.0,N/A,N/A,N/A,N/A
2026-04-20 09:57:58,SPY,PUT,698.0,2026-04-20,710.1400146484375,-0.006,0.0035,-0.1145,0.2183,51.82,BULLISH,SELL,0.0,N/A,N/A,N/A,N/A
2026-04-20 09:57:58,SPY,PUT,699.0,2026-04-20,710.1400146484375,-0.009,0.0051,-0.1559,0.2119,51.82,BULLISH,SELL,0.0,N/A,N/A,N/A,N/A
2026-04-20 09:57:58,SPY,PUT,700.0,2026-04-20,710.1400146484375,-0.014,0.0075,-0.2224,0.2073,51.82,BULLISH,SELL,0.0,N/A,N/A,N/A,N/A
2026-04-20 09:57:58,SPY,PUT,701.0,2026-04-20,710.1400146484375,-0.02,0.0108,-0.2998,0.2009,51.82,BULLISH,SELL,0.0,N/A,N/A,N/A,N/A
2026-04-20 09:57:58,SPY,PUT,702.0,2026-04-20,710.1400146484375,-0.03,0.0157,-0.4106,0.1956,51.82,BULLISH,SELL,0.0,N/A,N/A,N/A,N/A
2026-04-20 09:57:58,SPY,PUT,703.0,2026-04-20,710.1400146484375,-0.045,0.0221,-0.5429,0.1892,51.82,BULLISH,SELL,0.0,N/A,N/A,N/A,N/A
2026-04-20 09:57:58,SPY,PUT,704.0,2026-04-20,710.1400146484375,-0.066,0.0311,-0.7204,0.1838,51.82,BULLISH,SELL,0.0,N/A,N/A,N/A,N/A
2026-04-20 09:57:58,SPY,PUT,705.0,2026-04-20,710.1400146484375,-0.095,0.0426,-0.9124,0.177,51.82,BULLISH,SELL,0.0,N/A,N/A,N/A,N/A
2026-04-20 09:57:58,SPY,PUT,706.0,2026-04-20,710.1400146484375,-0.138,0.0572,-1.1541,0.1719,51.82,BULLISH,SELL,0.0,N/A,N/A,N/A,N/A
2026-04-20 09:57:58,SPY,PUT,707.0,2026-04-20,710.1400146484375,-0.196,0.0742,-1.3931,0.166,51.82,BULLISH,SELL,0.0,N/A,N/A,N/A,N/A
2026-04-20 09:57:58,SPY,PUT,708.0,2026-04-20,710.1400146484375,-0.271,0.0923,-1.6037,0.1599,51.82,BULLISH,SELL,0.0,N/A,N/A,N/A,N/A
2026-04-20 09:57:58,SPY,PUT,709.0,2026-04-20,710.1400146484375,-0.366,0.109,-1.741,0.1536,51.82,BULLISH,SELL,0.0,N/A,N/A,N/A,N/A
2026-04-20 09:57:58,SPY,PUT,710.0,2026-04-20,710.1400146484375,-0.478,0.1201,-1.7634,0.1477,51.82,BULLISH,SELL,0.0,N/A,N/A,N/A,N/A
2026-04-20 09:57:58,SPY,PUT,711.0,2026-04-20,710.1400146484375,-0.601,0.1214,-1.6228,0.1416,51.82,BULLISH,SELL,0.0,N/A,N/A,N/A,N/A
2026-04-20 09:57:58,SPY,PUT,712.0,2026-04-20,710.1400146484375,-0.722,0.1088,-1.3451,0.1372,51.82,BULLISH,SELL,0.0,N/A,N/A,N/A,N/A
2026-04-20 09:57:58,SPY,PUT,713.0,2026-04-20,710.1400146484375,-0.829,0.0858,-0.9457,0.1316,51.82,BULLISH,SELL,0.0,N/A,N/A,N/A,N/A
2026-04-20 09:57:58,SPY,PUT,714.0,2026-04-20,710.1400146484375,-0.915,0.0561,-0.5048,0.1238,51.82,BULLISH,SELL,0.0,N/A,N/A,N/A,N/A
2026-04-20 09:57:58,SPY,PUT,715.0,2026-04-20,710.1400146484375,-0.972,0.0255,-0.125,0.1118,51.82,BULLISH,SELL,0.0,N/A,N/A,N/A,N/A
2026-04-20 09:57:58,SPY,PUT,716.0,2026-04-20,710.1400146484375,-0.993,0.0086,0.0304,0.106,51.82,BULLISH,SELL,0.0,N/A,N/A,N/A,N/A
2026-04-20 09:57:58,SPY,PUT,717.0,2026-04-20,710.1400146484375,-0.989,0.0096,-0.0172,0.1314,51.82,BULLISH,SELL,0.0,N/A,N/A,N/A,N/A
2026-04-20 09:57:58,SPY,PUT,718.0,2026-04-20,710.1400146484375,-1.0,0.0,0.0984,0.0,51.82,BULLISH,SELL,0.0,N/A,N/A,N/A,N/A
2026-04-20 09:57:58,SPY,PUT,719.0,2026-04-20,710.1400146484375,-1.0,0.0002,0.0967,0.1074,51.82,BULLISH,SELL,0.0,N/A,N/A,N/A,N/A
2026-04-20 09:57:58,SPY,PUT,720.0,2026-04-20,710.1400146484375,-1.0,0.0,0.0986,0.0,51.82,BULLISH,SELL,0.0,N/A,N/A,N/A,N/A
2026-04-20 09:57:58,SPY,PUT,721.0,2026-04-20,710.1400146484375,-0.945,0.0166,-0.9238,0.2981,51.82,BULLISH,SELL,0.0,N/A,N/A,N/A,N/A
2026-04-20 09:57:58,SPY,PUT,722.0,2026-04-20,710.1400146484375,-0.941,0.0157,-1.1089,0.3328,51.82,BULLISH,SELL,0.0,N/A,N/A,N/A,N/A
2026-04-20 09:57:58,SPY,PUT,723.0,2026-04-20,710.1400146484375,-0.946,0.0139,-1.0962,0.3514,51.82,BULLISH,SELL,0.0,N/A,N/A,N/A,N/A
2026-04-20 09:57:58,SPY,PUT,724.0,2026-04-20,710.1400146484375,-0.951,0.0123,-1.0579,0.3677,51.82,BULLISH,SELL,0.0,N/A,N/A,N/A,N/A
2026-04-20 09:57:58,SPY,PUT,725.0,2026-04-20,710.1400146484375,-0.954,0.0111,-1.0464,0.3859,51.82,BULLISH,SELL,0.0,N/A,N/A,N/A,N/A
2026-04-20 09:57:58,SPY,PUT,726.0,2026-04-20,710.1400146484375,-0.958,0.01,-1.0226,0.4027,51.82,BULLISH,SELL,0.0,N/A,N/A,N/A,N/A
2026-04-20 09:57:58,SPY,PUT,727.0,2026-04-20,710.1400146484375,-0.961,0.009,-0.9876,0.4182,51.82,BULLISH,SELL,0.0,N/A,N/A,N/A,N/A
2026-04-20 09:57:58,SPY,PUT,728.0,2026-04-20,710.1400146484375,-0.963,0.0082,-0.9778,0.4358,51.82,BULLISH,SELL,0.0,N/A,N/A,N/A,N/A
2026-04-20 09:57:58,SPY,PUT,729.0,2026-04-20,710.1400146484375,-0.966,0.0075,-0.9577,0.4522,51.82,BULLISH,SELL,0.0,N/A,N/A,N/A,N/A
2026-04-20 09:57:58,SPY,PUT,730.0,2026-04-20,710.1400146484375,-0.968,0.0068,-0.9231,0.4668,51.82,BULLISH,SELL,0.0,N/A,N/A,N/A,N/A
2026-04-20 09:57:58,SPY,PUT,731.0,2026-04-20,710.1400146484375,-0.97,0.0063,-0.9151,0.4839,51.82,BULLISH,SELL,0.0,N/A,N/A,N/A,N/A
2026-04-20 09:57:58,SPY,PUT,732.0,2026-04-20,710.1400146484375,-0.972,0.0057,-0.8859,0.4985,51.82,BULLISH,SELL,0.0,N/A,N/A,N/A,N/A
2026-04-20 09:57:58,SPY,PUT,735.0,2026-04-20,710.1400146484375,-0.976,0.0046,-0.8441,0.5461,51.82,BULLISH,SELL,0.0,N/A,N/A,N/A,N/A
2026-04-20 09:57:58,SPY,PUT,740.0,2026-04-20,710.1400146484375,-0.981,0.0033,-0.7681,0.6211,51.82,BULLISH,SELL,0.0,N/A,N/A,N/A,N/A
2026-04-20 09:57:58,SPY,PUT,745.0,2026-04-20,710.1400146484375,-0.985,0.0024,-0.7031,0.6934,51.82,BULLISH,SELL,0.0,N/A,N/A,N/A,N/A
2026-04-20 09:57:58,^NSEI,SPOT,0,N/A,24353.55,0,0,0,0,50,NEUTRAL,WATCH,0,N/A,N/A,N/A,N/A
2026-04-20 10:01:00,SPY,CALL,675.0,2026-04-20,710.1400146484375,0.998,0.0005,-0.1916,0.5542,51.82,BULLISH,BUY,99.8,N/A,N/A,N/A,N/A
2026-04-20 10:01:00,SPY,CALL,676.0,2026-04-20,710.1400146484375,0.998,0.0005,-0.2046,0.5469,51.82,BULLISH,BUY,99.8,N/A,N/A,N/A,N/A
2026-04-20 10:01:00,SPY,CALL,677.0,2026-04-20,710.1400146484375,0.998,0.0006,-0.1993,0.5293,51.82,BULLISH,BUY,99.8,N/A,N/A,N/A,N/A
2026-04-20 10:01:00,SPY,CALL,678.0,2026-04-20,710.1400146484375,0.998,0.0006,-0.1984,0.5142,51.82,BULLISH,BUY,99.8,N/A,N/A,N/A,N/A
2026-04-20 10:01:00,SPY,CALL,679.0,2026-04-20,710.1400146484375,0.998,0.0006,-0.2013,0.501,51.82,BULLISH,BUY,99.8,N/A,N/A,N/A,N/A
2026-04-20 10:01:00,SPY,CALL,680.0,2026-04-20,710.1400146484375,0.996,0.0011,-0.3017,0.5259,51.82,BULLISH,BUY,99.6,N/A,N/A,N/A,N/A
2026-04-20 10:01:00,SPY,CALL,681.0,2026-04-20,710.1400146484375,0.995,0.0012,-0.3127,0.5137,51.82,BULLISH,BUY,99.5,N/A,N/A,N/A,N/A
2026-04-20 10:01:00,SPY,CALL,682.0,2026-04-20,710.1400146484375,0.995,0.0013,-0.3181,0.4995,51.82,BULLISH,BUY,99.5,N/A,N/A,N/A,N/A
2026-04-20 10:01:00,SPY,CALL,683.0,2026-04-20,710.1400146484375,0.995,0.0014,-0.3153,0.4829,51.82,BULLISH,BUY,99.5,N/A,N/A,N/A,N/A
2026-04-20 10:01:00,SPY,CALL,684.0,2026-04-20,710.1400146484375,0.994,0.0015,-0.3301,0.4712,51.82,BULLISH,BUY,99.4,N/A,N/A,N/A,N/A
2026-04-20 10:01:00,SPY,CALL,685.0,2026-04-20,710.1400146484375,0.993,0.0018,-0.3601,0.4629,51.82,BULLISH,BUY,99.3,N/A,N/A,N/A,N/A
2026-04-20 10:01:00,SPY,CALL,686.0,2026-04-20,710.1400146484375,0.993,0.002,-0.3665,0.4482,51.82,BULLISH,BUY,99.3,N/A,N/A,N/A,N/A
2026-04-20 10:01:00,SPY,CALL,687.0,2026-04-20,710.1400146484375,0.993,0.0021,-0.365,0.4316,51.82,BULLISH,BUY,99.3,N/A,N/A,N/A,N/A
2026-04-20 10:01:00,SPY,CALL,688.0,2026-04-20,710.1400146484375,0.992,0.0024,-0.3904,0.4209,51.82,BULLISH,BUY,99.2,N/A,N/A,N/A,N/A
2026-04-20 10:01:00,SPY,CALL,689.0,2026-04-20,710.1400146484375,0.991,0.0026,-0.3805,0.4023,51.82,BULLISH,BUY,99.1,N/A,N/A,N/A,N/A
2026-04-20 10:01:00,SPY,CALL,690.0,2026-04-20,710.1400146484375,0.991,0.0029,-0.3981,0.3894,51.82,BULLISH,BUY,99.1,N/A,N/A,N/A,N/A
2026-04-20 10:01:00,SPY,CALL,691.0,2026-04-20,710.1400146484375,0.989,0.0034,-0.4365,0.3799,51.82,BULLISH,BUY,98.9,N/A,N/A,N/A,N/A
2026-04-20 10:01:00,SPY,CALL,692.0,2026-04-20,710.1400146484375,0.988,0.0039,-0.4556,0.3662,51.82,BULLISH,BUY,98.8,N/A,N/A,N/A,N/A
2026-04-20 10:01:00,SPY,CALL,693.0,2026-04-20,710.1400146484375,0.986,0.0045,-0.477,0.3525,51.82,BULLISH,BUY,98.6,N/A,N/A,N/A,N/A
2026-04-20 10:01:00,SPY,CALL,694.0,2026-04-20,710.1400146484375,0.984,0.0052,-0.5093,0.3401,51.82,BULLISH,BUY,98.4,N/A,N/A,N/A,N/A
2026-04-20 10:01:00,SPY,CALL,695.0,2026-04-20,710.1400146484375,0.983,0.0057,-0.5007,0.3213,51.82,BULLISH,BUY,98.3,N/A,N/A,N/A,N/A
2026-04-20 10:01:00,SPY,CALL,696.0,2026-04-20,710.1400146484375,0.979,0.0072,-0.5824,0.3145,51.82,BULLISH,BUY,97.9,N/A,N/A,N/A,N/A
2026-04-20 10:01:00,SPY,CALL,697.0,2026-04-20,710.1400146484375,0.975,0.0085,-0.6322,0.3023,51.82,BULLISH,BUY,97.5,N/A,N/A,N/A,N/A
2026-04-20 10:01:00,SPY,CALL,698.0,2026-04-20,710.1400146484375,0.971,0.0102,-0.6849,0.2896,51.82,BULLISH,BUY,97.1,N/A,N/A,N/A,N/A
2026-04-20 10:01:00,SPY,CALL,699.0,2026-04-20,710.1400146484375,0.964,0.0125,-0.7653,0.2788,51.82,BULLISH,BUY,96.4,N/A,N/A,N/A,N/A
2026-04-20 10:01:00,SPY,CALL,700.0,2026-04-20,710.1400146484375,0.958,0.0151,-0.8262,0.2651,51.82,BULLISH,BUY,95.8,N/A,N/A,N/A,N/A
2026-04-20 10:01:00,SPY,CALL,701.0,2026-04-20,710.1400146484375,0.948,0.0187,-0.925,0.2539,51.82,BULLISH,BUY,94.8,N/A,N/A,N/A,N/A
2026-04-20 10:01:00,SPY,CALL,702.0,2026-04-20,710.1400146484375,0.941,0.0223,-0.9376,0.2346,51.82,BULLISH,BUY,94.1,N/A,N/A,N/A,N/A
2026-04-20 10:01:00,SPY,CALL,703.0,2026-04-20,710.1400146484375,0.924,0.0283,-1.0791,0.2249,51.82,BULLISH,BUY,92.4,N/A,N/A,N/A,N/A
2026-04-20 10:01:00,SPY,CALL,704.0,2026-04-20,710.1400146484375,0.9,0.0362,-1.2565,0.2163,51.82,BULLISH,BUY,90.0,N/A,N/A,N/A,N/A
2026-04-20 10:01:00,SPY,CALL,705.0,2026-04-20,710.1400146484375,0.868,0.0458,-1.4508,0.2078,51.82,BULLISH,BUY,86.8,N/A,N/A,N/A,N/A
2026-04-20 10:01:00,SPY,CALL,706.0,2026-04-20,710.1400146484375,0.826,0.0574,-1.6564,0.1995,51.82,BULLISH,BUY,82.6,N/A,N/A,N/A,N/A
2026-04-20 10:01:00,SPY,CALL,707.0,2026-04-20,710.1400146484375,0.771,0.0703,-1.8617,0.1918,51.82,BULLISH,BUY,77.1,N/A,N/A,N/A,N/A
2026-04-20 10:01:00,SPY,CALL,708.0,2026-04-20,710.1400146484375,0.702,0.0838,-2.0328,0.1842,51.82,BULLISH,BUY,70.2,N/A,N/A,N/A,N/A
2026-04-20 10:01:00,SPY,CALL,709.0,2026-04-20,710.1400146484375,0.618,0.096,-2.1357,0.1769,51.82,BULLISH,BUY,61.8,N/A,N/A,N/A,N/A
2026-04-20 10:01:00,SPY,CALL,710.0,2026-04-20,710.1400146484375,0.52,0.1052,-2.1168,0.1686,51.82,BULLISH,BUY,52.0,N/A,N/A,N/A,N/A
2026-04-20 10:01:00,SPY,CALL,711.0,2026-04-20,710.1400146484375,0.411,0.1069,-1.9803,0.1621,51.82,BULLISH,BUY,41.1,N/A,N/A,N/A,N/A
2026-04-20 10:01:00,SPY,CALL,712.0,2026-04-20,710.1400146484375,0.304,0.0991,-1.7191,0.1571,51.82,BULLISH,HOLD,0.0,N/A,N/A,N/A,N/A
2026-04-20 10:01:00,SPY,CALL,713.0,2026-04-20,710.1400146484375,0.205,0.0833,-1.347,0.1519,51.82,BULLISH,HOLD,0.0,N/A,N/A,N/A,N/A
2026-04-20 10:01:00,SPY,CALL,714.0,2026-04-20,710.1400146484375,0.125,0.0622,-0.9434,0.1472,51.82,BULLISH,HOLD,0.0,N/A,N/A,N/A,N/A
2026-04-20 10:01:00,SPY,CALL,715.0,2026-04-20,710.1400146484375,0.068,0.0408,-0.5881,0.1436,51.82,BULLISH,HOLD,0.0,N/A,N/A,N/A,N/A
2026-04-20 10:01:00,SPY,CALL,716.0,2026-04-20,710.1400146484375,0.035,0.0241,-0.339,0.1421,51.82,BULLISH,HOLD,0.0,N/A,N/A,N/A,N/A
2026-04-20 10:01:00,SPY,CALL,717.0,2026-04-20,710.1400146484375,0.016,0.0127,-0.1767,0.1411,51.82,BULLISH,HOLD,0.0,N/A,N/A,N/A,N/A
2026-04-20 10:01:00,SPY,CALL,718.0,2026-04-20,710.1400146484375,0.007,0.0063,-0.0883,0.1416,51.82,BULLISH,HOLD,0.0,N/A,N/A,N/A,N/A
2026-04-20 10:01:00,SPY,CALL,719.0,2026-04-20,710.1400146484375,0.003,0.0031,-0.0442,0.1436,51.82,BULLISH,HOLD,0.0,N/A,N/A,N/A,N/A
2026-04-20 10:01:00,SPY,CALL,720.0,2026-04-20,710.1400146484375,0.002,0.0015,-0.0232,0.147,51.82,BULLISH,HOLD,0.0,N/A,N/A,N/A,N/A
2026-04-20 10:01:00,SPY,CALL,721.0,2026-04-20,710.1400146484375,0.001,0.001,-0.0168,0.1553,51.82,BULLISH,HOLD,0.0,N/A,N/A,N/A,N/A
2026-04-20 10:01:00,SPY,CALL,722.0,2026-04-20,710.1400146484375,0.0,0.0005,-0.0085,0.1582,51.82,BULLISH,HOLD,0.0,N/A,N/A,N/A,N/A
2026-04-20 10:01:00,SPY,CALL,723.0,2026-04-20,710.1400146484375,0.0,0.0003,-0.0053,0.1641,51.82,BULLISH,HOLD,0.0,N/A,N/A,N/A,N/A
2026-04-20 10:01:00,SPY,CALL,724.0,2026-04-20,710.1400146484375,0.0,0.0002,-0.0046,0.1738,51.82,BULLISH,HOLD,0.0,N/A,N/A,N/A,N/A
2026-04-20 10:01:00,SPY,CALL,725.0,2026-04-20,710.1400146484375,0.0,0.0001,-0.0026,0.1777,51.82,BULLISH,HOLD,0.0,N/A,N/A,N/A,N/A
2026-04-20 10:01:00,SPY,CALL,726.0,2026-04-20,710.1400146484375,0.0,0.0001,-0.0023,0.1875,51.82,BULLISH,HOLD,0.0,N/A,N/A,N/A,N/A
2026-04-20 10:01:00,SPY,CALL,727.0,2026-04-20,710.1400146484375,0.0,0.0001,-0.0021,0.1973,51.82,BULLISH,HOLD,0.0,N/A,N/A,N/A,N/A
2026-04-20 10:01:00,SPY,CALL,728.0,2026-04-20,710.1400146484375,0.0,0.0001,-0.002,0.207,51.82,BULLISH,HOLD,0.0,N/A,N/A,N/A,N/A
2026-04-20 10:01:00,SPY,CALL,729.0,2026-04-20,710.1400146484375,0.0,0.0,-0.0009,0.207,51.82,BULLISH,HOLD,0.0,N/A,N/A,N/A,N/A
2026-04-20 10:01:00,SPY,CALL,730.0,2026-04-20,710.1400146484375,0.0,0.0,-0.0009,0.2168,51.82,BULLISH,HOLD,0.0,N/A,N/A,N/A,N/A
2026-04-20 10:01:00,SPY,CALL,731.0,2026-04-20,710.1400146484375,0.0,0.0,-0.0008,0.2266,51.82,BULLISH,HOLD,0.0,N/A,N/A,N/A,N/A
2026-04-20 10:01:00,SPY,CALL,732.0,2026-04-20,710.1400146484375,0.0,0.0,-0.0007,0.2344,51.82,BULLISH,HOLD,0.0,N/A,N/A,N/A,N/A
2026-04-20 10:01:00,SPY,CALL,733.0,2026-04-20,710.1400146484375,0.0,0.0,-0.0007,0.2441,51.82,BULLISH,HOLD,0.0,N/A,N/A,N/A,N/A
2026-04-20 10:01:00,SPY,CALL,734.0,2026-04-20,710.1400146484375,0.0,0.0,-0.0007,0.2539,51.82,BULLISH,HOLD,0.0,N/A,N/A,N/A,N/A
2026-04-20 10:01:00,SPY,CALL,735.0,2026-04-20,710.1400146484375,0.0,0.0,-0.0006,0.2617,51.82,BULLISH,HOLD,0.0,N/A,N/A,N/A,N/A
2026-04-20 10:01:00,SPY,CALL,736.0,2026-04-20,710.1400146484375,0.0,0.0,-0.0007,0.2734,51.82,BULLISH,HOLD,0.0,N/A,N/A,N/A,N/A
2026-04-20 10:01:00,SPY,CALL,737.0,2026-04-20,710.1400146484375,0.0,0.0,-0.0006,0.2813,51.82,BULLISH,HOLD,0.0,N/A,N/A,N/A,N/A
2026-04-20 10:01:00,SPY,CALL,738.0,2026-04-20,710.1400146484375,0.0,0.0,-0.0005,0.2891,51.82,BULLISH,HOLD,0.0,N/A,N/A,N/A,N/A
2026-04-20 10:01:00,SPY,CALL,739.0,2026-04-20,710.1400146484375,0.0,0.0,-0.0006,0.3008,51.82,BULLISH,HOLD,0.0,N/A,N/A,N/A,N/A
2026-04-20 10:01:00,SPY,CALL,740.0,2026-04-20,710.1400146484375,0.0,0.0,-0.0001,0.2891,51.82,BULLISH,HOLD,0.0,N/A,N/A,N/A,N/A
2026-04-20 10:01:00,SPY,CALL,745.0,2026-04-20,710.1400146484375,0.0,0.0,-0.0001,0.3281,51.82,BULLISH,HOLD,0.0,N/A,N/A,N/A,N/A
2026-04-20 10:01:00,SPY,PUT,675.0,2026-04-20,710.1400146484375,-0.0,0.0,-0.001,0.3906,51.82,BULLISH,SELL,0.0,N/A,N/A,N/A,N/A
2026-04-20 10:01:00,SPY,PUT,676.0,2026-04-20,710.1400146484375,-0.0,0.0,-0.001,0.3809,51.82,BULLISH,SELL,0.0,N/A,N/A,N/A,N/A
2026-04-20 10:01:00,SPY,PUT,677.0,2026-04-20,710.1400146484375,-0.0,0.0,-0.0011,0.3711,51.82,BULLISH,SELL,0.0,N/A,N/A,N/A,N/A
2026-04-20 10:01:00,SPY,PUT,678.0,2026-04-20,710.1400146484375,-0.0,0.0,-0.001,0.3594,51.82,BULLISH,SELL,0.0,N/A,N/A,N/A,N/A
2026-04-20 10:01:00,SPY,PUT,679.0,2026-04-20,710.1400146484375,-0.0,0.0,-0.0011,0.3496,51.82,BULLISH,SELL,0.0,N/A,N/A,N/A,N/A
2026-04-20 10:01:00,SPY,PUT,680.0,2026-04-20,710.1400146484375,-0.0,0.0,-0.0021,0.3516,51.82,BULLISH,SELL,0.0,N/A,N/A,N/A,N/A
2026-04-20 10:01:00,SPY,PUT,681.0,2026-04-20,710.1400146484375,-0.0,0.0,-0.0022,0.3418,51.82,BULLISH,SELL,0.0,N/A,N/A,N/A,N/A
2026-04-20 10:01:00,SPY,PUT,682.0,2026-04-20,710.1400146484375,-0.0,0.0,-0.0024,0.332,51.82,BULLISH,SELL,0.0,N/A,N/A,N/A,N/A
2026-04-20 10:01:00,SPY,PUT,683.0,2026-04-20,710.1400146484375,-0.0,0.0,-0.0023,0.3203,51.82,BULLISH,SELL,0.0,N/A,N/A,N/A,N/A
2026-04-20 10:01:00,SPY,PUT,684.0,2026-04-20,710.1400146484375,-0.0,0.0,-0.0025,0.3106,51.82,BULLISH,SELL,0.0,N/A,N/A,N/A,N/A
2026-04-20 10:01:00,SPY,PUT,685.0,2026-04-20,710.1400146484375,-0.0,0.0001,-0.004,0.3086,51.82,BULLISH,SELL,0.0,N/A,N/A,N/A,N/A
2026-04-20 10:01:00,SPY,PUT,686.0,2026-04-20,710.1400146484375,-0.0,0.0001,-0.004,0.2969,51.82,BULLISH,SELL,0.0,N/A,N/A,N/A,N/A
2026-04-20 10:01:00,SPY,PUT,687.0,2026-04-20,710.1400146484375,-0.0,0.0001,-0.0061,0.294,51.82,BULLISH,SELL,0.0,N/A,N/A,N/A,N/A
2026-04-20 10:01:00,SPY,PUT,688.0,2026-04-20,710.1400146484375,-0.0,0.0001,-0.0064,0.2832,51.82,BULLISH,SELL,0.0,N/A,N/A,N/A,N/A
2026-04-20 10:01:00,SPY,PUT,689.0,2026-04-20,710.1400146484375,-0.0,0.0002,-0.0087,0.2774,51.82,BULLISH,SELL,0.0,N/A,N/A,N/A,N/A
2026-04-20 10:01:00,SPY,PUT,690.0,2026-04-20,710.1400146484375,-0.0,0.0002,-0.0093,0.2666,51.82,BULLISH,SELL,0.0,N/A,N/A,N/A,N/A
2026-04-20 10:01:00,SPY,PUT,691.0,2026-04-20,710.1400146484375,-0.0,0.0003,-0.0127,0.2607,51.82,BULLISH,SELL,0.0,N/A,N/A,N/A,N/A
2026-04-20 10:01:00,SPY,PUT,692.0,2026-04-20,710.1400146484375,-0.001,0.0004,-0.0163,0.2534,51.82,BULLISH,SELL,0.0,N/A,N/A,N/A,N/A
2026-04-20 10:01:00,SPY,PUT,693.0,2026-04-20,710.1400146484375,-0.001,0.0006,-0.025,0.25,51.82,BULLISH,SELL,0.0,N/A,N/A,N/A,N/A
2026-04-20 10:01:00,SPY,PUT,694.0,2026-04-20,710.1400146484375,-0.001,0.0009,-0.035,0.2446,51.82,BULLISH,SELL,0.0,N/A,N/A,N/A,N/A
2026-04-20 10:01:00,SPY,PUT,695.0,2026-04-20,710.1400146484375,-0.002,0.0012,-0.0473,0.2383,51.82,BULLISH,SELL,0.0,N/A,N/A,N/A,N/A
2026-04-20 10:01:00,SPY,PUT,696.0,2026-04-20,710.1400146484375,-0.003,0.0017,-0.0618,0.231,51.82,BULLISH,SELL,0.0,N/A,N/A,N/A,N/A
2026-04-20 10:01:00,SPY,PUT,697.0,2026-04-20,710.1400146484375,-0.004,0.0025,-0.0856,0.2251,51.82,BULLISH,SELL,0.0,N/A,N/A,N/A,N/A
2026-04-20 10:01:00,SPY,PUT,698.0,2026-04-20,710.1400146484375,-0.006,0.0035,-0.1145,0.2183,51.82,BULLISH,SELL,0.0,N/A,N/A,N/A,N/A
2026-04-20 10:01:00,SPY,PUT,699.0,2026-04-20,710.1400146484375,-0.009,0.0051,-0.1559,0.2119,51.82,BULLISH,SELL,0.0,N/A,N/A,N/A,N/A
2026-04-20 10:01:00,SPY,PUT,700.0,2026-04-20,710.1400146484375,-0.014,0.0075,-0.2224,0.2073,51.82,BULLISH,SELL,0.0,N/A,N/A,N/A,N/A
2026-04-20 10:01:00,SPY,PUT,701.0,2026-04-20,710.1400146484375,-0.02,0.0108,-0.2998,0.2009,51.82,BULLISH,SELL,0.0,N/A,N/A,N/A,N/A
2026-04-20 10:01:00,SPY,PUT,702.0,2026-04-20,710.1400146484375,-0.03,0.0157,-0.4106,0.1956,51.82,BULLISH,SELL,0.0,N/A,N/A,N/A,N/A
2026-04-20 10:01:00,SPY,PUT,703.0,2026-04-20,710.1400146484375,-0.045,0.0221,-0.5429,0.1892,51.82,BULLISH,SELL,0.0,N/A,N/A,N/A,N/A
2026-04-20 10:01:00,SPY,PUT,704.0,2026-04-20,710.1400146484375,-0.066,0.0311,-0.7204,0.1838,51.82,BULLISH,SELL,0.0,N/A,N/A,N/A,N/A
2026-04-20 10:01:00,SPY,PUT,705.0,2026-04-20,710.1400146484375,-0.095,0.0426,-0.9124,0.177,51.82,BULLISH,SELL,0.0,N/A,N/A,N/A,N/A
2026-04-20 10:01:00,SPY,PUT,706.0,2026-04-20,710.1400146484375,-0.138,0.0572,-1.1541,0.1719,51.82,BULLISH,SELL,0.0,N/A,N/A,N/A,N/A
2026-04-20 10:01:00,SPY,PUT,707.0,2026-04-20,710.1400146484375,-0.196,0.0742,-1.3931,0.166,51.82,BULLISH,SELL,0.0,N/A,N/A,N/A,N/A
2026-04-20 10:01:00,SPY,PUT,708.0,2026-04-20,710.1400146484375,-0.271,0.0923,-1.6037,0.1599,51.82,BULLISH,SELL,0.0,N/A,N/A,N/A,N/A
2026-04-20 10:01:00,SPY,PUT,709.0,2026-04-20,710.1400146484375,-0.366,0.109,-1.741,0.1536,51.82,BULLISH,SELL,0.0,N/A,N/A,N/A,N/A
2026-04-20 10:01:00,SPY,PUT,710.0,2026-04-20,710.1400146484375,-0.478,0.1201,-1.7634,0.1477,51.82,BULLISH,SELL,0.0,N/A,N/A,N/A,N/A
2026-04-20 10:01:00,SPY,PUT,711.0,2026-04-20,710.1400146484375,-0.601,0.1214,-1.6228,0.1416,51.82,BULLISH,SELL,0.0,N/A,N/A,N/A,N/A
2026-04-20 10:01:00,SPY,PUT,712.0,2026-04-20,710.1400146484375,-0.722,0.1088,-1.3451,0.1372,51.82,BULLISH,SELL,0.0,N/A,N/A,N/A,N/A
2026-04-20 10:01:00,SPY,PUT,713.0,2026-04-20,710.1400146484375,-0.829,0.0858,-0.9457,0.1316,51.82,BULLISH,SELL,0.0,N/A,N/A,N/A,N/A
2026-04-20 10:01:00,SPY,PUT,714.0,2026-04-20,710.1400146484375,-0.915,0.0561,-0.5048,0.1238,51.82,BULLISH,SELL,0.0,N/A,N/A,N/A,N/A
2026-04-20 10:01:00,SPY,PUT,715.0,2026-04-20,710.1400146484375,-0.972,0.0255,-0.125,0.1118,51.82,BULLISH,SELL,0.0,N/A,N/A,N/A,N/A
2026-04-20 10:01:00,SPY,PUT,716.0,2026-04-20,710.1400146484375,-0.993,0.0086,0.0304,0.106,51.82,BULLISH,SELL,0.0,N/A,N/A,N/A,N/A
2026-04-20 10:01:00,SPY,PUT,717.0,2026-04-20,710.1400146484375,-0.989,0.0096,-0.0172,0.1314,51.82,BULLISH,SELL,0.0,N/A,N/A,N/A,N/A
2026-04-20 10:01:00,SPY,PUT,718.0,2026-04-20,710.1400146484375,-1.0,0.0,0.0984,0.0,51.82,BULLISH,SELL,0.0,N/A,N/A,N/A,N/A
2026-04-20 10:01:00,SPY,PUT,719.0,2026-04-20,710.1400146484375,-1.0,0.0002,0.0967,0.1074,51.82,BULLISH,SELL,0.0,N/A,N/A,N/A,N/A
2026-04-20 10:01:00,SPY,PUT,720.0,2026-04-20,710.1400146484375,-1.0,0.0,0.0986,0.0,51.82,BULLISH,SELL,0.0,N/A,N/A,N/A,N/A
2026-04-20 10:01:00,SPY,PUT,721.0,2026-04-20,710.1400146484375,-0.945,0.0166,-0.9238,0.2981,51.82,BULLISH,SELL,0.0,N/A,N/A,N/A,N/A
2026-04-20 10:01:00,SPY,PUT,722.0,2026-04-20,710.1400146484375,-0.941,0.0157,-1.1089,0.3328,51.82,BULLISH,SELL,0.0,N/A,N/A,N/A,N/A
2026-04-20 10:01:00,SPY,PUT,723.0,2026-04-20,710.1400146484375,-0.946,0.0139,-1.0962,0.3514,51.82,BULLISH,SELL,0.0,N/A,N/A,N/A,N/A
2026-04-20 10:01:00,SPY,PUT,724.0,2026-04-20,710.1400146484375,-0.951,0.0123,-1.0579,0.3677,51.82,BULLISH,SELL,0.0,N/A,N/A,N/A,N/A
2026-04-20 10:01:00,SPY,PUT,725.0,2026-04-20,710.1400146484375,-0.954,0.0111,-1.0464,0.3859,51.82,BULLISH,SELL,0.0,N/A,N/A,N/A,N/A
2026-04-20 10:01:00,SPY,PUT,726.0,2026-04-20,710.1400146484375,-0.958,0.01,-1.0226,0.4027,51.82,BULLISH,SELL,0.0,N/A,N/A,N/A,N/A
2026-04-20 10:01:00,SPY,PUT,727.0,2026-04-20,710.1400146484375,-0.961,0.009,-0.9876,0.4182,51.82,BULLISH,SELL,0.0,N/A,N/A,N/A,N/A
2026-04-20 10:01:00,SPY,PUT,728.0,2026-04-20,710.1400146484375,-0.963,0.0082,-0.9778,0.4358,51.82,BULLISH,SELL,0.0,N/A,N/A,N/A,N/A
2026-04-20 10:01:00,SPY,PUT,729.0,2026-04-20,710.1400146484375,-0.966,0.0075,-0.9577,0.4522,51.82,BULLISH,SELL,0.0,N/A,N/A,N/A,N/A
2026-04-20 10:01:00,SPY,PUT,730.0,2026-04-20,710.1400146484375,-0.968,0.0068,-0.9231,0.4668,51.82,BULLISH,SELL,0.0,N/A,N/A,N/A,N/A
2026-04-20 10:01:00,SPY,PUT,731.0,2026-04-20,710.1400146484375,-0.97,0.0063,-0.9151,0.4839,51.82,BULLISH,SELL,0.0,N/A,N/A,N/A,N/A
2026-04-20 10:01:00,SPY,PUT,732.0,2026-04-20,710.1400146484375,-0.972,0.0057,-0.8859,0.4985,51.82,BULLISH,SELL,0.0,N/A,N/A,N/A,N/A
2026-04-20 10:01:00,SPY,PUT,735.0,2026-04-20,710.1400146484375,-0.976,0.0046,-0.8441,0.5461,51.82,BULLISH,SELL,0.0,N/A,N/A,N/A,N/A
2026-04-20 10:01:00,SPY,PUT,740.0,2026-04-20,710.1400146484375,-0.981,0.0033,-0.7681,0.6211,51.82,BULLISH,SELL,0.0,N/A,N/A,N/A,N/A
2026-04-20 10:01:00,SPY,PUT,745.0,2026-04-20,710.1400146484375,-0.985,0.0024,-0.7031,0.6934,51.82,BULLISH,SELL,0.0,N/A,N/A,N/A,N/A
2026-04-20 10:01:01,^NSEI,SPOT,0,N/A,24353.55,0,0,0,0,50,NEUTRAL,WATCH,0,N/A,N/A,N/A,N/A
2026-04-20 10:17:54,SPY,CALL,675.0,2026-04-20,710.1400146484375,0.998,0.0005,-0.1916,0.5542,51.82,BULLISH,BUY,99.8,N/A,N/A,N/A,N/A
2026-04-20 10:17:54,SPY,CALL,676.0,2026-04-20,710.1400146484375,0.998,0.0005,-0.2046,0.5469,51.82,BULLISH,BUY,99.8,N/A,N/A,N/A,N/A
2026-04-20 10:17:54,SPY,CALL,677.0,2026-04-20,710.1400146484375,0.998,0.0006,-0.1993,0.5293,51.82,BULLISH,BUY,99.8,N/A,N/A,N/A,N/A
2026-04-20 10:17:54,SPY,CALL,678.0,2026-04-20,710.1400146484375,0.998,0.0006,-0.1984,0.5142,51.82,BULLISH,BUY,99.8,N/A,N/A,N/A,N/A
2026-04-20 10:17:54,SPY,CALL,679.0,2026-04-20,710.1400146484375,0.998,0.0006,-0.2013,0.501,51.82,BULLISH,BUY,99.8,N/A,N/A,N/A,N/A
2026-04-20 10:17:54,SPY,CALL,680.0,2026-04-20,710.1400146484375,0.996,0.0011,-0.3017,0.5259,51.82,BULLISH,BUY,99.6,N/A,N/A,N/A,N/A
2026-04-20 10:17:54,SPY,CALL,681.0,2026-04-20,710.1400146484375,0.995,0.0012,-0.3127,0.5137,51.82,BULLISH,BUY,99.5,N/A,N/A,N/A,N/A
2026-04-20 10:17:54,SPY,CALL,682.0,2026-04-20,710.1400146484375,0.995,0.0013,-0.3181,0.4995,51.82,BULLISH,BUY,99.5,N/A,N/A,N/A,N/A
2026-04-20 10:17:54,SPY,CALL,683.0,2026-04-20,710.1400146484375,0.995,0.0014,-0.3153,0.4829,51.82,BULLISH,BUY,99.5,N/A,N/A,N/A,N/A
2026-04-20 10:17:54,SPY,CALL,684.0,2026-04-20,710.1400146484375,0.994,0.0015,-0.3301,0.4712,51.82,BULLISH,BUY,99.4,N/A,N/A,N/A,N/A
2026-04-20 10:17:54,SPY,CALL,685.0,2026-04-20,710.1400146484375,0.993,0.0018,-0.3601,0.4629,51.82,BULLISH,BUY,99.3,N/A,N/A,N/A,N/A
2026-04-20 10:17:54,SPY,CALL,686.0,2026-04-20,710.1400146484375,0.993,0.002,-0.3665,0.4482,51.82,BULLISH,BUY,99.3,N/A,N/A,N/A,N/A
2026-04-20 10:17:54,SPY,CALL,687.0,2026-04-20,710.1400146484375,0.993,0.0021,-0.365,0.4316,51.82,BULLISH,BUY,99.3,N/A,N/A,N/A,N/A
2026-04-20 10:17:54,SPY,CALL,688.0,2026-04-20,710.1400146484375,0.992,0.0024,-0.3904,0.4209,51.82,BULLISH,BUY,99.2,N/A,N/A,N/A,N/A
2026-04-20 10:17:54,SPY,CALL,689.0,2026-04-20,710.1400146484375,0.991,0.0026,-0.3805,0.4023,51.82,BULLISH,BUY,99.1,N/A,N/A,N/A,N/A
2026-04-20 10:17:54,SPY,CALL,690.0,2026-04-20,710.1400146484375,0.991,0.0029,-0.3981,0.3894,51.82,BULLISH,BUY,99.1,N/A,N/A,N/A,N/A
2026-04-20 10:17:54,SPY,CALL,691.0,2026-04-20,710.1400146484375,0.989,0.0034,-0.4365,0.3799,51.82,BULLISH,BUY,98.9,N/A,N/A,N/A,N/A
2026-04-20 10:17:54,SPY,CALL,692.0,2026-04-20,710.1400146484375,0.988,0.0039,-0.4556,0.3662,51.82,BULLISH,BUY,98.8,N/A,N/A,N/A,N/A
2026-04-20 10:17:54,SPY,CALL,693.0,2026-04-20,710.1400146484375,0.986,0.0045,-0.477,0.3525,51.82,BULLISH,BUY,98.6,N/A,N/A,N/A,N/A
2026-04-20 10:17:54,SPY,CALL,694.0,2026-04-20,710.1400146484375,0.984,0.0052,-0.5093,0.3401,51.82,BULLISH,BUY,98.4,N/A,N/A,N/A,N/A
2026-04-20 10:17:54,SPY,CALL,695.0,2026-04-20,710.1400146484375,0.983,0.0057,-0.5007,0.3213,51.82,BULLISH,BUY,98.3,N/A,N/A,N/A,N/A
2026-04-20 10:17:54,SPY,CALL,696.0,2026-04-20,710.1400146484375,0.979,0.0072,-0.5824,0.3145,51.82,BULLISH,BUY,97.9,N/A,N/A,N/A,N/A
2026-04-20 10:17:54,SPY,CALL,697.0,2026-04-20,710.1400146484375,0.975,0.0085,-0.6322,0.3023,51.82,BULLISH,BUY,97.5,N/A,N/A,N/A,N/A
2026-04-20 10:17:54,SPY,CALL,698.0,2026-04-20,710.1400146484375,0.971,0.0102,-0.6849,0.2896,51.82,BULLISH,BUY,97.1,N/A,N/A,N/A,N/A
2026-04-20 10:17:54,SPY,CALL,699.0,2026-04-20,710.1400146484375,0.964,0.0125,-0.7653,0.2788,51.82,BULLISH,BUY,96.4,N/A,N/A,N/A,N/A
2026-04-20 10:17:54,SPY,CALL,700.0,2026-04-20,710.1400146484375,0.958,0.0151,-0.8262,0.2651,51.82,BULLISH,BUY,95.8,N/A,N/A,N/A,N/A
2026-04-20 10:17:54,SPY,CALL,701.0,2026-04-20,710.1400146484375,0.948,0.0187,-0.925,0.2539,51.82,BULLISH,BUY,94.8,N/A,N/A,N/A,N/A
2026-04-20 10:17:54,SPY,CALL,702.0,2026-04-20,710.1400146484375,0.941,0.0223,-0.9376,0.2346,51.82,BULLISH,BUY,94.1,N/A,N/A,N/A,N/A
2026-04-20 10:17:54,SPY,CALL,703.0,2026-04-20,710.1400146484375,0.924,0.0283,-1.0791,0.2249,51.82,BULLISH,BUY,92.4,N/A,N/A,N/A,N/A
2026-04-20 10:17:54,SPY,CALL,704.0,2026-04-20,710.1400146484375,0.9,0.0362,-1.2565,0.2163,51.82,BULLISH,BUY,90.0,N/A,N/A,N/A,N/A
2026-04-20 10:17:54,SPY,CALL,705.0,2026-04-20,710.1400146484375,0.868,0.0458,-1.4508,0.2078,51.82,BULLISH,BUY,86.8,N/A,N/A,N/A,N/A
2026-04-20 10:17:54,SPY,CALL,706.0,2026-04-20,710.1400146484375,0.826,0.0574,-1.6564,0.1995,51.82,BULLISH,BUY,82.6,N/A,N/A,N/A,N/A
2026-04-20 10:17:54,SPY,CALL,707.0,2026-04-20,710.1400146484375,0.771,0.0703,-1.8617,0.1918,51.82,BULLISH,BUY,77.1,N/A,N/A,N/A,N/A
2026-04-20 10:17:54,SPY,CALL,708.0,2026-04-20,710.1400146484375,0.702,0.0838,-2.0328,0.1842,51.82,BULLISH,BUY,70.2,N/A,N/A,N/A,N/A
2026-04-20 10:17:54,SPY,CALL,709.0,2026-04-20,710.1400146484375,0.618,0.096,-2.1357,0.1769,51.82,BULLISH,BUY,61.8,N/A,N/A,N/A,N/A
2026-04-20 10:17:54,SPY,CALL,710.0,2026-04-20,710.1400146484375,0.52,0.1052,-2.1168,0.1686,51.82,BULLISH,BUY,52.0,N/A,N/A,N/A,N/A
2026-04-20 10:17:54,SPY,CALL,711.0,2026-04-20,710.1400146484375,0.411,0.1069,-1.9803,0.1621,51.82,BULLISH,BUY,41.1,N/A,N/A,N/A,N/A
2026-04-20 10:17:54,SPY,CALL,712.0,2026-04-20,710.1400146484375,0.304,0.0991,-1.7191,0.1571,51.82,BULLISH,HOLD,0.0,N/A,N/A,N/A,N/A
2026-04-20 10:17:54,SPY,CALL,713.0,2026-04-20,710.1400146484375,0.205,0.0833,-1.347,0.1519,51.82,BULLISH,HOLD,0.0,N/A,N/A,N/A,N/A
2026-04-20 10:17:54,SPY,CALL,714.0,2026-04-20,710.1400146484375,0.125,0.0622,-0.9434,0.1472,51.82,BULLISH,HOLD,0.0,N/A,N/A,N/A,N/A
2026-04-20 10:17:54,SPY,CALL,715.0,2026-04-20,710.1400146484375,0.068,0.0408,-0.5881,0.1436,51.82,BULLISH,HOLD,0.0,N/A,N/A,N/A,N/A
2026-04-20 10:17:54,SPY,CALL,716.0,2026-04-20,710.1400146484375,0.035,0.0241,-0.339,0.1421,51.82,BULLISH,HOLD,0.0,N/A,N/A,N/A,N/A
2026-04-20 10:17:54,SPY,CALL,717.0,2026-04-20,710.1400146484375,0.016,0.0127,-0.1767,0.1411,51.82,BULLISH,HOLD,0.0,N/A,N/A,N/A,N/A
2026-04-20 10:17:54,SPY,CALL,718.0,2026-04-20,710.1400146484375,0.007,0.0063,-0.0883,0.1416,51.82,BULLISH,HOLD,0.0,N/A,N/A,N/A,N/A
2026-04-20 10:17:54,SPY,CALL,719.0,2026-04-20,710.1400146484375,0.003,0.0031,-0.0442,0.1436,51.82,BULLISH,HOLD,0.0,N/A,N/A,N/A,N/A
2026-04-20 10:17:54,SPY,CALL,720.0,2026-04-20,710.1400146484375,0.002,0.0015,-0.0232,0.147,51.82,BULLISH,HOLD,0.0,N/A,N/A,N/A,N/A
2026-04-20 10:17:54,SPY,CALL,721.0,2026-04-20,710.1400146484375,0.001,0.001,-0.0168,0.1553,51.82,BULLISH,HOLD,0.0,N/A,N/A,N/A,N/A
2026-04-20 10:17:54,SPY,CALL,722.0,2026-04-20,710.1400146484375,0.0,0.0005,-0.0085,0.1582,51.82,BULLISH,HOLD,0.0,N/A,N/A,N/A,N/A
2026-04-20 10:17:54,SPY,CALL,723.0,2026-04-20,710.1400146484375,0.0,0.0003,-0.0053,0.1641,51.82,BULLISH,HOLD,0.0,N/A,N/A,N/A,N/A
2026-04-20 10:17:54,SPY,CALL,724.0,2026-04-20,710.1400146484375,0.0,0.0002,-0.0046,0.1738,51.82,BULLISH,HOLD,0.0,N/A,N/A,N/A,N/A
2026-04-20 10:17:54,SPY,CALL,725.0,2026-04-20,710.1400146484375,0.0,0.0001,-0.0026,0.1777,51.82,BULLISH,HOLD,0.0,N/A,N/A,N/A,N/A
2026-04-20 10:17:54,SPY,CALL,726.0,2026-04-20,710.1400146484375,0.0,0.0001,-0.0023,0.1875,51.82,BULLISH,HOLD,0.0,N/A,N/A,N/A,N/A
2026-04-20 10:17:54,SPY,CALL,727.0,2026-04-20,710.1400146484375,0.0,0.0001,-0.0021,0.1973,51.82,BULLISH,HOLD,0.0,N/A,N/A,N/A,N/A
2026-04-20 10:17:54,SPY,CALL,728.0,2026-04-20,710.1400146484375,0.0,0.0001,-0.002,0.207,51.82,BULLISH,HOLD,0.0,N/A,N/A,N/A,N/A
2026-04-20 10:17:54,SPY,CALL,729.0,2026-04-20,710.1400146484375,0.0,0.0,-0.0009,0.207,51.82,BULLISH,HOLD,0.0,N/A,N/A,N/A,N/A
2026-04-20 10:17:54,SPY,CALL,730.0,2026-04-20,710.1400146484375,0.0,0.0,-0.0009,0.2168,51.82,BULLISH,HOLD,0.0,N/A,N/A,N/A,N/A
2026-04-20 10:17:54,SPY,CALL,731.0,2026-04-20,710.1400146484375,0.0,0.0,-0.0008,0.2266,51.82,BULLISH,HOLD,0.0,N/A,N/A,N/A,N/A
2026-04-20 10:17:54,SPY,CALL,732.0,2026-04-20,710.1400146484375,0.0,0.0,-0.0007,0.2344,51.82,BULLISH,HOLD,0.0,N/A,N/A,N/A,N/A
2026-04-20 10:17:54,SPY,CALL,733.0,2026-04-20,710.1400146484375,0.0,0.0,-0.0007,0.2441,51.82,BULLISH,HOLD,0.0,N/A,N/A,N/A,N/A
2026-04-20 10:17:54,SPY,CALL,734.0,2026-04-20,710.1400146484375,0.0,0.0,-0.0007,0.2539,51.82,BULLISH,HOLD,0.0,N/A,N/A,N/A,N/A
2026-04-20 10:17:54,SPY,CALL,735.0,2026-04-20,710.1400146484375,0.0,0.0,-0.0006,0.2617,51.82,BULLISH,HOLD,0.0,N/A,N/A,N/A,N/A
2026-04-20 10:17:54,SPY,CALL,736.0,2026-04-20,710.1400146484375,0.0,0.0,-0.0007,0.2734,51.82,BULLISH,HOLD,0.0,N/A,N/A,N/A,N/A
2026-04-20 10:17:54,SPY,CALL,737.0,2026-04-20,710.1400146484375,0.0,0.0,-0.0006,0.2813,51.82,BULLISH,HOLD,0.0,N/A,N/A,N/A,N/A
2026-04-20 10:17:54,SPY,CALL,738.0,2026-04-20,710.1400146484375,0.0,0.0,-0.0005,0.2891,51.82,BULLISH,HOLD,0.0,N/A,N/A,N/A,N/A
2026-04-20 10:17:54,SPY,CALL,739.0,2026-04-20,710.1400146484375,0.0,0.0,-0.0006,0.3008,51.82,BULLISH,HOLD,0.0,N/A,N/A,N/A,N/A
2026-04-20 10:17:54,SPY,CALL,740.0,2026-04-20,710.1400146484375,0.0,0.0,-0.0001,0.2891,51.82,BULLISH,HOLD,0.0,N/A,N/A,N/A,N/A
2026-04-20 10:17:54,SPY,CALL,745.0,2026-04-20,710.1400146484375,0.0,0.0,-0.0001,0.3281,51.82,BULLISH,HOLD,0.0,N/A,N/A,N/A,N/A
2026-04-20 10:17:54,SPY,PUT,675.0,2026-04-20,710.1400146484375,-0.0,0.0,-0.001,0.3906,51.82,BULLISH,SELL,0.0,N/A,N/A,N/A,N/A
2026-04-20 10:17:54,SPY,PUT,676.0,2026-04-20,710.1400146484375,-0.0,0.0,-0.001,0.3809,51.82,BULLISH,SELL,0.0,N/A,N/A,N/A,N/A
2026-04-20 10:17:54,SPY,PUT,677.0,2026-04-20,710.1400146484375,-0.0,0.0,-0.0011,0.3711,51.82,BULLISH,SELL,0.0,N/A,N/A,N/A,N/A
2026-04-20 10:17:54,SPY,PUT,678.0,2026-04-20,710.1400146484375,-0.0,0.0,-0.001,0.3594,51.82,BULLISH,SELL,0.0,N/A,N/A,N/A,N/A
2026-04-20 10:17:54,SPY,PUT,679.0,2026-04-20,710.1400146484375,-0.0,0.0,-0.0011,0.3496,51.82,BULLISH,SELL,0.0,N/A,N/A,N/A,N/A
2026-04-20 10:17:54,SPY,PUT,680.0,2026-04-20,710.1400146484375,-0.0,0.0,-0.0021,0.3516,51.82,BULLISH,SELL,0.0,N/A,N/A,N/A,N/A
2026-04-20 10:17:54,SPY,PUT,681.0,2026-04-20,710.1400146484375,-0.0,0.0,-0.0022,0.3418,51.82,BULLISH,SELL,0.0,N/A,N/A,N/A,N/A
2026-04-20 10:17:54,SPY,PUT,682.0,2026-04-20,710.1400146484375,-0.0,0.0,-0.0024,0.332,51.82,BULLISH,SELL,0.0,N/A,N/A,N/A,N/A
2026-04-20 10:17:54,SPY,PUT,683.0,2026-04-20,710.1400146484375,-0.0,0.0,-0.0023,0.3203,51.82,BULLISH,SELL,0.0,N/A,N/A,N/A,N/A
2026-04-20 10:17:54,SPY,PUT,684.0,2026-04-20,710.1400146484375,-0.0,0.0,-0.0025,0.3106,51.82,BULLISH,SELL,0.0,N/A,N/A,N/A,N/A
2026-04-20 10:17:54,SPY,PUT,685.0,2026-04-20,710.1400146484375,-0.0,0.0001,-0.004,0.3086,51.82,BULLISH,SELL,0.0,N/A,N/A,N/A,N/A
2026-04-20 10:17:54,SPY,PUT,686.0,2026-04-20,710.1400146484375,-0.0,0.0001,-0.004,0.2969,51.82,BULLISH,SELL,0.0,N/A,N/A,N/A,N/A
2026-04-20 10:17:54,SPY,PUT,687.0,2026-04-20,710.1400146484375,-0.0,0.0001,-0.0061,0.294,51.82,BULLISH,SELL,0.0,N/A,N/A,N/A,N/A
2026-04-20 10:17:54,SPY,PUT,688.0,2026-04-20,710.1400146484375,-0.0,0.0001,-0.0064,0.2832,51.82,BULLISH,SELL,0.0,N/A,N/A,N/A,N/A
2026-04-20 10:17:54,SPY,PUT,689.0,2026-04-20,710.1400146484375,-0.0,0.0002,-0.0087,0.2774,51.82,BULLISH,SELL,0.0,N/A,N/A,N/A,N/A
2026-04-20 10:17:54,SPY,PUT,690.0,2026-04-20,710.1400146484375,-0.0,0.0002,-0.0093,0.2666,51.82,BULLISH,SELL,0.0,N/A,N/A,N/A,N/A
2026-04-20 10:17:54,SPY,PUT,691.0,2026-04-20,710.1400146484375,-0.0,0.0003,-0.0127,0.2607,51.82,BULLISH,SELL,0.0,N/A,N/A,N/A,N/A
2026-04-20 10:17:54,SPY,PUT,692.0,2026-04-20,710.1400146484375,-0.001,0.0004,-0.0163,0.2534,51.82,BULLISH,SELL,0.0,N/A,N/A,N/A,N/A
2026-04-20 10:17:54,SPY,PUT,693.0,2026-04-20,710.1400146484375,-0.001,0.0006,-0.025,0.25,51.82,BULLISH,SELL,0.0,N/A,N/A,N/A,N/A
2026-04-20 10:17:54,SPY,PUT,694.0,2026-04-20,710.1400146484375,-0.001,0.0009,-0.035,0.2446,51.82,BULLISH,SELL,0.0,N/A,N/A,N/A,N/A
2026-04-20 10:17:54,SPY,PUT,695.0,2026-04-20,710.1400146484375,-0.002,0.0012,-0.0473,0.2383,51.82,BULLISH,SELL,0.0,N/A,N/A,N/A,N/A
2026-04-20 10:17:54,SPY,PUT,696.0,2026-04-20,710.1400146484375,-0.003,0.0017,-0.0618,0.231,51.82,BULLISH,SELL,0.0,N/A,N/A,N/A,N/A
2026-04-20 10:17:54,SPY,PUT,697.0,2026-04-20,710.1400146484375,-0.004,0.0025,-0.0856,0.2251,51.82,BULLISH,SELL,0.0,N/A,N/A,N/A,N/A
2026-04-20 10:17:54,SPY,PUT,698.0,2026-04-20,710.1400146484375,-0.006,0.0035,-0.1145,0.2183,51.82,BULLISH,SELL,0.0,N/A,N/A,N/A,N/A
2026-04-20 10:17:54,SPY,PUT,699.0,2026-04-20,710.1400146484375,-0.009,0.0051,-0.1559,0.2119,51.82,BULLISH,SELL,0.0,N/A,N/A,N/A,N/A
2026-04-20 10:17:54,SPY,PUT,700.0,2026-04-20,710.1400146484375,-0.014,0.0075,-0.2224,0.2073,51.82,BULLISH,SELL,0.0,N/A,N/A,N/A,N/A
2026-04-20 10:17:54,SPY,PUT,701.0,2026-04-20,710.1400146484375,-0.02,0.0108,-0.2998,0.2009,51.82,BULLISH,SELL,0.0,N/A,N/A,N/A,N/A
2026-04-20 10:17:54,SPY,PUT,702.0,2026-04-20,710.1400146484375,-0.03,0.0157,-0.4106,0.1956,51.82,BULLISH,SELL,0.0,N/A,N/A,N/A,N/A
2026-04-20 10:17:54,SPY,PUT,703.0,2026-04-20,710.1400146484375,-0.045,0.0221,-0.5429,0.1892,51.82,BULLISH,SELL,0.0,N/A,N/A,N/A,N/A
2026-04-20 10:17:54,SPY,PUT,704.0,2026-04-20,710.1400146484375,-0.066,0.0311,-0.7204,0.1838,51.82,BULLISH,SELL,0.0,N/A,N/A,N/A,N/A
2026-04-20 10:17:54,SPY,PUT,705.0,2026-04-20,710.1400146484375,-0.095,0.0426,-0.9124,0.177,51.82,BULLISH,SELL,0.0,N/A,N/A,N/A,N/A
2026-04-20 10:17:54,SPY,PUT,706.0,2026-04-20,710.1400146484375,-0.138,0.0572,-1.1541,0.1719,51.82,BULLISH,SELL,0.0,N/A,N/A,N/A,N/A
2026-04-20 10:17:54,SPY,PUT,707.0,2026-04-20,710.1400146484375,-0.196,0.0742,-1.3931,0.166,51.82,BULLISH,SELL,0.0,N/A,N/A,N/A,N/A
2026-04-20 10:17:54,SPY,PUT,708.0,2026-04-20,710.1400146484375,-0.271,0.0923,-1.6037,0.1599,51.82,BULLISH,SELL,0.0,N/A,N/A,N/A,N/A
2026-04-20 10:17:54,SPY,PUT,709.0,2026-04-20,710.1400146484375,-0.366,0.109,-1.741,0.1536,51.82,BULLISH,SELL,0.0,N/A,N/A,N/A,N/A
2026-04-20 10:17:54,SPY,PUT,710.0,2026-04-20,710.1400146484375,-0.478,0.1201,-1.7634,0.1477,51.82,BULLISH,SELL,0.0,N/A,N/A,N/A,N/A
2026-04-20 10:17:54,SPY,PUT,711.0,2026-04-20,710.1400146484375,-0.601,0.1214,-1.6228,0.1416,51.82,BULLISH,SELL,0.0,N/A,N/A,N/A,N/A
2026-04-20 10:17:54,SPY,PUT,712.0,2026-04-20,710.1400146484375,-0.722,0.1088,-1.3451,0.1372,51.82,BULLISH,SELL,0.0,N/A,N/A,N/A,N/A
2026-04-20 10:17:54,SPY,PUT,713.0,2026-04-20,710.1400146484375,-0.829,0.0858,-0.9457,0.1316,51.82,BULLISH,SELL,0.0,N/A,N/A,N/A,N/A
2026-04-20 10:17:54,SPY,PUT,714.0,2026-04-20,710.1400146484375,-0.915,0.0561,-0.5048,0.1238,51.82,BULLISH,SELL,0.0,N/A,N/A,N/A,N/A
2026-04-20 10:17:54,SPY,PUT,715.0,2026-04-20,710.1400146484375,-0.972,0.0255,-0.125,0.1118,51.82,BULLISH,SELL,0.0,N/A,N/A,N/A,N/A
2026-04-20 10:17:54,SPY,PUT,716.0,2026-04-20,710.1400146484375,-0.993,0.0086,0.0304,0.106,51.82,BULLISH,SELL,0.0,N/A,N/A,N/A,N/A
2026-04-20 10:17:54,SPY,PUT,717.0,2026-04-20,710.1400146484375,-0.989,0.0096,-0.0172,0.1314,51.82,BULLISH,SELL,0.0,N/A,N/A,N/A,N/A
2026-04-20 10:17:54,SPY,PUT,718.0,2026-04-20,710.1400146484375,-1.0,0.0,0.0984,0.0,51.82,BULLISH,SELL,0.0,N/A,N/A,N/A,N/A
2026-04-20 10:17:54,SPY,PUT,719.0,2026-04-20,710.1400146484375,-1.0,0.0002,0.0967,0.1074,51.82,BULLISH,SELL,0.0,N/A,N/A,N/A,N/A
2026-04-20 10:17:54,SPY,PUT,720.0,2026-04-20,710.1400146484375,-1.0,0.0,0.0986,0.0,51.82,BULLISH,SELL,0.0,N/A,N/A,N/A,N/A
2026-04-20 10:17:54,SPY,PUT,721.0,2026-04-20,710.1400146484375,-0.945,0.0166,-0.9238,0.2981,51.82,BULLISH,SELL,0.0,N/A,N/A,N/A,N/A
2026-04-20 10:17:54,SPY,PUT,722.0,2026-04-20,710.1400146484375,-0.941,0.0157,-1.1089,0.3328,51.82,BULLISH,SELL,0.0,N/A,N/A,N/A,N/A
2026-04-20 10:17:54,SPY,PUT,723.0,2026-04-20,710.1400146484375,-0.946,0.0139,-1.0962,0.3514,51.82,BULLISH,SELL,0.0,N/A,N/A,N/A,N/A
2026-04-20 10:17:54,SPY,PUT,724.0,2026-04-20,710.1400146484375,-0.951,0.0123,-1.0579,0.3677,51.82,BULLISH,SELL,0.0,N/A,N/A,N/A,N/A
2026-04-20 10:17:54,SPY,PUT,725.0,2026-04-20,710.1400146484375,-0.954,0.0111,-1.0464,0.3859,51.82,BULLISH,SELL,0.0,N/A,N/A,N/A,N/A
2026-04-20 10:17:54,SPY,PUT,726.0,2026-04-20,710.1400146484375,-0.958,0.01,-1.0226,0.4027,51.82,BULLISH,SELL,0.0,N/A,N/A,N/A,N/A
2026-04-20 10:17:54,SPY,PUT,727.0,2026-04-20,710.1400146484375,-0.961,0.009,-0.9876,0.4182,51.82,BULLISH,SELL,0.0,N/A,N/A,N/A,N/A
2026-04-20 10:17:54,SPY,PUT,728.0,2026-04-20,710.1400146484375,-0.963,0.0082,-0.9778,0.4358,51.82,BULLISH,SELL,0.0,N/A,N/A,N/A,N/A
2026-04-20 10:17:54,SPY,PUT,729.0,2026-04-20,710.1400146484375,-0.966,0.0075,-0.9577,0.4522,51.82,BULLISH,SELL,0.0,N/A,N/A,N/A,N/A
2026-04-20 10:17:54,SPY,PUT,730.0,2026-04-20,710.1400146484375,-0.968,0.0068,-0.9231,0.4668,51.82,BULLISH,SELL,0.0,N/A,N/A,N/A,N/A
2026-04-20 10:17:54,SPY,PUT,731.0,2026-04-20,710.1400146484375,-0.97,0.0063,-0.9151,0.4839,51.82,BULLISH,SELL,0.0,N/A,N/A,N/A,N/A
2026-04-20 10:17:54,SPY,PUT,732.0,2026-04-20,710.1400146484375,-0.972,0.0057,-0.8859,0.4985,51.82,BULLISH,SELL,0.0,N/A,N/A,N/A,N/A
2026-04-20 10:17:54,SPY,PUT,735.0,2026-04-20,710.1400146484375,-0.976,0.0046,-0.8441,0.5461,51.82,BULLISH,SELL,0.0,N/A,N/A,N/A,N/A
2026-04-20 10:17:54,SPY,PUT,740.0,2026-04-20,710.1400146484375,-0.981,0.0033,-0.7681,0.6211,51.82,BULLISH,SELL,0.0,N/A,N/A,N/A,N/A
2026-04-20 10:17:54,SPY,PUT,745.0,2026-04-20,710.1400146484375,-0.985,0.0024,-0.7031,0.6934,51.82,BULLISH,SELL,0.0,N/A,N/A,N/A,N/A
2026-04-20 10:17:55,^NSEI,SPOT,0,N/A,24353.55,0,0,0,0,50,NEUTRAL,WATCH,0,N/A,N/A,N/A,N/A
2026-04-20 10:17:56,^NSEBANK,SPOT,0,N/A,56565.7,0,0,0,0,50,NEUTRAL,WATCH,0,N/A,N/A,N/A,N/A
2026-04-20 10:17:58,BTC-USD,SPOT,0,N/A,74612.703125,0,0,0,0,54.86,BULLISH,WATCH,0,N/A,N/A,N/A,N/A
2026-04-20 10:17:59,ETH-USD,SPOT,0,N/A,2284.860107421875,0,0,0,0,56.76,BULLISH,WATCH,0,N/A,N/A,N/A,N/A
2026-04-20 10:21:00,SPY,CALL,675.0,2026-04-20,710.1400146484375,0.998,0.0005,-0.1916,0.5542,51.82,BULLISH,BUY,99.8,N/A,N/A,N/A,N/A
2026-04-20 10:21:00,SPY,CALL,676.0,2026-04-20,710.1400146484375,0.998,0.0005,-0.2046,0.5469,51.82,BULLISH,BUY,99.8,N/A,N/A,N/A,N/A
2026-04-20 10:21:00,SPY,CALL,677.0,2026-04-20,710.1400146484375,0.998,0.0006,-0.1993,0.5293,51.82,BULLISH,BUY,99.8,N/A,N/A,N/A,N/A
2026-04-20 10:21:00,SPY,CALL,678.0,2026-04-20,710.1400146484375,0.998,0.0006,-0.1984,0.5142,51.82,BULLISH,BUY,99.8,N/A,N/A,N/A,N/A
2026-04-20 10:21:00,SPY,CALL,679.0,2026-04-20,710.1400146484375,0.998,0.0006,-0.2013,0.501,51.82,BULLISH,BUY,99.8,N/A,N/A,N/A,N/A
2026-04-20 10:21:00,SPY,CALL,680.0,2026-04-20,710.1400146484375,0.996,0.0011,-0.3017,0.5259,51.82,BULLISH,BUY,99.6,N/A,N/A,N/A,N/A
2026-04-20 10:21:00,SPY,CALL,681.0,2026-04-20,710.1400146484375,0.995,0.0012,-0.3127,0.5137,51.82,BULLISH,BUY,99.5,N/A,N/A,N/A,N/A
2026-04-20 10:21:00,SPY,CALL,682.0,2026-04-20,710.1400146484375,0.995,0.0013,-0.3181,0.4995,51.82,BULLISH,BUY,99.5,N/A,N/A,N/A,N/A
2026-04-20 10:21:00,SPY,CALL,683.0,2026-04-20,710.1400146484375,0.995,0.0014,-0.3153,0.4829,51.82,BULLISH,BUY,99.5,N/A,N/A,N/A,N/A
2026-04-20 10:21:00,SPY,CALL,684.0,2026-04-20,710.1400146484375,0.994,0.0015,-0.3301,0.4712,51.82,BULLISH,BUY,99.4,N/A,N/A,N/A,N/A
2026-04-20 10:21:00,SPY,CALL,685.0,2026-04-20,710.1400146484375,0.993,0.0018,-0.3601,0.4629,51.82,BULLISH,BUY,99.3,N/A,N/A,N/A,N/A
2026-04-20 10:21:00,SPY,CALL,686.0,2026-04-20,710.1400146484375,0.993,0.002,-0.3665,0.4482,51.82,BULLISH,BUY,99.3,N/A,N/A,N/A,N/A
2026-04-20 10:21:00,SPY,CALL,687.0,2026-04-20,710.1400146484375,0.993,0.0021,-0.365,0.4316,51.82,BULLISH,BUY,99.3,N/A,N/A,N/A,N/A
2026-04-20 10:21:00,SPY,CALL,688.0,2026-04-20,710.1400146484375,0.992,0.0024,-0.3904,0.4209,51.82,BULLISH,BUY,99.2,N/A,N/A,N/A,N/A
2026-04-20 10:21:00,SPY,CALL,689.0,2026-04-20,710.1400146484375,0.991,0.0026,-0.3805,0.4023,51.82,BULLISH,BUY,99.1,N/A,N/A,N/A,N/A
2026-04-20 10:21:00,SPY,CALL,690.0,2026-04-20,710.1400146484375,0.991,0.0029,-0.3981,0.3894,51.82,BULLISH,BUY,99.1,N/A,N/A,N/A,N/A
2026-04-20 10:21:00,SPY,CALL,691.0,2026-04-20,710.1400146484375,0.989,0.0034,-0.4365,0.3799,51.82,BULLISH,BUY,98.9,N/A,N/A,N/A,N/A
2026-04-20 10:21:00,SPY,CALL,692.0,2026-04-20,710.1400146484375,0.988,0.0039,-0.4556,0.3662,51.82,BULLISH,BUY,98.8,N/A,N/A,N/A,N/A
2026-04-20 10:21:00,SPY,CALL,693.0,2026-04-20,710.1400146484375,0.986,0.0045,-0.477,0.3525,51.82,BULLISH,BUY,98.6,N/A,N/A,N/A,N/A
2026-04-20 10:21:00,SPY,CALL,694.0,2026-04-20,710.1400146484375,0.984,0.0052,-0.5093,0.3401,51.82,BULLISH,BUY,98.4,N/A,N/A,N/A,N/A
2026-04-20 10:21:00,SPY,CALL,695.0,2026-04-20,710.1400146484375,0.983,0.0057,-0.5007,0.3213,51.82,BULLISH,BUY,98.3,N/A,N/A,N/A,N/A
2026-04-20 10:21:00,SPY,CALL,696.0,2026-04-20,710.1400146484375,0.979,0.0072,-0.5824,0.3145,51.82,BULLISH,BUY,97.9,N/A,N/A,N/A,N/A
2026-04-20 10:21:00,SPY,CALL,697.0,2026-04-20,710.1400146484375,0.975,0.0085,-0.6322,0.3023,51.82,BULLISH,BUY,97.5,N/A,N/A,N/A,N/A
2026-04-20 10:21:00,SPY,CALL,698.0,2026-04-20,710.1400146484375,0.971,0.0102,-0.6849,0.2896,51.82,BULLISH,BUY,97.1,N/A,N/A,N/A,N/A
2026-04-20 10:21:00,SPY,CALL,699.0,2026-04-20,710.1400146484375,0.964,0.0125,-0.7653,0.2788,51.82,BULLISH,BUY,96.4,N/A,N/A,N/A,N/A
2026-04-20 10:21:00,SPY,CALL,700.0,2026-04-20,710.1400146484375,0.958,0.0151,-0.8262,0.2651,51.82,BULLISH,BUY,95.8,N/A,N/A,N/A,N/A
2026-04-20 10:21:00,SPY,CALL,701.0,2026-04-20,710.1400146484375,0.948,0.0187,-0.925,0.2539,51.82,BULLISH,BUY,94.8,N/A,N/A,N/A,N/A
2026-04-20 10:21:00,SPY,CALL,702.0,2026-04-20,710.1400146484375,0.941,0.0223,-0.9376,0.2346,51.82,BULLISH,BUY,94.1,N/A,N/A,N/A,N/A
2026-04-20 10:21:00,SPY,CALL,703.0,2026-04-20,710.1400146484375,0.924,0.0283,-1.0791,0.2249,51.82,BULLISH,BUY,92.4,N/A,N/A,N/A,N/A
2026-04-20 10:21:00,SPY,CALL,704.0,2026-04-20,710.1400146484375,0.9,0.0362,-1.2565,0.2163,51.82,BULLISH,BUY,90.0,N/A,N/A,N/A,N/A
2026-04-20 10:21:00,SPY,CALL,705.0,2026-04-20,710.1400146484375,0.868,0.0458,-1.4508,0.2078,51.82,BULLISH,BUY,86.8,N/A,N/A,N/A,N/A
2026-04-20 10:21:00,SPY,CALL,706.0,2026-04-20,710.1400146484375,0.826,0.0574,-1.6564,0.1995,51.82,BULLISH,BUY,82.6,N/A,N/A,N/A,N/A
2026-04-20 10:21:00,SPY,CALL,707.0,2026-04-20,710.1400146484375,0.771,0.0703,-1.8617,0.1918,51.82,BULLISH,BUY,77.1,N/A,N/A,N/A,N/A
2026-04-20 10:21:00,SPY,CALL,708.0,2026-04-20,710.1400146484375,0.702,0.0838,-2.0328,0.1842,51.82,BULLISH,BUY,70.2,N/A,N/A,N/A,N/A
2026-04-20 10:21:00,SPY,CALL,709.0,2026-04-20,710.1400146484375,0.618,0.096,-2.1357,0.1769,51.82,BULLISH,BUY,61.8,N/A,N/A,N/A,N/A
2026-04-20 10:21:00,SPY,CALL,710.0,2026-04-20,710.1400146484375,0.52,0.1052,-2.1168,0.1686,51.82,BULLISH,BUY,52.0,N/A,N/A,N/A,N/A
2026-04-20 10:21:00,SPY,CALL,711.0,2026-04-20,710.1400146484375,0.411,0.1069,-1.9803,0.1621,51.82,BULLISH,BUY,41.1,N/A,N/A,N/A,N/A
2026-04-20 10:21:00,SPY,CALL,712.0,2026-04-20,710.1400146484375,0.304,0.0991,-1.7191,0.1571,51.82,BULLISH,HOLD,0.0,N/A,N/A,N/A,N/A
2026-04-20 10:21:00,SPY,CALL,713.0,2026-04-20,710.1400146484375,0.205,0.0833,-1.347,0.1519,51.82,BULLISH,HOLD,0.0,N/A,N/A,N/A,N/A
2026-04-20 10:21:00,SPY,CALL,714.0,2026-04-20,710.1400146484375,0.125,0.0622,-0.9434,0.1472,51.82,BULLISH,HOLD,0.0,N/A,N/A,N/A,N/A
2026-04-20 10:21:00,SPY,CALL,715.0,2026-04-20,710.1400146484375,0.068,0.0408,-0.5881,0.1436,51.82,BULLISH,HOLD,0.0,N/A,N/A,N/A,N/A
2026-04-20 10:21:00,SPY,CALL,716.0,2026-04-20,710.1400146484375,0.035,0.0241,-0.339,0.1421,51.82,BULLISH,HOLD,0.0,N/A,N/A,N/A,N/A
2026-04-20 10:21:00,SPY,CALL,717.0,2026-04-20,710.1400146484375,0.016,0.0127,-0.1767,0.1411,51.82,BULLISH,HOLD,0.0,N/A,N/A,N/A,N/A
2026-04-20 10:21:00,SPY,CALL,718.0,2026-04-20,710.1400146484375,0.007,0.0063,-0.0883,0.1416,51.82,BULLISH,HOLD,0.0,N/A,N/A,N/A,N/A
2026-04-20 10:21:00,SPY,CALL,719.0,2026-04-20,710.1400146484375,0.003,0.0031,-0.0442,0.1436,51.82,BULLISH,HOLD,0.0,N/A,N/A,N/A,N/A
2026-04-20 10:21:00,SPY,CALL,720.0,2026-04-20,710.1400146484375,0.002,0.0015,-0.0232,0.147,51.82,BULLISH,HOLD,0.0,N/A,N/A,N/A,N/A
2026-04-20 10:21:00,SPY,CALL,721.0,2026-04-20,710.1400146484375,0.001,0.001,-0.0168,0.1553,51.82,BULLISH,HOLD,0.0,N/A,N/A,N/A,N/A
2026-04-20 10:21:00,SPY,CALL,722.0,2026-04-20,710.1400146484375,0.0,0.0005,-0.0085,0.1582,51.82,BULLISH,HOLD,0.0,N/A,N/A,N/A,N/A
2026-04-20 10:21:00,SPY,CALL,723.0,2026-04-20,710.1400146484375,0.0,0.0003,-0.0053,0.1641,51.82,BULLISH,HOLD,0.0,N/A,N/A,N/A,N/A
2026-04-20 10:21:00,SPY,CALL,724.0,2026-04-20,710.1400146484375,0.0,0.0002,-0.0046,0.1738,51.82,BULLISH,HOLD,0.0,N/A,N/A,N/A,N/A
2026-04-20 10:21:00,SPY,CALL,725.0,2026-04-20,710.1400146484375,0.0,0.0001,-0.0026,0.1777,51.82,BULLISH,HOLD,0.0,N/A,N/A,N/A,N/A
2026-04-20 10:21:00,SPY,CALL,726.0,2026-04-20,710.1400146484375,0.0,0.0001,-0.0023,0.1875,51.82,BULLISH,HOLD,0.0,N/A,N/A,N/A,N/A
2026-04-20 10:21:00,SPY,CALL,727.0,2026-04-20,710.1400146484375,0.0,0.0001,-0.0021,0.1973,51.82,BULLISH,HOLD,0.0,N/A,N/A,N/A,N/A
2026-04-20 10:21:00,SPY,CALL,728.0,2026-04-20,710.1400146484375,0.0,0.0001,-0.002,0.207,51.82,BULLISH,HOLD,0.0,N/A,N/A,N/A,N/A
2026-04-20 10:21:00,SPY,CALL,729.0,2026-04-20,710.1400146484375,0.0,0.0,-0.0009,0.207,51.82,BULLISH,HOLD,0.0,N/A,N/A,N/A,N/A
2026-04-20 10:21:00,SPY,CALL,730.0,2026-04-20,710.1400146484375,0.0,0.0,-0.0009,0.2168,51.82,BULLISH,HOLD,0.0,N/A,N/A,N/A,N/A
2026-04-20 10:21:00,SPY,CALL,731.0,2026-04-20,710.1400146484375,0.0,0.0,-0.0008,0.2266,51.82,BULLISH,HOLD,0.0,N/A,N/A,N/A,N/A
2026-04-20 10:21:00,SPY,CALL,732.0,2026-04-20,710.1400146484375,0.0,0.0,-0.0007,0.2344,51.82,BULLISH,HOLD,0.0,N/A,N/A,N/A,N/A
2026-04-20 10:21:00,SPY,CALL,733.0,2026-04-20,710.1400146484375,0.0,0.0,-0.0007,0.2441,51.82,BULLISH,HOLD,0.0,N/A,N/A,N/A,N/A
2026-04-20 10:21:00,SPY,CALL,734.0,2026-04-20,710.1400146484375,0.0,0.0,-0.0007,0.2539,51.82,BULLISH,HOLD,0.0,N/A,N/A,N/A,N/A
2026-04-20 10:21:00,SPY,CALL,735.0,2026-04-20,710.1400146484375,0.0,0.0,-0.0006,0.2617,51.82,BULLISH,HOLD,0.0,N/A,N/A,N/A,N/A
2026-04-20 10:21:00,SPY,CALL,736.0,2026-04-20,710.1400146484375,0.0,0.0,-0.0007,0.2734,51.82,BULLISH,HOLD,0.0,N/A,N/A,N/A,N/A
2026-04-20 10:21:00,SPY,CALL,737.0,2026-04-20,710.1400146484375,0.0,0.0,-0.0006,0.2813,51.82,BULLISH,HOLD,0.0,N/A,N/A,N/A,N/A
2026-04-20 10:21:00,SPY,CALL,738.0,2026-04-20,710.1400146484375,0.0,0.0,-0.0005,0.2891,51.82,BULLISH,HOLD,0.0,N/A,N/A,N/A,N/A
2026-04-20 10:21:00,SPY,CALL,739.0,2026-04-20,710.1400146484375,0.0,0.0,-0.0006,0.3008,51.82,BULLISH,HOLD,0.0,N/A,N/A,N/A,N/A
2026-04-20 10:21:00,SPY,CALL,740.0,2026-04-20,710.1400146484375,0.0,0.0,-0.0001,0.2891,51.82,BULLISH,HOLD,0.0,N/A,N/A,N/A,N/A
2026-04-20 10:21:00,SPY,CALL,745.0,2026-04-20,710.1400146484375,0.0,0.0,-0.0001,0.3281,51.82,BULLISH,HOLD,0.0,N/A,N/A,N/A,N/A
2026-04-20 10:21:00,SPY,PUT,675.0,2026-04-20,710.1400146484375,-0.0,0.0,-0.001,0.3906,51.82,BULLISH,SELL,0.0,N/A,N/A,N/A,N/A
2026-04-20 10:21:00,SPY,PUT,676.0,2026-04-20,710.1400146484375,-0.0,0.0,-0.001,0.3809,51.82,BULLISH,SELL,0.0,N/A,N/A,N/A,N/A
2026-04-20 10:21:00,SPY,PUT,677.0,2026-04-20,710.1400146484375,-0.0,0.0,-0.0011,0.3711,51.82,BULLISH,SELL,0.0,N/A,N/A,N/A,N/A
2026-04-20 10:21:00,SPY,PUT,678.0,2026-04-20,710.1400146484375,-0.0,0.0,-0.001,0.3594,51.82,BULLISH,SELL,0.0,N/A,N/A,N/A,N/A
2026-04-20 10:21:00,SPY,PUT,679.0,2026-04-20,710.1400146484375,-0.0,0.0,-0.0011,0.3496,51.82,BULLISH,SELL,0.0,N/A,N/A,N/A,N/A
2026-04-20 10:21:00,SPY,PUT,680.0,2026-04-20,710.1400146484375,-0.0,0.0,-0.0021,0.3516,51.82,BULLISH,SELL,0.0,N/A,N/A,N/A,N/A
2026-04-20 10:21:00,SPY,PUT,681.0,2026-04-20,710.1400146484375,-0.0,0.0,-0.0022,0.3418,51.82,BULLISH,SELL,0.0,N/A,N/A,N/A,N/A
2026-04-20 10:21:00,SPY,PUT,682.0,2026-04-20,710.1400146484375,-0.0,0.0,-0.0024,0.332,51.82,BULLISH,SELL,0.0,N/A,N/A,N/A,N/A
2026-04-20 10:21:00,SPY,PUT,683.0,2026-04-20,710.1400146484375,-0.0,0.0,-0.0023,0.3203,51.82,BULLISH,SELL,0.0,N/A,N/A,N/A,N/A
2026-04-20 10:21:00,SPY,PUT,684.0,2026-04-20,710.1400146484375,-0.0,0.0,-0.0025,0.3106,51.82,BULLISH,SELL,0.0,N/A,N/A,N/A,N/A
2026-04-20 10:21:00,SPY,PUT,685.0,2026-04-20,710.1400146484375,-0.0,0.0001,-0.004,0.3086,51.82,BULLISH,SELL,0.0,N/A,N/A,N/A,N/A
2026-04-20 10:21:00,SPY,PUT,686.0,2026-04-20,710.1400146484375,-0.0,0.0001,-0.004,0.2969,51.82,BULLISH,SELL,0.0,N/A,N/A,N/A,N/A
2026-04-20 10:21:00,SPY,PUT,687.0,2026-04-20,710.1400146484375,-0.0,0.0001,-0.0061,0.294,51.82,BULLISH,SELL,0.0,N/A,N/A,N/A,N/A
2026-04-20 10:21:00,SPY,PUT,688.0,2026-04-20,710.1400146484375,-0.0,0.0001,-0.0064,0.2832,51.82,BULLISH,SELL,0.0,N/A,N/A,N/A,N/A
2026-04-20 10:21:00,SPY,PUT,689.0,2026-04-20,710.1400146484375,-0.0,0.0002,-0.0087,0.2774,51.82,BULLISH,SELL,0.0,N/A,N/A,N/A,N/A
2026-04-20 10:21:00,SPY,PUT,690.0,2026-04-20,710.1400146484375,-0.0,0.0002,-0.0093,0.2666,51.82,BULLISH,SELL,0.0,N/A,N/A,N/A,N/A
2026-04-20 10:21:00,SPY,PUT,691.0,2026-04-20,710.1400146484375,-0.0,0.0003,-0.0127,0.2607,51.82,BULLISH,SELL,0.0,N/A,N/A,N/A,N/A
2026-04-20 10:21:00,SPY,PUT,692.0,2026-04-20,710.1400146484375,-0.001,0.0004,-0.0163,0.2534,51.82,BULLISH,SELL,0.0,N/A,N/A,N/A,N/A
2026-04-20 10:21:00,SPY,PUT,693.0,2026-04-20,710.1400146484375,-0.001,0.0006,-0.025,0.25,51.82,BULLISH,SELL,0.0,N/A,N/A,N/A,N/A
2026-04-20 10:21:00,SPY,PUT,694.0,2026-04-20,710.1400146484375,-0.001,0.0009,-0.035,0.2446,51.82,BULLISH,SELL,0.0,N/A,N/A,N/A,N/A
2026-04-20 10:21:00,SPY,PUT,695.0,2026-04-20,710.1400146484375,-0.002,0.0012,-0.0473,0.2383,51.82,BULLISH,SELL,0.0,N/A,N/A,N/A,N/A
2026-04-20 10:21:00,SPY,PUT,696.0,2026-04-20,710.1400146484375,-0.003,0.0017,-0.0618,0.231,51.82,BULLISH,SELL,0.0,N/A,N/A,N/A,N/A
2026-04-20 10:21:00,SPY,PUT,697.0,2026-04-20,710.1400146484375,-0.004,0.0025,-0.0856,0.2251,51.82,BULLISH,SELL,0.0,N/A,N/A,N/A,N/A
2026-04-20 10:21:00,SPY,PUT,698.0,2026-04-20,710.1400146484375,-0.006,0.0035,-0.1145,0.2183,51.82,BULLISH,SELL,0.0,N/A,N/A,N/A,N/A
2026-04-20 10:21:00,SPY,PUT,699.0,2026-04-20,710.1400146484375,-0.009,0.0051,-0.1559,0.2119,51.82,BULLISH,SELL,0.0,N/A,N/A,N/A,N/A
2026-04-20 10:21:00,SPY,PUT,700.0,2026-04-20,710.1400146484375,-0.014,0.0075,-0.2224,0.2073,51.82,BULLISH,SELL,0.0,N/A,N/A,N/A,N/A
2026-04-20 10:21:00,SPY,PUT,701.0,2026-04-20,710.1400146484375,-0.02,0.0108,-0.2998,0.2009,51.82,BULLISH,SELL,0.0,N/A,N/A,N/A,N/A
2026-04-20 10:21:00,SPY,PUT,702.0,2026-04-20,710.1400146484375,-0.03,0.0157,-0.4106,0.1956,51.82,BULLISH,SELL,0.0,N/A,N/A,N/A,N/A
2026-04-20 10:21:00,SPY,PUT,703.0,2026-04-20,710.1400146484375,-0.045,0.0221,-0.5429,0.1892,51.82,BULLISH,SELL,0.0,N/A,N/A,N/A,N/A
2026-04-20 10:21:00,SPY,PUT,704.0,2026-04-20,710.1400146484375,-0.066,0.0311,-0.7204,0.1838,51.82,BULLISH,SELL,0.0,N/A,N/A,N/A,N/A
2026-04-20 10:21:00,SPY,PUT,705.0,2026-04-20,710.1400146484375,-0.095,0.0426,-0.9124,0.177,51.82,BULLISH,SELL,0.0,N/A,N/A,N/A,N/A
2026-04-20 10:21:00,SPY,PUT,706.0,2026-04-20,710.1400146484375,-0.138,0.0572,-1.1541,0.1719,51.82,BULLISH,SELL,0.0,N/A,N/A,N/A,N/A
2026-04-20 10:21:01,SPY,PUT,707.0,2026-04-20,710.1400146484375,-0.196,0.0742,-1.3931,0.166,51.82,BULLISH,SELL,0.0,N/A,N/A,N/A,N/A
2026-04-20 10:21:01,SPY,PUT,708.0,2026-04-20,710.1400146484375,-0.271,0.0923,-1.6037,0.1599,51.82,BULLISH,SELL,0.0,N/A,N/A,N/A,N/A
2026-04-20 10:21:01,SPY,PUT,709.0,2026-04-20,710.1400146484375,-0.366,0.109,-1.741,0.1536,51.82,BULLISH,SELL,0.0,N/A,N/A,N/A,N/A
2026-04-20 10:21:01,SPY,PUT,710.0,2026-04-20,710.1400146484375,-0.478,0.1201,-1.7634,0.1477,51.82,BULLISH,SELL,0.0,N/A,N/A,N/A,N/A
2026-04-20 10:21:01,SPY,PUT,711.0,2026-04-20,710.1400146484375,-0.601,0.1214,-1.6228,0.1416,51.82,BULLISH,SELL,0.0,N/A,N/A,N/A,N/A
2026-04-20 10:21:01,SPY,PUT,712.0,2026-04-20,710.1400146484375,-0.722,0.1088,-1.3451,0.1372,51.82,BULLISH,SELL,0.0,N/A,N/A,N/A,N/A
2026-04-20 10:21:01,SPY,PUT,713.0,2026-04-20,710.1400146484375,-0.829,0.0858,-0.9457,0.1316,51.82,BULLISH,SELL,0.0,N/A,N/A,N/A,N/A
2026-04-20 10:21:01,SPY,PUT,714.0,2026-04-20,710.1400146484375,-0.915,0.0561,-0.5048,0.1238,51.82,BULLISH,SELL,0.0,N/A,N/A,N/A,N/A
2026-04-20 10:21:01,SPY,PUT,715.0,2026-04-20,710.1400146484375,-0.972,0.0255,-0.125,0.1118,51.82,BULLISH,SELL,0.0,N/A,N/A,N/A,N/A
2026-04-20 10:21:01,SPY,PUT,716.0,2026-04-20,710.1400146484375,-0.993,0.0086,0.0304,0.106,51.82,BULLISH,SELL,0.0,N/A,N/A,N/A,N/A
2026-04-20 10:21:01,SPY,PUT,717.0,2026-04-20,710.1400146484375,-0.989,0.0096,-0.0172,0.1314,51.82,BULLISH,SELL,0.0,N/A,N/A,N/A,N/A
2026-04-20 10:21:01,SPY,PUT,718.0,2026-04-20,710.1400146484375,-1.0,0.0,0.0984,0.0,51.82,BULLISH,SELL,0.0,N/A,N/A,N/A,N/A
2026-04-20 10:21:01,SPY,PUT,719.0,2026-04-20,710.1400146484375,-1.0,0.0002,0.0967,0.1074,51.82,BULLISH,SELL,0.0,N/A,N/A,N/A,N/A
2026-04-20 10:21:01,SPY,PUT,720.0,2026-04-20,710.1400146484375,-1.0,0.0,0.0986,0.0,51.82,BULLISH,SELL,0.0,N/A,N/A,N/A,N/A
2026-04-20 10:21:01,SPY,PUT,721.0,2026-04-20,710.1400146484375,-0.945,0.0166,-0.9238,0.2981,51.82,BULLISH,SELL,0.0,N/A,N/A,N/A,N/A
2026-04-20 10:21:01,SPY,PUT,722.0,2026-04-20,710.1400146484375,-0.941,0.0157,-1.1089,0.3328,51.82,BULLISH,SELL,0.0,N/A,N/A,N/A,N/A
2026-04-20 10:21:01,SPY,PUT,723.0,2026-04-20,710.1400146484375,-0.946,0.0139,-1.0962,0.3514,51.82,BULLISH,SELL,0.0,N/A,N/A,N/A,N/A
2026-04-20 10:21:01,SPY,PUT,724.0,2026-04-20,710.1400146484375,-0.951,0.0123,-1.0579,0.3677,51.82,BULLISH,SELL,0.0,N/A,N/A,N/A,N/A
2026-04-20 10:21:01,SPY,PUT,725.0,2026-04-20,710.1400146484375,-0.954,0.0111,-1.0464,0.3859,51.82,BULLISH,SELL,0.0,N/A,N/A,N/A,N/A
2026-04-20 10:21:01,SPY,PUT,726.0,2026-04-20,710.1400146484375,-0.958,0.01,-1.0226,0.4027,51.82,BULLISH,SELL,0.0,N/A,N/A,N/A,N/A
2026-04-20 10:21:01,SPY,PUT,727.0,2026-04-20,710.1400146484375,-0.961,0.009,-0.9876,0.4182,51.82,BULLISH,SELL,0.0,N/A,N/A,N/A,N/A
2026-04-20 10:21:01,SPY,PUT,728.0,2026-04-20,710.1400146484375,-0.963,0.0082,-0.9778,0.4358,51.82,BULLISH,SELL,0.0,N/A,N/A,N/A,N/A
2026-04-20 10:21:01,SPY,PUT,729.0,2026-04-20,710.1400146484375,-0.966,0.0075,-0.9577,0.4522,51.82,BULLISH,SELL,0.0,N/A,N/A,N/A,N/A
2026-04-20 10:21:01,SPY,PUT,730.0,2026-04-20,710.1400146484375,-0.968,0.0068,-0.9231,0.4668,51.82,BULLISH,SELL,0.0,N/A,N/A,N/A,N/A
2026-04-20 10:21:01,SPY,PUT,731.0,2026-04-20,710.1400146484375,-0.97,0.0063,-0.9151,0.4839,51.82,BULLISH,SELL,0.0,N/A,N/A,N/A,N/A
2026-04-20 10:21:01,SPY,PUT,732.0,2026-04-20,710.1400146484375,-0.972,0.0057,-0.8859,0.4985,51.82,BULLISH,SELL,0.0,N/A,N/A,N/A,N/A
2026-04-20 10:21:01,SPY,PUT,735.0,2026-04-20,710.1400146484375,-0.976,0.0046,-0.8441,0.5461,51.82,BULLISH,SELL,0.0,N/A,N/A,N/A,N/A
2026-04-20 10:21:01,SPY,PUT,740.0,2026-04-20,710.1400146484375,-0.981,0.0033,-0.7681,0.6211,51.82,BULLISH,SELL,0.0,N/A,N/A,N/A,N/A
2026-04-20 10:21:01,SPY,PUT,745.0,2026-04-20,710.1400146484375,-0.985,0.0024,-0.7031,0.6934,51.82,BULLISH,SELL,0.0,N/A,N/A,N/A,N/A
2026-04-20 10:21:02,^NSEI,SPOT,0,N/A,24353.55,0,0,0,0,50,NEUTRAL,WATCH,0,N/A,N/A,N/A,N/A
2026-04-20 10:21:03,^NSEBANK,SPOT,0,N/A,56565.7,0,0,0,0,50,NEUTRAL,WATCH,0,N/A,N/A,N/A,N/A
2026-04-20 10:21:05,BTC-USD,SPOT,0,N/A,74618.75,0,0,0,0,51.02,BULLISH,WATCH,0,N/A,N/A,N/A,N/A
2026-04-20 10:21:06,ETH-USD,SPOT,0,N/A,2284.909912109375,0,0,0,0,55.92,BULLISH,WATCH,0,N/A,N/A,N/A,N/A
2026-04-20 10:33:17,SPY,CALL,675.0,2026-04-20,710.1400146484375,0.998,0.0005,-0.1916,0.5542,51.82,BULLISH,BUY,99.8,N/A,N/A,N/A,N/A
2026-04-20 10:33:17,SPY,CALL,676.0,2026-04-20,710.1400146484375,0.998,0.0005,-0.2046,0.5469,51.82,BULLISH,BUY,99.8,N/A,N/A,N/A,N/A
2026-04-20 10:33:17,SPY,CALL,677.0,2026-04-20,710.1400146484375,0.998,0.0006,-0.1993,0.5293,51.82,BULLISH,BUY,99.8,N/A,N/A,N/A,N/A
2026-04-20 10:33:17,SPY,CALL,678.0,2026-04-20,710.1400146484375,0.998,0.0006,-0.1984,0.5142,51.82,BULLISH,BUY,99.8,N/A,N/A,N/A,N/A
2026-04-20 10:33:17,SPY,CALL,679.0,2026-04-20,710.1400146484375,0.998,0.0006,-0.2013,0.501,51.82,BULLISH,BUY,99.8,N/A,N/A,N/A,N/A
2026-04-20 10:33:17,SPY,CALL,680.0,2026-04-20,710.1400146484375,0.996,0.0011,-0.3017,0.5259,51.82,BULLISH,BUY,99.6,N/A,N/A,N/A,N/A
2026-04-20 10:33:17,SPY,CALL,681.0,2026-04-20,710.1400146484375,0.995,0.0012,-0.3127,0.5137,51.82,BULLISH,BUY,99.5,N/A,N/A,N/A,N/A
2026-04-20 10:33:17,SPY,CALL,682.0,2026-04-20,710.1400146484375,0.995,0.0013,-0.3181,0.4995,51.82,BULLISH,BUY,99.5,N/A,N/A,N/A,N/A
2026-04-20 10:33:17,SPY,CALL,683.0,2026-04-20,710.1400146484375,0.995,0.0014,-0.3153,0.4829,51.82,BULLISH,BUY,99.5,N/A,N/A,N/A,N/A
2026-04-20 10:33:17,SPY,CALL,684.0,2026-04-20,710.1400146484375,0.994,0.0015,-0.3301,0.4712,51.82,BULLISH,BUY,99.4,N/A,N/A,N/A,N/A
2026-04-20 10:33:17,SPY,CALL,685.0,2026-04-20,710.1400146484375,0.993,0.0018,-0.3601,0.4629,51.82,BULLISH,BUY,99.3,N/A,N/A,N/A,N/A
2026-04-20 10:33:17,SPY,CALL,686.0,2026-04-20,710.1400146484375,0.993,0.002,-0.3665,0.4482,51.82,BULLISH,BUY,99.3,N/A,N/A,N/A,N/A
2026-04-20 10:33:17,SPY,CALL,687.0,2026-04-20,710.1400146484375,0.993,0.0021,-0.365,0.4316,51.82,BULLISH,BUY,99.3,N/A,N/A,N/A,N/A
2026-04-20 10:33:17,SPY,CALL,688.0,2026-04-20,710.1400146484375,0.992,0.0024,-0.3904,0.4209,51.82,BULLISH,BUY,99.2,N/A,N/A,N/A,N/A
2026-04-20 10:33:17,SPY,CALL,689.0,2026-04-20,710.1400146484375,0.991,0.0026,-0.3805,0.4023,51.82,BULLISH,BUY,99.1,N/A,N/A,N/A,N/A
2026-04-20 10:33:17,SPY,CALL,690.0,2026-04-20,710.1400146484375,0.991,0.0029,-0.3981,0.3894,51.82,BULLISH,BUY,99.1,N/A,N/A,N/A,N/A
2026-04-20 10:33:17,SPY,CALL,691.0,2026-04-20,710.1400146484375,0.989,0.0034,-0.4365,0.3799,51.82,BULLISH,BUY,98.9,N/A,N/A,N/A,N/A
2026-04-20 10:33:17,SPY,CALL,692.0,2026-04-20,710.1400146484375,0.988,0.0039,-0.4556,0.3662,51.82,BULLISH,BUY,98.8,N/A,N/A,N/A,N/A
2026-04-20 10:33:17,SPY,CALL,693.0,2026-04-20,710.1400146484375,0.986,0.0045,-0.477,0.3525,51.82,BULLISH,BUY,98.6,N/A,N/A,N/A,N/A
2026-04-20 10:33:17,SPY,CALL,694.0,2026-04-20,710.1400146484375,0.984,0.0052,-0.5093,0.3401,51.82,BULLISH,BUY,98.4,N/A,N/A,N/A,N/A
2026-04-20 10:33:17,SPY,CALL,695.0,2026-04-20,710.1400146484375,0.983,0.0057,-0.5007,0.3213,51.82,BULLISH,BUY,98.3,N/A,N/A,N/A,N/A
2026-04-20 10:33:17,SPY,CALL,696.0,2026-04-20,710.1400146484375,0.979,0.0072,-0.5824,0.3145,51.82,BULLISH,BUY,97.9,N/A,N/A,N/A,N/A
2026-04-20 10:33:17,SPY,CALL,697.0,2026-04-20,710.1400146484375,0.975,0.0085,-0.6322,0.3023,51.82,BULLISH,BUY,97.5,N/A,N/A,N/A,N/A
2026-04-20 10:33:17,SPY,CALL,698.0,2026-04-20,710.1400146484375,0.971,0.0102,-0.6849,0.2896,51.82,BULLISH,BUY,97.1,N/A,N/A,N/A,N/A
2026-04-20 10:33:17,SPY,CALL,699.0,2026-04-20,710.1400146484375,0.964,0.0125,-0.7653,0.2788,51.82,BULLISH,BUY,96.4,N/A,N/A,N/A,N/A
2026-04-20 10:33:17,SPY,CALL,700.0,2026-04-20,710.1400146484375,0.958,0.0151,-0.8262,0.2651,51.82,BULLISH,BUY,95.8,N/A,N/A,N/A,N/A
2026-04-20 10:33:17,SPY,CALL,701.0,2026-04-20,710.1400146484375,0.948,0.0187,-0.925,0.2539,51.82,BULLISH,BUY,94.8,N/A,N/A,N/A,N/A
2026-04-20 10:33:17,SPY,CALL,702.0,2026-04-20,710.1400146484375,0.941,0.0223,-0.9376,0.2346,51.82,BULLISH,BUY,94.1,N/A,N/A,N/A,N/A
2026-04-20 10:33:17,SPY,CALL,703.0,2026-04-20,710.1400146484375,0.924,0.0283,-1.0791,0.2249,51.82,BULLISH,BUY,92.4,N/A,N/A,N/A,N/A
2026-04-20 10:33:17,SPY,CALL,704.0,2026-04-20,710.1400146484375,0.9,0.0362,-1.2565,0.2163,51.82,BULLISH,BUY,90.0,N/A,N/A,N/A,N/A
2026-04-20 10:33:17,SPY,CALL,705.0,2026-04-20,710.1400146484375,0.868,0.0458,-1.4508,0.2078,51.82,BULLISH,BUY,86.8,N/A,N/A,N/A,N/A
2026-04-20 10:33:17,SPY,CALL,706.0,2026-04-20,710.1400146484375,0.826,0.0574,-1.6564,0.1995,51.82,BULLISH,BUY,82.6,N/A,N/A,N/A,N/A
2026-04-20 10:33:17,SPY,CALL,707.0,2026-04-20,710.1400146484375,0.771,0.0703,-1.8617,0.1918,51.82,BULLISH,BUY,77.1,N/A,N/A,N/A,N/A
2026-04-20 10:33:17,SPY,CALL,708.0,2026-04-20,710.1400146484375,0.702,0.0838,-2.0328,0.1842,51.82,BULLISH,BUY,70.2,N/A,N/A,N/A,N/A
2026-04-20 10:33:17,SPY,CALL,709.0,2026-04-20,710.1400146484375,0.618,0.096,-2.1357,0.1769,51.82,BULLISH,BUY,61.8,N/A,N/A,N/A,N/A
2026-04-20 10:33:17,SPY,CALL,710.0,2026-04-20,710.1400146484375,0.52,0.1052,-2.1168,0.1686,51.82,BULLISH,BUY,52.0,N/A,N/A,N/A,N/A
2026-04-20 10:33:17,SPY,CALL,711.0,2026-04-20,710.1400146484375,0.411,0.1069,-1.9803,0.1621,51.82,BULLISH,BUY,41.1,N/A,N/A,N/A,N/A
2026-04-20 10:33:17,SPY,CALL,712.0,2026-04-20,710.1400146484375,0.304,0.0991,-1.7191,0.1571,51.82,BULLISH,HOLD,0.0,N/A,N/A,N/A,N/A
2026-04-20 10:33:17,SPY,CALL,713.0,2026-04-20,710.1400146484375,0.205,0.0833,-1.347,0.1519,51.82,BULLISH,HOLD,0.0,N/A,N/A,N/A,N/A
2026-04-20 10:33:17,SPY,CALL,714.0,2026-04-20,710.1400146484375,0.125,0.0622,-0.9434,0.1472,51.82,BULLISH,HOLD,0.0,N/A,N/A,N/A,N/A
2026-04-20 10:33:17,SPY,CALL,715.0,2026-04-20,710.1400146484375,0.068,0.0408,-0.5881,0.1436,51.82,BULLISH,HOLD,0.0,N/A,N/A,N/A,N/A
2026-04-20 10:33:17,SPY,CALL,716.0,2026-04-20,710.1400146484375,0.035,0.0241,-0.339,0.1421,51.82,BULLISH,HOLD,0.0,N/A,N/A,N/A,N/A
2026-04-20 10:33:17,SPY,CALL,717.0,2026-04-20,710.1400146484375,0.016,0.0127,-0.1767,0.1411,51.82,BULLISH,HOLD,0.0,N/A,N/A,N/A,N/A
2026-04-20 10:33:17,SPY,CALL,718.0,2026-04-20,710.1400146484375,0.007,0.0063,-0.0883,0.1416,51.82,BULLISH,HOLD,0.0,N/A,N/A,N/A,N/A
2026-04-20 10:33:17,SPY,CALL,719.0,2026-04-20,710.1400146484375,0.003,0.0031,-0.0442,0.1436,51.82,BULLISH,HOLD,0.0,N/A,N/A,N/A,N/A
2026-04-20 10:33:17,SPY,CALL,720.0,2026-04-20,710.1400146484375,0.002,0.0015,-0.0232,0.147,51.82,BULLISH,HOLD,0.0,N/A,N/A,N/A,N/A
2026-04-20 10:33:17,SPY,CALL,721.0,2026-04-20,710.1400146484375,0.001,0.001,-0.0168,0.1553,51.82,BULLISH,HOLD,0.0,N/A,N/A,N/A,N/A
2026-04-20 10:33:17,SPY,CALL,722.0,2026-04-20,710.1400146484375,0.0,0.0005,-0.0085,0.1582,51.82,BULLISH,HOLD,0.0,N/A,N/A,N/A,N/A
2026-04-20 10:33:17,SPY,CALL,723.0,2026-04-20,710.1400146484375,0.0,0.0003,-0.0053,0.1641,51.82,BULLISH,HOLD,0.0,N/A,N/A,N/A,N/A
2026-04-20 10:33:17,SPY,CALL,724.0,2026-04-20,710.1400146484375,0.0,0.0002,-0.0046,0.1738,51.82,BULLISH,HOLD,0.0,N/A,N/A,N/A,N/A
2026-04-20 10:33:17,SPY,CALL,725.0,2026-04-20,710.1400146484375,0.0,0.0001,-0.0026,0.1777,51.82,BULLISH,HOLD,0.0,N/A,N/A,N/A,N/A
2026-04-20 10:33:17,SPY,CALL,726.0,2026-04-20,710.1400146484375,0.0,0.0001,-0.0023,0.1875,51.82,BULLISH,HOLD,0.0,N/A,N/A,N/A,N/A
2026-04-20 10:33:17,SPY,CALL,727.0,2026-04-20,710.1400146484375,0.0,0.0001,-0.0021,0.1973,51.82,BULLISH,HOLD,0.0,N/A,N/A,N/A,N/A
2026-04-20 10:33:17,SPY,CALL,728.0,2026-04-20,710.1400146484375,0.0,0.0001,-0.002,0.207,51.82,BULLISH,HOLD,0.0,N/A,N/A,N/A,N/A
2026-04-20 10:33:17,SPY,CALL,729.0,2026-04-20,710.1400146484375,0.0,0.0,-0.0009,0.207,51.82,BULLISH,HOLD,0.0,N/A,N/A,N/A,N/A
2026-04-20 10:33:17,SPY,CALL,730.0,2026-04-20,710.1400146484375,0.0,0.0,-0.0009,0.2168,51.82,BULLISH,HOLD,0.0,N/A,N/A,N/A,N/A
2026-04-20 10:33:17,SPY,CALL,731.0,2026-04-20,710.1400146484375,0.0,0.0,-0.0008,0.2266,51.82,BULLISH,HOLD,0.0,N/A,N/A,N/A,N/A
2026-04-20 10:33:17,SPY,CALL,732.0,2026-04-20,710.1400146484375,0.0,0.0,-0.0007,0.2344,51.82,BULLISH,HOLD,0.0,N/A,N/A,N/A,N/A
2026-04-20 10:33:17,SPY,CALL,733.0,2026-04-20,710.1400146484375,0.0,0.0,-0.0007,0.2441,51.82,BULLISH,HOLD,0.0,N/A,N/A,N/A,N/A
2026-04-20 10:33:17,SPY,CALL,734.0,2026-04-20,710.1400146484375,0.0,0.0,-0.0007,0.2539,51.82,BULLISH,HOLD,0.0,N/A,N/A,N/A,N/A
2026-04-20 10:33:17,SPY,CALL,735.0,2026-04-20,710.1400146484375,0.0,0.0,-0.0006,0.2617,51.82,BULLISH,HOLD,0.0,N/A,N/A,N/A,N/A
2026-04-20 10:33:17,SPY,CALL,736.0,2026-04-20,710.1400146484375,0.0,0.0,-0.0007,0.2734,51.82,BULLISH,HOLD,0.0,N/A,N/A,N/A,N/A
2026-04-20 10:33:17,SPY,CALL,737.0,2026-04-20,710.1400146484375,0.0,0.0,-0.0006,0.2813,51.82,BULLISH,HOLD,0.0,N/A,N/A,N/A,N/A
2026-04-20 10:33:17,SPY,CALL,738.0,2026-04-20,710.1400146484375,0.0,0.0,-0.0005,0.2891,51.82,BULLISH,HOLD,0.0,N/A,N/A,N/A,N/A
2026-04-20 10:33:17,SPY,CALL,739.0,2026-04-20,710.1400146484375,0.0,0.0,-0.0006,0.3008,51.82,BULLISH,HOLD,0.0,N/A,N/A,N/A,N/A
2026-04-20 10:33:17,SPY,CALL,740.0,2026-04-20,710.1400146484375,0.0,0.0,-0.0001,0.2891,51.82,BULLISH,HOLD,0.0,N/A,N/A,N/A,N/A
2026-04-20 10:33:17,SPY,CALL,745.0,2026-04-20,710.1400146484375,0.0,0.0,-0.0001,0.3281,51.82,BULLISH,HOLD,0.0,N/A,N/A,N/A,N/A
2026-04-20 10:33:17,SPY,PUT,675.0,2026-04-20,710.1400146484375,-0.0,0.0,-0.001,0.3906,51.82,BULLISH,SELL,0.0,N/A,N/A,N/A,N/A
2026-04-20 10:33:17,SPY,PUT,676.0,2026-04-20,710.1400146484375,-0.0,0.0,-0.001,0.3809,51.82,BULLISH,SELL,0.0,N/A,N/A,N/A,N/A
2026-04-20 10:33:17,SPY,PUT,677.0,2026-04-20,710.1400146484375,-0.0,0.0,-0.0011,0.3711,51.82,BULLISH,SELL,0.0,N/A,N/A,N/A,N/A
2026-04-20 10:33:17,SPY,PUT,678.0,2026-04-20,710.1400146484375,-0.0,0.0,-0.001,0.3594,51.82,BULLISH,SELL,0.0,N/A,N/A,N/A,N/A
2026-04-20 10:33:17,SPY,PUT,679.0,2026-04-20,710.1400146484375,-0.0,0.0,-0.0011,0.3496,51.82,BULLISH,SELL,0.0,N/A,N/A,N/A,N/A
2026-04-20 10:33:17,SPY,PUT,680.0,2026-04-20,710.1400146484375,-0.0,0.0,-0.0021,0.3516,51.82,BULLISH,SELL,0.0,N/A,N/A,N/A,N/A
2026-04-20 10:33:17,SPY,PUT,681.0,2026-04-20,710.1400146484375,-0.0,0.0,-0.0022,0.3418,51.82,BULLISH,SELL,0.0,N/A,N/A,N/A,N/A
2026-04-20 10:33:17,SPY,PUT,682.0,2026-04-20,710.1400146484375,-0.0,0.0,-0.0024,0.332,51.82,BULLISH,SELL,0.0,N/A,N/A,N/A,N/A
2026-04-20 10:33:17,SPY,PUT,683.0,2026-04-20,710.1400146484375,-0.0,0.0,-0.0023,0.3203,51.82,BULLISH,SELL,0.0,N/A,N/A,N/A,N/A
2026-04-20 10:33:17,SPY,PUT,684.0,2026-04-20,710.1400146484375,-0.0,0.0,-0.0025,0.3106,51.82,BULLISH,SELL,0.0,N/A,N/A,N/A,N/A
2026-04-20 10:33:17,SPY,PUT,685.0,2026-04-20,710.1400146484375,-0.0,0.0001,-0.004,0.3086,51.82,BULLISH,SELL,0.0,N/A,N/A,N/A,N/A
2026-04-20 10:33:17,SPY,PUT,686.0,2026-04-20,710.1400146484375,-0.0,0.0001,-0.004,0.2969,51.82,BULLISH,SELL,0.0,N/A,N/A,N/A,N/A
2026-04-20 10:33:17,SPY,PUT,687.0,2026-04-20,710.1400146484375,-0.0,0.0001,-0.0061,0.294,51.82,BULLISH,SELL,0.0,N/A,N/A,N/A,N/A
2026-04-20 10:33:17,SPY,PUT,688.0,2026-04-20,710.1400146484375,-0.0,0.0001,-0.0064,0.2832,51.82,BULLISH,SELL,0.0,N/A,N/A,N/A,N/A
2026-04-20 10:33:17,SPY,PUT,689.0,2026-04-20,710.1400146484375,-0.0,0.0002,-0.0087,0.2774,51.82,BULLISH,SELL,0.0,N/A,N/A,N/A,N/A
2026-04-20 10:33:17,SPY,PUT,690.0,2026-04-20,710.1400146484375,-0.0,0.0002,-0.0093,0.2666,51.82,BULLISH,SELL,0.0,N/A,N/A,N/A,N/A
2026-04-20 10:33:17,SPY,PUT,691.0,2026-04-20,710.1400146484375,-0.0,0.0003,-0.0127,0.2607,51.82,BULLISH,SELL,0.0,N/A,N/A,N/A,N/A
2026-04-20 10:33:17,SPY,PUT,692.0,2026-04-20,710.1400146484375,-0.001,0.0004,-0.0163,0.2534,51.82,BULLISH,SELL,0.0,N/A,N/A,N/A,N/A
2026-04-20 10:33:17,SPY,PUT,693.0,2026-04-20,710.1400146484375,-0.001,0.0006,-0.025,0.25,51.82,BULLISH,SELL,0.0,N/A,N/A,N/A,N/A
2026-04-20 10:33:17,SPY,PUT,694.0,2026-04-20,710.1400146484375,-0.001,0.0009,-0.035,0.2446,51.82,BULLISH,SELL,0.0,N/A,N/A,N/A,N/A
2026-04-20 10:33:17,SPY,PUT,695.0,2026-04-20,710.1400146484375,-0.002,0.0012,-0.0473,0.2383,51.82,BULLISH,SELL,0.0,N/A,N/A,N/A,N/A
2026-04-20 10:33:17,SPY,PUT,696.0,2026-04-20,710.1400146484375,-0.003,0.0017,-0.0618,0.231,51.82,BULLISH,SELL,0.0,N/A,N/A,N/A,N/A
2026-04-20 10:33:17,SPY,PUT,697.0,2026-04-20,710.1400146484375,-0.004,0.0025,-0.0856,0.2251,51.82,BULLISH,SELL,0.0,N/A,N/A,N/A,N/A
2026-04-20 10:33:17,SPY,PUT,698.0,2026-04-20,710.1400146484375,-0.006,0.0035,-0.1145,0.2183,51.82,BULLISH,SELL,0.0,N/A,N/A,N/A,N/A
2026-04-20 10:33:17,SPY,PUT,699.0,2026-04-20,710.1400146484375,-0.009,0.0051,-0.1559,0.2119,51.82,BULLISH,SELL,0.0,N/A,N/A,N/A,N/A
2026-04-20 10:33:17,SPY,PUT,700.0,2026-04-20,710.1400146484375,-0.014,0.0075,-0.2224,0.2073,51.82,BULLISH,SELL,0.0,N/A,N/A,N/A,N/A
2026-04-20 10:33:17,SPY,PUT,701.0,2026-04-20,710.1400146484375,-0.02,0.0108,-0.2998,0.2009,51.82,BULLISH,SELL,0.0,N/A,N/A,N/A,N/A
2026-04-20 10:33:17,SPY,PUT,702.0,2026-04-20,710.1400146484375,-0.03,0.0157,-0.4106,0.1956,51.82,BULLISH,SELL,0.0,N/A,N/A,N/A,N/A
2026-04-20 10:33:17,SPY,PUT,703.0,2026-04-20,710.1400146484375,-0.045,0.0221,-0.5429,0.1892,51.82,BULLISH,SELL,0.0,N/A,N/A,N/A,N/A
2026-04-20 10:33:17,SPY,PUT,704.0,2026-04-20,710.1400146484375,-0.066,0.0311,-0.7204,0.1838,51.82,BULLISH,SELL,0.0,N/A,N/A,N/A,N/A
2026-04-20 10:33:17,SPY,PUT,705.0,2026-04-20,710.1400146484375,-0.095,0.0426,-0.9124,0.177,51.82,BULLISH,SELL,0.0,N/A,N/A,N/A,N/A
2026-04-20 10:33:17,SPY,PUT,706.0,2026-04-20,710.1400146484375,-0.138,0.0572,-1.1541,0.1719,51.82,BULLISH,SELL,0.0,N/A,N/A,N/A,N/A
2026-04-20 10:33:17,SPY,PUT,707.0,2026-04-20,710.1400146484375,-0.196,0.0742,-1.3931,0.166,51.82,BULLISH,SELL,0.0,N/A,N/A,N/A,N/A
2026-04-20 10:33:17,SPY,PUT,708.0,2026-04-20,710.1400146484375,-0.271,0.0923,-1.6037,0.1599,51.82,BULLISH,SELL,0.0,N/A,N/A,N/A,N/A
2026-04-20 10:33:17,SPY,PUT,709.0,2026-04-20,710.1400146484375,-0.366,0.109,-1.741,0.1536,51.82,BULLISH,SELL,0.0,N/A,N/A,N/A,N/A
2026-04-20 10:33:17,SPY,PUT,710.0,2026-04-20,710.1400146484375,-0.478,0.1201,-1.7634,0.1477,51.82,BULLISH,SELL,0.0,N/A,N/A,N/A,N/A
2026-04-20 10:33:17,SPY,PUT,711.0,2026-04-20,710.1400146484375,-0.601,0.1214,-1.6228,0.1416,51.82,BULLISH,SELL,0.0,N/A,N/A,N/A,N/A
2026-04-20 10:33:17,SPY,PUT,712.0,2026-04-20,710.1400146484375,-0.722,0.1088,-1.3451,0.1372,51.82,BULLISH,SELL,0.0,N/A,N/A,N/A,N/A
2026-04-20 10:33:17,SPY,PUT,713.0,2026-04-20,710.1400146484375,-0.829,0.0858,-0.9457,0.1316,51.82,BULLISH,SELL,0.0,N/A,N/A,N/A,N/A
2026-04-20 10:33:17,SPY,PUT,714.0,2026-04-20,710.1400146484375,-0.915,0.0561,-0.5048,0.1238,51.82,BULLISH,SELL,0.0,N/A,N/A,N/A,N/A
2026-04-20 10:33:17,SPY,PUT,715.0,2026-04-20,710.1400146484375,-0.972,0.0255,-0.125,0.1118,51.82,BULLISH,SELL,0.0,N/A,N/A,N/A,N/A
2026-04-20 10:33:17,SPY,PUT,716.0,2026-04-20,710.1400146484375,-0.993,0.0086,0.0304,0.106,51.82,BULLISH,SELL,0.0,N/A,N/A,N/A,N/A
2026-04-20 10:33:17,SPY,PUT,717.0,2026-04-20,710.1400146484375,-0.989,0.0096,-0.0172,0.1314,51.82,BULLISH,SELL,0.0,N/A,N/A,N/A,N/A
2026-04-20 10:33:17,SPY,PUT,718.0,2026-04-20,710.1400146484375,-1.0,0.0,0.0984,0.0,51.82,BULLISH,SELL,0.0,N/A,N/A,N/A,N/A
2026-04-20 10:33:17,SPY,PUT,719.0,2026-04-20,710.1400146484375,-1.0,0.0002,0.0967,0.1074,51.82,BULLISH,SELL,0.0,N/A,N/A,N/A,N/A
2026-04-20 10:33:17,SPY,PUT,720.0,2026-04-20,710.1400146484375,-1.0,0.0,0.0986,0.0,51.82,BULLISH,SELL,0.0,N/A,N/A,N/A,N/A
2026-04-20 10:33:17,SPY,PUT,721.0,2026-04-20,710.1400146484375,-0.945,0.0166,-0.9238,0.2981,51.82,BULLISH,SELL,0.0,N/A,N/A,N/A,N/A
2026-04-20 10:33:17,SPY,PUT,722.0,2026-04-20,710.1400146484375,-0.941,0.0157,-1.1089,0.3328,51.82,BULLISH,SELL,0.0,N/A,N/A,N/A,N/A
2026-04-20 10:33:17,SPY,PUT,723.0,2026-04-20,710.1400146484375,-0.946,0.0139,-1.0962,0.3514,51.82,BULLISH,SELL,0.0,N/A,N/A,N/A,N/A
2026-04-20 10:33:17,SPY,PUT,724.0,2026-04-20,710.1400146484375,-0.951,0.0123,-1.0579,0.3677,51.82,BULLISH,SELL,0.0,N/A,N/A,N/A,N/A
2026-04-20 10:33:17,SPY,PUT,725.0,2026-04-20,710.1400146484375,-0.954,0.0111,-1.0464,0.3859,51.82,BULLISH,SELL,0.0,N/A,N/A,N/A,N/A
2026-04-20 10:33:17,SPY,PUT,726.0,2026-04-20,710.1400146484375,-0.958,0.01,-1.0226,0.4027,51.82,BULLISH,SELL,0.0,N/A,N/A,N/A,N/A
2026-04-20 10:33:17,SPY,PUT,727.0,2026-04-20,710.1400146484375,-0.961,0.009,-0.9876,0.4182,51.82,BULLISH,SELL,0.0,N/A,N/A,N/A,N/A
2026-04-20 10:33:17,SPY,PUT,728.0,2026-04-20,710.1400146484375,-0.963,0.0082,-0.9778,0.4358,51.82,BULLISH,SELL,0.0,N/A,N/A,N/A,N/A
2026-04-20 10:33:17,SPY,PUT,729.0,2026-04-20,710.1400146484375,-0.966,0.0075,-0.9577,0.4522,51.82,BULLISH,SELL,0.0,N/A,N/A,N/A,N/A
2026-04-20 10:33:17,SPY,PUT,730.0,2026-04-20,710.1400146484375,-0.968,0.0068,-0.9231,0.4668,51.82,BULLISH,SELL,0.0,N/A,N/A,N/A,N/A
2026-04-20 10:33:17,SPY,PUT,731.0,2026-04-20,710.1400146484375,-0.97,0.0063,-0.9151,0.4839,51.82,BULLISH,SELL,0.0,N/A,N/A,N/A,N/A
2026-04-20 10:33:17,SPY,PUT,732.0,2026-04-20,710.1400146484375,-0.972,0.0057,-0.8859,0.4985,51.82,BULLISH,SELL,0.0,N/A,N/A,N/A,N/A
2026-04-20 10:33:17,SPY,PUT,735.0,2026-04-20,710.1400146484375,-0.976,0.0046,-0.8441,0.5461,51.82,BULLISH,SELL,0.0,N/A,N/A,N/A,N/A
2026-04-20 10:33:17,SPY,PUT,740.0,2026-04-20,710.1400146484375,-0.981,0.0033,-0.7681,0.6211,51.82,BULLISH,SELL,0.0,N/A,N/A,N/A,N/A
2026-04-20 10:33:17,SPY,PUT,745.0,2026-04-20,710.1400146484375,-0.985,0.0024,-0.7031,0.6934,51.82,BULLISH,SELL,0.0,N/A,N/A,N/A,N/A
2026-04-20 10:33:18,^NSEI,SPOT,0,N/A,24353.55,0,0,0,0,50,NEUTRAL,WATCH,0,N/A,N/A,N/A,N/A
2026-04-20 10:33:19,^NSEBANK,SPOT,0,N/A,56565.7,0,0,0,0,50,NEUTRAL,WATCH,0,N/A,N/A,N/A,N/A
2026-04-20 10:33:19,BTC-USD,SPOT,0,N/A,74506.40625,0,0,0,0,32.67,BEARISH,WATCH,0,N/A,N/A,N/A,N/A
2026-04-20 10:33:20,ETH-USD,SPOT,0,N/A,2279.699951171875,0,0,0,0,27.78,BEARISH,WATCH,0,N/A,N/A,N/A,N/A
2026-04-20 10:36:22,SPY,CALL,675.0,2026-04-20,710.1400146484375,0.998,0.0005,-0.1916,0.5542,51.82,BULLISH,BUY,99.8,N/A,N/A,N/A,N/A
2026-04-20 10:36:22,SPY,CALL,676.0,2026-04-20,710.1400146484375,0.998,0.0005,-0.2046,0.5469,51.82,BULLISH,BUY,99.8,N/A,N/A,N/A,N/A
2026-04-20 10:36:22,SPY,CALL,677.0,2026-04-20,710.1400146484375,0.998,0.0006,-0.1993,0.5293,51.82,BULLISH,BUY,99.8,N/A,N/A,N/A,N/A
2026-04-20 10:36:22,SPY,CALL,678.0,2026-04-20,710.1400146484375,0.998,0.0006,-0.1984,0.5142,51.82,BULLISH,BUY,99.8,N/A,N/A,N/A,N/A
2026-04-20 10:36:22,SPY,CALL,679.0,2026-04-20,710.1400146484375,0.998,0.0006,-0.2013,0.501,51.82,BULLISH,BUY,99.8,N/A,N/A,N/A,N/A
2026-04-20 10:36:22,SPY,CALL,680.0,2026-04-20,710.1400146484375,0.996,0.0011,-0.3017,0.5259,51.82,BULLISH,BUY,99.6,N/A,N/A,N/A,N/A
2026-04-20 10:36:22,SPY,CALL,681.0,2026-04-20,710.1400146484375,0.995,0.0012,-0.3127,0.5137,51.82,BULLISH,BUY,99.5,N/A,N/A,N/A,N/A
2026-04-20 10:36:22,SPY,CALL,682.0,2026-04-20,710.1400146484375,0.995,0.0013,-0.3181,0.4995,51.82,BULLISH,BUY,99.5,N/A,N/A,N/A,N/A
2026-04-20 10:36:22,SPY,CALL,683.0,2026-04-20,710.1400146484375,0.995,0.0014,-0.3153,0.4829,51.82,BULLISH,BUY,99.5,N/A,N/A,N/A,N/A
2026-04-20 10:36:22,SPY,CALL,684.0,2026-04-20,710.1400146484375,0.994,0.0015,-0.3301,0.4712,51.82,BULLISH,BUY,99.4,N/A,N/A,N/A,N/A
2026-04-20 10:36:22,SPY,CALL,685.0,2026-04-20,710.1400146484375,0.993,0.0018,-0.3601,0.4629,51.82,BULLISH,BUY,99.3,N/A,N/A,N/A,N/A
2026-04-20 10:36:22,SPY,CALL,686.0,2026-04-20,710.1400146484375,0.993,0.002,-0.3665,0.4482,51.82,BULLISH,BUY,99.3,N/A,N/A,N/A,N/A
2026-04-20 10:36:22,SPY,CALL,687.0,2026-04-20,710.1400146484375,0.993,0.0021,-0.365,0.4316,51.82,BULLISH,BUY,99.3,N/A,N/A,N/A,N/A
2026-04-20 10:36:22,SPY,CALL,688.0,2026-04-20,710.1400146484375,0.992,0.0024,-0.3904,0.4209,51.82,BULLISH,BUY,99.2,N/A,N/A,N/A,N/A
2026-04-20 10:36:22,SPY,CALL,689.0,2026-04-20,710.1400146484375,0.991,0.0026,-0.3805,0.4023,51.82,BULLISH,BUY,99.1,N/A,N/A,N/A,N/A
2026-04-20 10:36:22,SPY,CALL,690.0,2026-04-20,710.1400146484375,0.991,0.0029,-0.3981,0.3894,51.82,BULLISH,BUY,99.1,N/A,N/A,N/A,N/A
2026-04-20 10:36:22,SPY,CALL,691.0,2026-04-20,710.1400146484375,0.989,0.0034,-0.4365,0.3799,51.82,BULLISH,BUY,98.9,N/A,N/A,N/A,N/A
2026-04-20 10:36:22,SPY,CALL,692.0,2026-04-20,710.1400146484375,0.988,0.0039,-0.4556,0.3662,51.82,BULLISH,BUY,98.8,N/A,N/A,N/A,N/A
2026-04-20 10:36:22,SPY,CALL,693.0,2026-04-20,710.1400146484375,0.986,0.0045,-0.477,0.3525,51.82,BULLISH,BUY,98.6,N/A,N/A,N/A,N/A
2026-04-20 10:36:22,SPY,CALL,694.0,2026-04-20,710.1400146484375,0.984,0.0052,-0.5093,0.3401,51.82,BULLISH,BUY,98.4,N/A,N/A,N/A,N/A
2026-04-20 10:36:22,SPY,CALL,695.0,2026-04-20,710.1400146484375,0.983,0.0057,-0.5007,0.3213,51.82,BULLISH,BUY,98.3,N/A,N/A,N/A,N/A
2026-04-20 10:36:22,SPY,CALL,696.0,2026-04-20,710.1400146484375,0.979,0.0072,-0.5824,0.3145,51.82,BULLISH,BUY,97.9,N/A,N/A,N/A,N/A
2026-04-20 10:36:22,SPY,CALL,697.0,2026-04-20,710.1400146484375,0.975,0.0085,-0.6322,0.3023,51.82,BULLISH,BUY,97.5,N/A,N/A,N/A,N/A
2026-04-20 10:36:22,SPY,CALL,698.0,2026-04-20,710.1400146484375,0.971,0.0102,-0.6849,0.2896,51.82,BULLISH,BUY,97.1,N/A,N/A,N/A,N/A
2026-04-20 10:36:22,SPY,CALL,699.0,2026-04-20,710.1400146484375,0.964,0.0125,-0.7653,0.2788,51.82,BULLISH,BUY,96.4,N/A,N/A,N/A,N/A
2026-04-20 10:36:22,SPY,CALL,700.0,2026-04-20,710.1400146484375,0.958,0.0151,-0.8262,0.2651,51.82,BULLISH,BUY,95.8,N/A,N/A,N/A,N/A
2026-04-20 10:36:22,SPY,CALL,701.0,2026-04-20,710.1400146484375,0.948,0.0187,-0.925,0.2539,51.82,BULLISH,BUY,94.8,N/A,N/A,N/A,N/A
2026-04-20 10:36:22,SPY,CALL,702.0,2026-04-20,710.1400146484375,0.941,0.0223,-0.9376,0.2346,51.82,BULLISH,BUY,94.1,N/A,N/A,N/A,N/A
2026-04-20 10:36:22,SPY,CALL,703.0,2026-04-20,710.1400146484375,0.924,0.0283,-1.0791,0.2249,51.82,BULLISH,BUY,92.4,N/A,N/A,N/A,N/A
2026-04-20 10:36:22,SPY,CALL,704.0,2026-04-20,710.1400146484375,0.9,0.0362,-1.2565,0.2163,51.82,BULLISH,BUY,90.0,N/A,N/A,N/A,N/A
2026-04-20 10:36:22,SPY,CALL,705.0,2026-04-20,710.1400146484375,0.868,0.0458,-1.4508,0.2078,51.82,BULLISH,BUY,86.8,N/A,N/A,N/A,N/A
2026-04-20 10:36:22,SPY,CALL,706.0,2026-04-20,710.1400146484375,0.826,0.0574,-1.6564,0.1995,51.82,BULLISH,BUY,82.6,N/A,N/A,N/A,N/A
2026-04-20 10:36:22,SPY,CALL,707.0,2026-04-20,710.1400146484375,0.771,0.0703,-1.8617,0.1918,51.82,BULLISH,BUY,77.1,N/A,N/A,N/A,N/A
2026-04-20 10:36:22,SPY,CALL,708.0,2026-04-20,710.1400146484375,0.702,0.0838,-2.0328,0.1842,51.82,BULLISH,BUY,70.2,N/A,N/A,N/A,N/A
2026-04-20 10:36:22,SPY,CALL,709.0,2026-04-20,710.1400146484375,0.618,0.096,-2.1357,0.1769,51.82,BULLISH,BUY,61.8,N/A,N/A,N/A,N/A
2026-04-20 10:36:22,SPY,CALL,710.0,2026-04-20,710.1400146484375,0.52,0.1052,-2.1168,0.1686,51.82,BULLISH,BUY,52.0,N/A,N/A,N/A,N/A
2026-04-20 10:36:22,SPY,CALL,711.0,2026-04-20,710.1400146484375,0.411,0.1069,-1.9803,0.1621,51.82,BULLISH,BUY,41.1,N/A,N/A,N/A,N/A
2026-04-20 10:36:22,SPY,CALL,712.0,2026-04-20,710.1400146484375,0.304,0.0991,-1.7191,0.1571,51.82,BULLISH,HOLD,0.0,N/A,N/A,N/A,N/A
2026-04-20 10:36:22,SPY,CALL,713.0,2026-04-20,710.1400146484375,0.205,0.0833,-1.347,0.1519,51.82,BULLISH,HOLD,0.0,N/A,N/A,N/A,N/A
2026-04-20 10:36:22,SPY,CALL,714.0,2026-04-20,710.1400146484375,0.125,0.0622,-0.9434,0.1472,51.82,BULLISH,HOLD,0.0,N/A,N/A,N/A,N/A
2026-04-20 10:36:22,SPY,CALL,715.0,2026-04-20,710.1400146484375,0.068,0.0408,-0.5881,0.1436,51.82,BULLISH,HOLD,0.0,N/A,N/A,N/A,N/A
2026-04-20 10:36:22,SPY,CALL,716.0,2026-04-20,710.1400146484375,0.035,0.0241,-0.339,0.1421,51.82,BULLISH,HOLD,0.0,N/A,N/A,N/A,N/A
2026-04-20 10:36:22,SPY,CALL,717.0,2026-04-20,710.1400146484375,0.016,0.0127,-0.1767,0.1411,51.82,BULLISH,HOLD,0.0,N/A,N/A,N/A,N/A
2026-04-20 10:36:22,SPY,CALL,718.0,2026-04-20,710.1400146484375,0.007,0.0063,-0.0883,0.1416,51.82,BULLISH,HOLD,0.0,N/A,N/A,N/A,N/A
2026-04-20 10:36:22,SPY,CALL,719.0,2026-04-20,710.1400146484375,0.003,0.0031,-0.0442,0.1436,51.82,BULLISH,HOLD,0.0,N/A,N/A,N/A,N/A
2026-04-20 10:36:22,SPY,CALL,720.0,2026-04-20,710.1400146484375,0.002,0.0015,-0.0232,0.147,51.82,BULLISH,HOLD,0.0,N/A,N/A,N/A,N/A
2026-04-20 10:36:22,SPY,CALL,721.0,2026-04-20,710.1400146484375,0.001,0.001,-0.0168,0.1553,51.82,BULLISH,HOLD,0.0,N/A,N/A,N/A,N/A
2026-04-20 10:36:22,SPY,CALL,722.0,2026-04-20,710.1400146484375,0.0,0.0005,-0.0085,0.1582,51.82,BULLISH,HOLD,0.0,N/A,N/A,N/A,N/A
2026-04-20 10:36:22,SPY,CALL,723.0,2026-04-20,710.1400146484375,0.0,0.0003,-0.0053,0.1641,51.82,BULLISH,HOLD,0.0,N/A,N/A,N/A,N/A
2026-04-20 10:36:22,SPY,CALL,724.0,2026-04-20,710.1400146484375,0.0,0.0002,-0.0046,0.1738,51.82,BULLISH,HOLD,0.0,N/A,N/A,N/A,N/A
2026-04-20 10:36:22,SPY,CALL,725.0,2026-04-20,710.1400146484375,0.0,0.0001,-0.0026,0.1777,51.82,BULLISH,HOLD,0.0,N/A,N/A,N/A,N/A
2026-04-20 10:36:22,SPY,CALL,726.0,2026-04-20,710.1400146484375,0.0,0.0001,-0.0023,0.1875,51.82,BULLISH,HOLD,0.0,N/A,N/A,N/A,N/A
2026-04-20 10:36:22,SPY,CALL,727.0,2026-04-20,710.1400146484375,0.0,0.0001,-0.0021,0.1973,51.82,BULLISH,HOLD,0.0,N/A,N/A,N/A,N/A
2026-04-20 10:36:22,SPY,CALL,728.0,2026-04-20,710.1400146484375,0.0,0.0001,-0.002,0.207,51.82,BULLISH,HOLD,0.0,N/A,N/A,N/A,N/A
2026-04-20 10:36:22,SPY,CALL,729.0,2026-04-20,710.1400146484375,0.0,0.0,-0.0009,0.207,51.82,BULLISH,HOLD,0.0,N/A,N/A,N/A,N/A
2026-04-20 10:36:22,SPY,CALL,730.0,2026-04-20,710.1400146484375,0.0,0.0,-0.0009,0.2168,51.82,BULLISH,HOLD,0.0,N/A,N/A,N/A,N/A
2026-04-20 10:36:22,SPY,CALL,731.0,2026-04-20,710.1400146484375,0.0,0.0,-0.0008,0.2266,51.82,BULLISH,HOLD,0.0,N/A,N/A,N/A,N/A
2026-04-20 10:36:22,SPY,CALL,732.0,2026-04-20,710.1400146484375,0.0,0.0,-0.0007,0.2344,51.82,BULLISH,HOLD,0.0,N/A,N/A,N/A,N/A
2026-04-20 10:36:22,SPY,CALL,733.0,2026-04-20,710.1400146484375,0.0,0.0,-0.0007,0.2441,51.82,BULLISH,HOLD,0.0,N/A,N/A,N/A,N/A
2026-04-20 10:36:22,SPY,CALL,734.0,2026-04-20,710.1400146484375,0.0,0.0,-0.0007,0.2539,51.82,BULLISH,HOLD,0.0,N/A,N/A,N/A,N/A
2026-04-20 10:36:22,SPY,CALL,735.0,2026-04-20,710.1400146484375,0.0,0.0,-0.0006,0.2617,51.82,BULLISH,HOLD,0.0,N/A,N/A,N/A,N/A
2026-04-20 10:36:22,SPY,CALL,736.0,2026-04-20,710.1400146484375,0.0,0.0,-0.0007,0.2734,51.82,BULLISH,HOLD,0.0,N/A,N/A,N/A,N/A
2026-04-20 10:36:22,SPY,CALL,737.0,2026-04-20,710.1400146484375,0.0,0.0,-0.0006,0.2813,51.82,BULLISH,HOLD,0.0,N/A,N/A,N/A,N/A
2026-04-20 10:36:22,SPY,CALL,738.0,2026-04-20,710.1400146484375,0.0,0.0,-0.0005,0.2891,51.82,BULLISH,HOLD,0.0,N/A,N/A,N/A,N/A
2026-04-20 10:36:22,SPY,CALL,739.0,2026-04-20,710.1400146484375,0.0,0.0,-0.0006,0.3008,51.82,BULLISH,HOLD,0.0,N/A,N/A,N/A,N/A
2026-04-20 10:36:22,SPY,CALL,740.0,2026-04-20,710.1400146484375,0.0,0.0,-0.0001,0.2891,51.82,BULLISH,HOLD,0.0,N/A,N/A,N/A,N/A
2026-04-20 10:36:22,SPY,CALL,745.0,2026-04-20,710.1400146484375,0.0,0.0,-0.0001,0.3281,51.82,BULLISH,HOLD,0.0,N/A,N/A,N/A,N/A
2026-04-20 10:36:22,SPY,PUT,675.0,2026-04-20,710.1400146484375,-0.0,0.0,-0.001,0.3906,51.82,BULLISH,SELL,0.0,N/A,N/A,N/A,N/A
2026-04-20 10:36:22,SPY,PUT,676.0,2026-04-20,710.1400146484375,-0.0,0.0,-0.001,0.3809,51.82,BULLISH,SELL,0.0,N/A,N/A,N/A,N/A
2026-04-20 10:36:22,SPY,PUT,677.0,2026-04-20,710.1400146484375,-0.0,0.0,-0.0011,0.3711,51.82,BULLISH,SELL,0.0,N/A,N/A,N/A,N/A
2026-04-20 10:36:22,SPY,PUT,678.0,2026-04-20,710.1400146484375,-0.0,0.0,-0.001,0.3594,51.82,BULLISH,SELL,0.0,N/A,N/A,N/A,N/A
2026-04-20 10:36:22,SPY,PUT,679.0,2026-04-20,710.1400146484375,-0.0,0.0,-0.0011,0.3496,51.82,BULLISH,SELL,0.0,N/A,N/A,N/A,N/A
2026-04-20 10:36:22,SPY,PUT,680.0,2026-04-20,710.1400146484375,-0.0,0.0,-0.0021,0.3516,51.82,BULLISH,SELL,0.0,N/A,N/A,N/A,N/A
2026-04-20 10:36:22,SPY,PUT,681.0,2026-04-20,710.1400146484375,-0.0,0.0,-0.0022,0.3418,51.82,BULLISH,SELL,0.0,N/A,N/A,N/A,N/A
2026-04-20 10:36:22,SPY,PUT,682.0,2026-04-20,710.1400146484375,-0.0,0.0,-0.0024,0.332,51.82,BULLISH,SELL,0.0,N/A,N/A,N/A,N/A
2026-04-20 10:36:22,SPY,PUT,683.0,2026-04-20,710.1400146484375,-0.0,0.0,-0.0023,0.3203,51.82,BULLISH,SELL,0.0,N/A,N/A,N/A,N/A
2026-04-20 10:36:22,SPY,PUT,684.0,2026-04-20,710.1400146484375,-0.0,0.0,-0.0025,0.3106,51.82,BULLISH,SELL,0.0,N/A,N/A,N/A,N/A
2026-04-20 10:36:22,SPY,PUT,685.0,2026-04-20,710.1400146484375,-0.0,0.0001,-0.004,0.3086,51.82,BULLISH,SELL,0.0,N/A,N/A,N/A,N/A
2026-04-20 10:36:22,SPY,PUT,686.0,2026-04-20,710.1400146484375,-0.0,0.0001,-0.004,0.2969,51.82,BULLISH,SELL,0.0,N/A,N/A,N/A,N/A
2026-04-20 10:36:22,SPY,PUT,687.0,2026-04-20,710.1400146484375,-0.0,0.0001,-0.0061,0.294,51.82,BULLISH,SELL,0.0,N/A,N/A,N/A,N/A
2026-04-20 10:36:22,SPY,PUT,688.0,2026-04-20,710.1400146484375,-0.0,0.0001,-0.0064,0.2832,51.82,BULLISH,SELL,0.0,N/A,N/A,N/A,N/A
2026-04-20 10:36:22,SPY,PUT,689.0,2026-04-20,710.1400146484375,-0.0,0.0002,-0.0087,0.2774,51.82,BULLISH,SELL,0.0,N/A,N/A,N/A,N/A
2026-04-20 10:36:22,SPY,PUT,690.0,2026-04-20,710.1400146484375,-0.0,0.0002,-0.0093,0.2666,51.82,BULLISH,SELL,0.0,N/A,N/A,N/A,N/A
2026-04-20 10:36:22,SPY,PUT,691.0,2026-04-20,710.1400146484375,-0.0,0.0003,-0.0127,0.2607,51.82,BULLISH,SELL,0.0,N/A,N/A,N/A,N/A
2026-04-20 10:36:22,SPY,PUT,692.0,2026-04-20,710.1400146484375,-0.001,0.0004,-0.0163,0.2534,51.82,BULLISH,SELL,0.0,N/A,N/A,N/A,N/A
2026-04-20 10:36:22,SPY,PUT,693.0,2026-04-20,710.1400146484375,-0.001,0.0006,-0.025,0.25,51.82,BULLISH,SELL,0.0,N/A,N/A,N/A,N/A
2026-04-20 10:36:22,SPY,PUT,694.0,2026-04-20,710.1400146484375,-0.001,0.0009,-0.035,0.2446,51.82,BULLISH,SELL,0.0,N/A,N/A,N/A,N/A
2026-04-20 10:36:22,SPY,PUT,695.0,2026-04-20,710.1400146484375,-0.002,0.0012,-0.0473,0.2383,51.82,BULLISH,SELL,0.0,N/A,N/A,N/A,N/A
2026-04-20 10:36:22,SPY,PUT,696.0,2026-04-20,710.1400146484375,-0.003,0.0017,-0.0618,0.231,51.82,BULLISH,SELL,0.0,N/A,N/A,N/A,N/A
2026-04-20 10:36:22,SPY,PUT,697.0,2026-04-20,710.1400146484375,-0.004,0.0025,-0.0856,0.2251,51.82,BULLISH,SELL,0.0,N/A,N/A,N/A,N/A
2026-04-20 10:36:22,SPY,PUT,698.0,2026-04-20,710.1400146484375,-0.006,0.0035,-0.1145,0.2183,51.82,BULLISH,SELL,0.0,N/A,N/A,N/A,N/A
2026-04-20 10:36:22,SPY,PUT,699.0,2026-04-20,710.1400146484375,-0.009,0.0051,-0.1559,0.2119,51.82,BULLISH,SELL,0.0,N/A,N/A,N/A,N/A
2026-04-20 10:36:22,SPY,PUT,700.0,2026-04-20,710.1400146484375,-0.014,0.0075,-0.2224,0.2073,51.82,BULLISH,SELL,0.0,N/A,N/A,N/A,N/A
2026-04-20 10:36:22,SPY,PUT,701.0,2026-04-20,710.1400146484375,-0.02,0.0108,-0.2998,0.2009,51.82,BULLISH,SELL,0.0,N/A,N/A,N/A,N/A
2026-04-20 10:36:22,SPY,PUT,702.0,2026-04-20,710.1400146484375,-0.03,0.0157,-0.4106,0.1956,51.82,BULLISH,SELL,0.0,N/A,N/A,N/A,N/A
2026-04-20 10:36:22,SPY,PUT,703.0,2026-04-20,710.1400146484375,-0.045,0.0221,-0.5429,0.1892,51.82,BULLISH,SELL,0.0,N/A,N/A,N/A,N/A
2026-04-20 10:36:22,SPY,PUT,704.0,2026-04-20,710.1400146484375,-0.066,0.0311,-0.7204,0.1838,51.82,BULLISH,SELL,0.0,N/A,N/A,N/A,N/A
2026-04-20 10:36:22,SPY,PUT,705.0,2026-04-20,710.1400146484375,-0.095,0.0426,-0.9124,0.177,51.82,BULLISH,SELL,0.0,N/A,N/A,N/A,N/A
2026-04-20 10:36:22,SPY,PUT,706.0,2026-04-20,710.1400146484375,-0.138,0.0572,-1.1541,0.1719,51.82,BULLISH,SELL,0.0,N/A,N/A,N/A,N/A
2026-04-20 10:36:22,SPY,PUT,707.0,2026-04-20,710.1400146484375,-0.196,0.0742,-1.3931,0.166,51.82,BULLISH,SELL,0.0,N/A,N/A,N/A,N/A
2026-04-20 10:36:22,SPY,PUT,708.0,2026-04-20,710.1400146484375,-0.271,0.0923,-1.6037,0.1599,51.82,BULLISH,SELL,0.0,N/A,N/A,N/A,N/A
2026-04-20 10:36:22,SPY,PUT,709.0,2026-04-20,710.1400146484375,-0.366,0.109,-1.741,0.1536,51.82,BULLISH,SELL,0.0,N/A,N/A,N/A,N/A
2026-04-20 10:36:22,SPY,PUT,710.0,2026-04-20,710.1400146484375,-0.478,0.1201,-1.7634,0.1477,51.82,BULLISH,SELL,0.0,N/A,N/A,N/A,N/A
2026-04-20 10:36:22,SPY,PUT,711.0,2026-04-20,710.1400146484375,-0.601,0.1214,-1.6228,0.1416,51.82,BULLISH,SELL,0.0,N/A,N/A,N/A,N/A
2026-04-20 10:36:22,SPY,PUT,712.0,2026-04-20,710.1400146484375,-0.722,0.1088,-1.3451,0.1372,51.82,BULLISH,SELL,0.0,N/A,N/A,N/A,N/A
2026-04-20 10:36:22,SPY,PUT,713.0,2026-04-20,710.1400146484375,-0.829,0.0858,-0.9457,0.1316,51.82,BULLISH,SELL,0.0,N/A,N/A,N/A,N/A
2026-04-20 10:36:22,SPY,PUT,714.0,2026-04-20,710.1400146484375,-0.915,0.0561,-0.5048,0.1238,51.82,BULLISH,SELL,0.0,N/A,N/A,N/A,N/A
2026-04-20 10:36:22,SPY,PUT,715.0,2026-04-20,710.1400146484375,-0.972,0.0255,-0.125,0.1118,51.82,BULLISH,SELL,0.0,N/A,N/A,N/A,N/A
2026-04-20 10:36:22,SPY,PUT,716.0,2026-04-20,710.1400146484375,-0.993,0.0086,0.0304,0.106,51.82,BULLISH,SELL,0.0,N/A,N/A,N/A,N/A
2026-04-20 10:36:22,SPY,PUT,717.0,2026-04-20,710.1400146484375,-0.989,0.0096,-0.0172,0.1314,51.82,BULLISH,SELL,0.0,N/A,N/A,N/A,N/A
2026-04-20 10:36:22,SPY,PUT,718.0,2026-04-20,710.1400146484375,-1.0,0.0,0.0984,0.0,51.82,BULLISH,SELL,0.0,N/A,N/A,N/A,N/A
2026-04-20 10:36:22,SPY,PUT,719.0,2026-04-20,710.1400146484375,-1.0,0.0002,0.0967,0.1074,51.82,BULLISH,SELL,0.0,N/A,N/A,N/A,N/A
2026-04-20 10:36:22,SPY,PUT,720.0,2026-04-20,710.1400146484375,-1.0,0.0,0.0986,0.0,51.82,BULLISH,SELL,0.0,N/A,N/A,N/A,N/A
2026-04-20 10:36:22,SPY,PUT,721.0,2026-04-20,710.1400146484375,-0.945,0.0166,-0.9238,0.2981,51.82,BULLISH,SELL,0.0,N/A,N/A,N/A,N/A
2026-04-20 10:36:22,SPY,PUT,722.0,2026-04-20,710.1400146484375,-0.941,0.0157,-1.1089,0.3328,51.82,BULLISH,SELL,0.0,N/A,N/A,N/A,N/A
2026-04-20 10:36:22,SPY,PUT,723.0,2026-04-20,710.1400146484375,-0.946,0.0139,-1.0962,0.3514,51.82,BULLISH,SELL,0.0,N/A,N/A,N/A,N/A
2026-04-20 10:36:22,SPY,PUT,724.0,2026-04-20,710.1400146484375,-0.951,0.0123,-1.0579,0.3677,51.82,BULLISH,SELL,0.0,N/A,N/A,N/A,N/A
2026-04-20 10:36:22,SPY,PUT,725.0,2026-04-20,710.1400146484375,-0.954,0.0111,-1.0464,0.3859,51.82,BULLISH,SELL,0.0,N/A,N/A,N/A,N/A
2026-04-20 10:36:22,SPY,PUT,726.0,2026-04-20,710.1400146484375,-0.958,0.01,-1.0226,0.4027,51.82,BULLISH,SELL,0.0,N/A,N/A,N/A,N/A
2026-04-20 10:36:22,SPY,PUT,727.0,2026-04-20,710.1400146484375,-0.961,0.009,-0.9876,0.4182,51.82,BULLISH,SELL,0.0,N/A,N/A,N/A,N/A
2026-04-20 10:36:22,SPY,PUT,728.0,2026-04-20,710.1400146484375,-0.963,0.0082,-0.9778,0.4358,51.82,BULLISH,SELL,0.0,N/A,N/A,N/A,N/A
2026-04-20 10:36:22,SPY,PUT,729.0,2026-04-20,710.1400146484375,-0.966,0.0075,-0.9577,0.4522,51.82,BULLISH,SELL,0.0,N/A,N/A,N/A,N/A
2026-04-20 10:36:22,SPY,PUT,730.0,2026-04-20,710.1400146484375,-0.968,0.0068,-0.9231,0.4668,51.82,BULLISH,SELL,0.0,N/A,N/A,N/A,N/A
2026-04-20 10:36:22,SPY,PUT,731.0,2026-04-20,710.1400146484375,-0.97,0.0063,-0.9151,0.4839,51.82,BULLISH,SELL,0.0,N/A,N/A,N/A,N/A
2026-04-20 10:36:22,SPY,PUT,732.0,2026-04-20,710.1400146484375,-0.972,0.0057,-0.8859,0.4985,51.82,BULLISH,SELL,0.0,N/A,N/A,N/A,N/A
2026-04-20 10:36:22,SPY,PUT,735.0,2026-04-20,710.1400146484375,-0.976,0.0046,-0.8441,0.5461,51.82,BULLISH,SELL,0.0,N/A,N/A,N/A,N/A
2026-04-20 10:36:22,SPY,PUT,740.0,2026-04-20,710.1400146484375,-0.981,0.0033,-0.7681,0.6211,51.82,BULLISH,SELL,0.0,N/A,N/A,N/A,N/A
2026-04-20 10:36:22,SPY,PUT,745.0,2026-04-20,710.1400146484375,-0.985,0.0024,-0.7031,0.6934,51.82,BULLISH,SELL,0.0,N/A,N/A,N/A,N/A
2026-04-20 10:36:23,^NSEI,SPOT,0,N/A,24353.55,0,0,0,0,50,NEUTRAL,WATCH,0,N/A,N/A,N/A,N/A
2026-04-20 10:36:23,^NSEBANK,SPOT,0,N/A,56565.7,0,0,0,0,50,NEUTRAL,WATCH,0,N/A,N/A,N/A,N/A
2026-04-20 10:36:24,BTC-USD,SPOT,0,N/A,74451.6484375,0,0,0,0,29.22,BEARISH,WATCH,0,N/A,N/A,N/A,N/A
2026-04-20 10:36:25,ETH-USD,SPOT,0,N/A,2277.39990234375,0,0,0,0,25.68,BEARISH,WATCH,0,N/A,N/A,N/A,N/A
2026-04-20 10:39:26,SPY,CALL,675.0,2026-04-20,710.1400146484375,0.998,0.0005,-0.1916,0.5542,51.82,BULLISH,BUY,99.8,N/A,N/A,N/A,N/A
2026-04-20 10:39:26,SPY,CALL,676.0,2026-04-20,710.1400146484375,0.998,0.0005,-0.2046,0.5469,51.82,BULLISH,BUY,99.8,N/A,N/A,N/A,N/A
2026-04-20 10:39:26,SPY,CALL,677.0,2026-04-20,710.1400146484375,0.998,0.0006,-0.1993,0.5293,51.82,BULLISH,BUY,99.8,N/A,N/A,N/A,N/A
2026-04-20 10:39:26,SPY,CALL,678.0,2026-04-20,710.1400146484375,0.998,0.0006,-0.1984,0.5142,51.82,BULLISH,BUY,99.8,N/A,N/A,N/A,N/A
2026-04-20 10:39:26,SPY,CALL,679.0,2026-04-20,710.1400146484375,0.998,0.0006,-0.2013,0.501,51.82,BULLISH,BUY,99.8,N/A,N/A,N/A,N/A
2026-04-20 10:39:26,SPY,CALL,680.0,2026-04-20,710.1400146484375,0.996,0.0011,-0.3017,0.5259,51.82,BULLISH,BUY,99.6,N/A,N/A,N/A,N/A
2026-04-20 10:39:26,SPY,CALL,681.0,2026-04-20,710.1400146484375,0.995,0.0012,-0.3127,0.5137,51.82,BULLISH,BUY,99.5,N/A,N/A,N/A,N/A
2026-04-20 10:39:26,SPY,CALL,682.0,2026-04-20,710.1400146484375,0.995,0.0013,-0.3181,0.4995,51.82,BULLISH,BUY,99.5,N/A,N/A,N/A,N/A
2026-04-20 10:39:26,SPY,CALL,683.0,2026-04-20,710.1400146484375,0.995,0.0014,-0.3153,0.4829,51.82,BULLISH,BUY,99.5,N/A,N/A,N/A,N/A
2026-04-20 10:39:26,SPY,CALL,684.0,2026-04-20,710.1400146484375,0.994,0.0015,-0.3301,0.4712,51.82,BULLISH,BUY,99.4,N/A,N/A,N/A,N/A
2026-04-20 10:39:26,SPY,CALL,685.0,2026-04-20,710.1400146484375,0.993,0.0018,-0.3601,0.4629,51.82,BULLISH,BUY,99.3,N/A,N/A,N/A,N/A
2026-04-20 10:39:26,SPY,CALL,686.0,2026-04-20,710.1400146484375,0.993,0.002,-0.3665,0.4482,51.82,BULLISH,BUY,99.3,N/A,N/A,N/A,N/A
2026-04-20 10:39:26,SPY,CALL,687.0,2026-04-20,710.1400146484375,0.993,0.0021,-0.365,0.4316,51.82,BULLISH,BUY,99.3,N/A,N/A,N/A,N/A
2026-04-20 10:39:26,SPY,CALL,688.0,2026-04-20,710.1400146484375,0.992,0.0024,-0.3904,0.4209,51.82,BULLISH,BUY,99.2,N/A,N/A,N/A,N/A
2026-04-20 10:39:26,SPY,CALL,689.0,2026-04-20,710.1400146484375,0.991,0.0026,-0.3805,0.4023,51.82,BULLISH,BUY,99.1,N/A,N/A,N/A,N/A
2026-04-20 10:39:26,SPY,CALL,690.0,2026-04-20,710.1400146484375,0.991,0.0029,-0.3981,0.3894,51.82,BULLISH,BUY,99.1,N/A,N/A,N/A,N/A
2026-04-20 10:39:26,SPY,CALL,691.0,2026-04-20,710.1400146484375,0.989,0.0034,-0.4365,0.3799,51.82,BULLISH,BUY,98.9,N/A,N/A,N/A,N/A
2026-04-20 10:39:26,SPY,CALL,692.0,2026-04-20,710.1400146484375,0.988,0.0039,-0.4556,0.3662,51.82,BULLISH,BUY,98.8,N/A,N/A,N/A,N/A
2026-04-20 10:39:26,SPY,CALL,693.0,2026-04-20,710.1400146484375,0.986,0.0045,-0.477,0.3525,51.82,BULLISH,BUY,98.6,N/A,N/A,N/A,N/A
2026-04-20 10:39:26,SPY,CALL,694.0,2026-04-20,710.1400146484375,0.984,0.0052,-0.5093,0.3401,51.82,BULLISH,BUY,98.4,N/A,N/A,N/A,N/A
2026-04-20 10:39:26,SPY,CALL,695.0,2026-04-20,710.1400146484375,0.983,0.0057,-0.5007,0.3213,51.82,BULLISH,BUY,98.3,N/A,N/A,N/A,N/A
2026-04-20 10:39:26,SPY,CALL,696.0,2026-04-20,710.1400146484375,0.979,0.0072,-0.5824,0.3145,51.82,BULLISH,BUY,97.9,N/A,N/A,N/A,N/A
2026-04-20 10:39:26,SPY,CALL,697.0,2026-04-20,710.1400146484375,0.975,0.0085,-0.6322,0.3023,51.82,BULLISH,BUY,97.5,N/A,N/A,N/A,N/A
2026-04-20 10:39:26,SPY,CALL,698.0,2026-04-20,710.1400146484375,0.971,0.0102,-0.6849,0.2896,51.82,BULLISH,BUY,97.1,N/A,N/A,N/A,N/A
2026-04-20 10:39:26,SPY,CALL,699.0,2026-04-20,710.1400146484375,0.964,0.0125,-0.7653,0.2788,51.82,BULLISH,BUY,96.4,N/A,N/A,N/A,N/A
2026-04-20 10:39:26,SPY,CALL,700.0,2026-04-20,710.1400146484375,0.958,0.0151,-0.8262,0.2651,51.82,BULLISH,BUY,95.8,N/A,N/A,N/A,N/A
2026-04-20 10:39:26,SPY,CALL,701.0,2026-04-20,710.1400146484375,0.948,0.0187,-0.925,0.2539,51.82,BULLISH,BUY,94.8,N/A,N/A,N/A,N/A
2026-04-20 10:39:26,SPY,CALL,702.0,2026-04-20,710.1400146484375,0.941,0.0223,-0.9376,0.2346,51.82,BULLISH,BUY,94.1,N/A,N/A,N/A,N/A
2026-04-20 10:39:26,SPY,CALL,703.0,2026-04-20,710.1400146484375,0.924,0.0283,-1.0791,0.2249,51.82,BULLISH,BUY,92.4,N/A,N/A,N/A,N/A
2026-04-20 10:39:26,SPY,CALL,704.0,2026-04-20,710.1400146484375,0.9,0.0362,-1.2565,0.2163,51.82,BULLISH,BUY,90.0,N/A,N/A,N/A,N/A
2026-04-20 10:39:26,SPY,CALL,705.0,2026-04-20,710.1400146484375,0.868,0.0458,-1.4508,0.2078,51.82,BULLISH,BUY,86.8,N/A,N/A,N/A,N/A
2026-04-20 10:39:26,SPY,CALL,706.0,2026-04-20,710.1400146484375,0.826,0.0574,-1.6564,0.1995,51.82,BULLISH,BUY,82.6,N/A,N/A,N/A,N/A
2026-04-20 10:39:26,SPY,CALL,707.0,2026-04-20,710.1400146484375,0.771,0.0703,-1.8617,0.1918,51.82,BULLISH,BUY,77.1,N/A,N/A,N/A,N/A
2026-04-20 10:39:26,SPY,CALL,708.0,2026-04-20,710.1400146484375,0.702,0.0838,-2.0328,0.1842,51.82,BULLISH,BUY,70.2,N/A,N/A,N/A,N/A
2026-04-20 10:39:26,SPY,CALL,709.0,2026-04-20,710.1400146484375,0.618,0.096,-2.1357,0.1769,51.82,BULLISH,BUY,61.8,N/A,N/A,N/A,N/A
2026-04-20 10:39:26,SPY,CALL,710.0,2026-04-20,710.1400146484375,0.52,0.1052,-2.1168,0.1686,51.82,BULLISH,BUY,52.0,N/A,N/A,N/A,N/A
2026-04-20 10:39:26,SPY,CALL,711.0,2026-04-20,710.1400146484375,0.411,0.1069,-1.9803,0.1621,51.82,BULLISH,BUY,41.1,N/A,N/A,N/A,N/A
2026-04-20 10:39:26,SPY,CALL,712.0,2026-04-20,710.1400146484375,0.304,0.0991,-1.7191,0.1571,51.82,BULLISH,HOLD,0.0,N/A,N/A,N/A,N/A
2026-04-20 10:39:26,SPY,CALL,713.0,2026-04-20,710.1400146484375,0.205,0.0833,-1.347,0.1519,51.82,BULLISH,HOLD,0.0,N/A,N/A,N/A,N/A
2026-04-20 10:39:26,SPY,CALL,714.0,2026-04-20,710.1400146484375,0.125,0.0622,-0.9434,0.1472,51.82,BULLISH,HOLD,0.0,N/A,N/A,N/A,N/A
2026-04-20 10:39:26,SPY,CALL,715.0,2026-04-20,710.1400146484375,0.068,0.0408,-0.5881,0.1436,51.82,BULLISH,HOLD,0.0,N/A,N/A,N/A,N/A
2026-04-20 10:39:26,SPY,CALL,716.0,2026-04-20,710.1400146484375,0.035,0.0241,-0.339,0.1421,51.82,BULLISH,HOLD,0.0,N/A,N/A,N/A,N/A
2026-04-20 10:39:26,SPY,CALL,717.0,2026-04-20,710.1400146484375,0.016,0.0127,-0.1767,0.1411,51.82,BULLISH,HOLD,0.0,N/A,N/A,N/A,N/A
2026-04-20 10:39:26,SPY,CALL,718.0,2026-04-20,710.1400146484375,0.007,0.0063,-0.0883,0.1416,51.82,BULLISH,HOLD,0.0,N/A,N/A,N/A,N/A
2026-04-20 10:39:26,SPY,CALL,719.0,2026-04-20,710.1400146484375,0.003,0.0031,-0.0442,0.1436,51.82,BULLISH,HOLD,0.0,N/A,N/A,N/A,N/A
2026-04-20 10:39:26,SPY,CALL,720.0,2026-04-20,710.1400146484375,0.002,0.0015,-0.0232,0.147,51.82,BULLISH,HOLD,0.0,N/A,N/A,N/A,N/A
2026-04-20 10:39:26,SPY,CALL,721.0,2026-04-20,710.1400146484375,0.001,0.001,-0.0168,0.1553,51.82,BULLISH,HOLD,0.0,N/A,N/A,N/A,N/A
2026-04-20 10:39:26,SPY,CALL,722.0,2026-04-20,710.1400146484375,0.0,0.0005,-0.0085,0.1582,51.82,BULLISH,HOLD,0.0,N/A,N/A,N/A,N/A
2026-04-20 10:39:26,SPY,CALL,723.0,2026-04-20,710.1400146484375,0.0,0.0003,-0.0053,0.1641,51.82,BULLISH,HOLD,0.0,N/A,N/A,N/A,N/A
2026-04-20 10:39:26,SPY,CALL,724.0,2026-04-20,710.1400146484375,0.0,0.0002,-0.0046,0.1738,51.82,BULLISH,HOLD,0.0,N/A,N/A,N/A,N/A
2026-04-20 10:39:26,SPY,CALL,725.0,2026-04-20,710.1400146484375,0.0,0.0001,-0.0026,0.1777,51.82,BULLISH,HOLD,0.0,N/A,N/A,N/A,N/A
2026-04-20 10:39:26,SPY,CALL,726.0,2026-04-20,710.1400146484375,0.0,0.0001,-0.0023,0.1875,51.82,BULLISH,HOLD,0.0,N/A,N/A,N/A,N/A
2026-04-20 10:39:26,SPY,CALL,727.0,2026-04-20,710.1400146484375,0.0,0.0001,-0.0021,0.1973,51.82,BULLISH,HOLD,0.0,N/A,N/A,N/A,N/A
2026-04-20 10:39:26,SPY,CALL,728.0,2026-04-20,710.1400146484375,0.0,0.0001,-0.002,0.207,51.82,BULLISH,HOLD,0.0,N/A,N/A,N/A,N/A
2026-04-20 10:39:26,SPY,CALL,729.0,2026-04-20,710.1400146484375,0.0,0.0,-0.0009,0.207,51.82,BULLISH,HOLD,0.0,N/A,N/A,N/A,N/A
2026-04-20 10:39:26,SPY,CALL,730.0,2026-04-20,710.1400146484375,0.0,0.0,-0.0009,0.2168,51.82,BULLISH,HOLD,0.0,N/A,N/A,N/A,N/A
2026-04-20 10:39:26,SPY,CALL,731.0,2026-04-20,710.1400146484375,0.0,0.0,-0.0008,0.2266,51.82,BULLISH,HOLD,0.0,N/A,N/A,N/A,N/A
2026-04-20 10:39:26,SPY,CALL,732.0,2026-04-20,710.1400146484375,0.0,0.0,-0.0007,0.2344,51.82,BULLISH,HOLD,0.0,N/A,N/A,N/A,N/A
2026-04-20 10:39:26,SPY,CALL,733.0,2026-04-20,710.1400146484375,0.0,0.0,-0.0007,0.2441,51.82,BULLISH,HOLD,0.0,N/A,N/A,N/A,N/A
2026-04-20 10:39:26,SPY,CALL,734.0,2026-04-20,710.1400146484375,0.0,0.0,-0.0007,0.2539,51.82,BULLISH,HOLD,0.0,N/A,N/A,N/A,N/A
2026-04-20 10:39:26,SPY,CALL,735.0,2026-04-20,710.1400146484375,0.0,0.0,-0.0006,0.2617,51.82,BULLISH,HOLD,0.0,N/A,N/A,N/A,N/A
2026-04-20 10:39:26,SPY,CALL,736.0,2026-04-20,710.1400146484375,0.0,0.0,-0.0007,0.2734,51.82,BULLISH,HOLD,0.0,N/A,N/A,N/A,N/A
2026-04-20 10:39:26,SPY,CALL,737.0,2026-04-20,710.1400146484375,0.0,0.0,-0.0006,0.2813,51.82,BULLISH,HOLD,0.0,N/A,N/A,N/A,N/A
2026-04-20 10:39:26,SPY,CALL,738.0,2026-04-20,710.1400146484375,0.0,0.0,-0.0005,0.2891,51.82,BULLISH,HOLD,0.0,N/A,N/A,N/A,N/A
2026-04-20 10:39:26,SPY,CALL,739.0,2026-04-20,710.1400146484375,0.0,0.0,-0.0006,0.3008,51.82,BULLISH,HOLD,0.0,N/A,N/A,N/A,N/A
2026-04-20 10:39:26,SPY,CALL,740.0,2026-04-20,710.1400146484375,0.0,0.0,-0.0001,0.2891,51.82,BULLISH,HOLD,0.0,N/A,N/A,N/A,N/A
2026-04-20 10:39:26,SPY,CALL,745.0,2026-04-20,710.1400146484375,0.0,0.0,-0.0001,0.3281,51.82,BULLISH,HOLD,0.0,N/A,N/A,N/A,N/A
2026-04-20 10:39:26,SPY,PUT,675.0,2026-04-20,710.1400146484375,-0.0,0.0,-0.001,0.3906,51.82,BULLISH,SELL,0.0,N/A,N/A,N/A,N/A
2026-04-20 10:39:26,SPY,PUT,676.0,2026-04-20,710.1400146484375,-0.0,0.0,-0.001,0.3809,51.82,BULLISH,SELL,0.0,N/A,N/A,N/A,N/A
2026-04-20 10:39:26,SPY,PUT,677.0,2026-04-20,710.1400146484375,-0.0,0.0,-0.0011,0.3711,51.82,BULLISH,SELL,0.0,N/A,N/A,N/A,N/A
2026-04-20 10:39:26,SPY,PUT,678.0,2026-04-20,710.1400146484375,-0.0,0.0,-0.001,0.3594,51.82,BULLISH,SELL,0.0,N/A,N/A,N/A,N/A
2026-04-20 10:39:26,SPY,PUT,679.0,2026-04-20,710.1400146484375,-0.0,0.0,-0.0011,0.3496,51.82,BULLISH,SELL,0.0,N/A,N/A,N/A,N/A
2026-04-20 10:39:26,SPY,PUT,680.0,2026-04-20,710.1400146484375,-0.0,0.0,-0.0021,0.3516,51.82,BULLISH,SELL,0.0,N/A,N/A,N/A,N/A
2026-04-20 10:39:26,SPY,PUT,681.0,2026-04-20,710.1400146484375,-0.0,0.0,-0.0022,0.3418,51.82,BULLISH,SELL,0.0,N/A,N/A,N/A,N/A
2026-04-20 10:39:26,SPY,PUT,682.0,2026-04-20,710.1400146484375,-0.0,0.0,-0.0024,0.332,51.82,BULLISH,SELL,0.0,N/A,N/A,N/A,N/A
2026-04-20 10:39:26,SPY,PUT,683.0,2026-04-20,710.1400146484375,-0.0,0.0,-0.0023,0.3203,51.82,BULLISH,SELL,0.0,N/A,N/A,N/A,N/A
2026-04-20 10:39:26,SPY,PUT,684.0,2026-04-20,710.1400146484375,-0.0,0.0,-0.0025,0.3106,51.82,BULLISH,SELL,0.0,N/A,N/A,N/A,N/A
2026-04-20 10:39:26,SPY,PUT,685.0,2026-04-20,710.1400146484375,-0.0,0.0001,-0.004,0.3086,51.82,BULLISH,SELL,0.0,N/A,N/A,N/A,N/A
2026-04-20 10:39:26,SPY,PUT,686.0,2026-04-20,710.1400146484375,-0.0,0.0001,-0.004,0.2969,51.82,BULLISH,SELL,0.0,N/A,N/A,N/A,N/A
2026-04-20 10:39:26,SPY,PUT,687.0,2026-04-20,710.1400146484375,-0.0,0.0001,-0.0061,0.294,51.82,BULLISH,SELL,0.0,N/A,N/A,N/A,N/A
2026-04-20 10:39:26,SPY,PUT,688.0,2026-04-20,710.1400146484375,-0.0,0.0001,-0.0064,0.2832,51.82,BULLISH,SELL,0.0,N/A,N/A,N/A,N/A
2026-04-20 10:39:26,SPY,PUT,689.0,2026-04-20,710.1400146484375,-0.0,0.0002,-0.0087,0.2774,51.82,BULLISH,SELL,0.0,N/A,N/A,N/A,N/A
2026-04-20 10:39:26,SPY,PUT,690.0,2026-04-20,710.1400146484375,-0.0,0.0002,-0.0093,0.2666,51.82,BULLISH,SELL,0.0,N/A,N/A,N/A,N/A
2026-04-20 10:39:26,SPY,PUT,691.0,2026-04-20,710.1400146484375,-0.0,0.0003,-0.0127,0.2607,51.82,BULLISH,SELL,0.0,N/A,N/A,N/A,N/A
2026-04-20 10:39:26,SPY,PUT,692.0,2026-04-20,710.1400146484375,-0.001,0.0004,-0.0163,0.2534,51.82,BULLISH,SELL,0.0,N/A,N/A,N/A,N/A
2026-04-20 10:39:26,SPY,PUT,693.0,2026-04-20,710.1400146484375,-0.001,0.0006,-0.025,0.25,51.82,BULLISH,SELL,0.0,N/A,N/A,N/A,N/A
2026-04-20 10:39:26,SPY,PUT,694.0,2026-04-20,710.1400146484375,-0.001,0.0009,-0.035,0.2446,51.82,BULLISH,SELL,0.0,N/A,N/A,N/A,N/A
2026-04-20 10:39:26,SPY,PUT,695.0,2026-04-20,710.1400146484375,-0.002,0.0012,-0.0473,0.2383,51.82,BULLISH,SELL,0.0,N/A,N/A,N/A,N/A
2026-04-20 10:39:26,SPY,PUT,696.0,2026-04-20,710.1400146484375,-0.003,0.0017,-0.0618,0.231,51.82,BULLISH,SELL,0.0,N/A,N/A,N/A,N/A
2026-04-20 10:39:26,SPY,PUT,697.0,2026-04-20,710.1400146484375,-0.004,0.0025,-0.0856,0.2251,51.82,BULLISH,SELL,0.0,N/A,N/A,N/A,N/A
2026-04-20 10:39:26,SPY,PUT,698.0,2026-04-20,710.1400146484375,-0.006,0.0035,-0.1145,0.2183,51.82,BULLISH,SELL,0.0,N/A,N/A,N/A,N/A
2026-04-20 10:39:26,SPY,PUT,699.0,2026-04-20,710.1400146484375,-0.009,0.0051,-0.1559,0.2119,51.82,BULLISH,SELL,0.0,N/A,N/A,N/A,N/A
2026-04-20 10:39:26,SPY,PUT,700.0,2026-04-20,710.1400146484375,-0.014,0.0075,-0.2224,0.2073,51.82,BULLISH,SELL,0.0,N/A,N/A,N/A,N/A
2026-04-20 10:39:26,SPY,PUT,701.0,2026-04-20,710.1400146484375,-0.02,0.0108,-0.2998,0.2009,51.82,BULLISH,SELL,0.0,N/A,N/A,N/A,N/A
2026-04-20 10:39:26,SPY,PUT,702.0,2026-04-20,710.1400146484375,-0.03,0.0157,-0.4106,0.1956,51.82,BULLISH,SELL,0.0,N/A,N/A,N/A,N/A
2026-04-20 10:39:26,SPY,PUT,703.0,2026-04-20,710.1400146484375,-0.045,0.0221,-0.5429,0.1892,51.82,BULLISH,SELL,0.0,N/A,N/A,N/A,N/A
2026-04-20 10:39:26,SPY,PUT,704.0,2026-04-20,710.1400146484375,-0.066,0.0311,-0.7204,0.1838,51.82,BULLISH,SELL,0.0,N/A,N/A,N/A,N/A
2026-04-20 10:39:26,SPY,PUT,705.0,2026-04-20,710.1400146484375,-0.095,0.0426,-0.9124,0.177,51.82,BULLISH,SELL,0.0,N/A,N/A,N/A,N/A
2026-04-20 10:39:26,SPY,PUT,706.0,2026-04-20,710.1400146484375,-0.138,0.0572,-1.1541,0.1719,51.82,BULLISH,SELL,0.0,N/A,N/A,N/A,N/A
2026-04-20 10:39:26,SPY,PUT,707.0,2026-04-20,710.1400146484375,-0.196,0.0742,-1.3931,0.166,51.82,BULLISH,SELL,0.0,N/A,N/A,N/A,N/A
2026-04-20 10:39:26,SPY,PUT,708.0,2026-04-20,710.1400146484375,-0.271,0.0923,-1.6037,0.1599,51.82,BULLISH,SELL,0.0,N/A,N/A,N/A,N/A
2026-04-20 10:39:26,SPY,PUT,709.0,2026-04-20,710.1400146484375,-0.366,0.109,-1.741,0.1536,51.82,BULLISH,SELL,0.0,N/A,N/A,N/A,N/A
2026-04-20 10:39:26,SPY,PUT,710.0,2026-04-20,710.1400146484375,-0.478,0.1201,-1.7634,0.1477,51.82,BULLISH,SELL,0.0,N/A,N/A,N/A,N/A
2026-04-20 10:39:26,SPY,PUT,711.0,2026-04-20,710.1400146484375,-0.601,0.1214,-1.6228,0.1416,51.82,BULLISH,SELL,0.0,N/A,N/A,N/A,N/A
2026-04-20 10:39:26,SPY,PUT,712.0,2026-04-20,710.1400146484375,-0.722,0.1088,-1.3451,0.1372,51.82,BULLISH,SELL,0.0,N/A,N/A,N/A,N/A
2026-04-20 10:39:26,SPY,PUT,713.0,2026-04-20,710.1400146484375,-0.829,0.0858,-0.9457,0.1316,51.82,BULLISH,SELL,0.0,N/A,N/A,N/A,N/A
2026-04-20 10:39:26,SPY,PUT,714.0,2026-04-20,710.1400146484375,-0.915,0.0561,-0.5048,0.1238,51.82,BULLISH,SELL,0.0,N/A,N/A,N/A,N/A
2026-04-20 10:39:26,SPY,PUT,715.0,2026-04-20,710.1400146484375,-0.972,0.0255,-0.125,0.1118,51.82,BULLISH,SELL,0.0,N/A,N/A,N/A,N/A
2026-04-20 10:39:26,SPY,PUT,716.0,2026-04-20,710.1400146484375,-0.993,0.0086,0.0304,0.106,51.82,BULLISH,SELL,0.0,N/A,N/A,N/A,N/A
2026-04-20 10:39:26,SPY,PUT,717.0,2026-04-20,710.1400146484375,-0.989,0.0096,-0.0172,0.1314,51.82,BULLISH,SELL,0.0,N/A,N/A,N/A,N/A
2026-04-20 10:39:26,SPY,PUT,718.0,2026-04-20,710.1400146484375,-1.0,0.0,0.0984,0.0,51.82,BULLISH,SELL,0.0,N/A,N/A,N/A,N/A
2026-04-20 10:39:26,SPY,PUT,719.0,2026-04-20,710.1400146484375,-1.0,0.0002,0.0967,0.1074,51.82,BULLISH,SELL,0.0,N/A,N/A,N/A,N/A
2026-04-20 10:39:26,SPY,PUT,720.0,2026-04-20,710.1400146484375,-1.0,0.0,0.0986,0.0,51.82,BULLISH,SELL,0.0,N/A,N/A,N/A,N/A
2026-04-20 10:39:26,SPY,PUT,721.0,2026-04-20,710.1400146484375,-0.945,0.0166,-0.9238,0.2981,51.82,BULLISH,SELL,0.0,N/A,N/A,N/A,N/A
2026-04-20 10:39:26,SPY,PUT,722.0,2026-04-20,710.1400146484375,-0.941,0.0157,-1.1089,0.3328,51.82,BULLISH,SELL,0.0,N/A,N/A,N/A,N/A
2026-04-20 10:39:26,SPY,PUT,723.0,2026-04-20,710.1400146484375,-0.946,0.0139,-1.0962,0.3514,51.82,BULLISH,SELL,0.0,N/A,N/A,N/A,N/A
2026-04-20 10:39:26,SPY,PUT,724.0,2026-04-20,710.1400146484375,-0.951,0.0123,-1.0579,0.3677,51.82,BULLISH,SELL,0.0,N/A,N/A,N/A,N/A
2026-04-20 10:39:26,SPY,PUT,725.0,2026-04-20,710.1400146484375,-0.954,0.0111,-1.0464,0.3859,51.82,BULLISH,SELL,0.0,N/A,N/A,N/A,N/A
2026-04-20 10:39:26,SPY,PUT,726.0,2026-04-20,710.1400146484375,-0.958,0.01,-1.0226,0.4027,51.82,BULLISH,SELL,0.0,N/A,N/A,N/A,N/A
2026-04-20 10:39:26,SPY,PUT,727.0,2026-04-20,710.1400146484375,-0.961,0.009,-0.9876,0.4182,51.82,BULLISH,SELL,0.0,N/A,N/A,N/A,N/A
2026-04-20 10:39:26,SPY,PUT,728.0,2026-04-20,710.1400146484375,-0.963,0.0082,-0.9778,0.4358,51.82,BULLISH,SELL,0.0,N/A,N/A,N/A,N/A
2026-04-20 10:39:26,SPY,PUT,729.0,2026-04-20,710.1400146484375,-0.966,0.0075,-0.9577,0.4522,51.82,BULLISH,SELL,0.0,N/A,N/A,N/A,N/A
2026-04-20 10:39:26,SPY,PUT,730.0,2026-04-20,710.1400146484375,-0.968,0.0068,-0.9231,0.4668,51.82,BULLISH,SELL,0.0,N/A,N/A,N/A,N/A
2026-04-20 10:39:26,SPY,PUT,731.0,2026-04-20,710.1400146484375,-0.97,0.0063,-0.9151,0.4839,51.82,BULLISH,SELL,0.0,N/A,N/A,N/A,N/A
2026-04-20 10:39:26,SPY,PUT,732.0,2026-04-20,710.1400146484375,-0.972,0.0057,-0.8859,0.4985,51.82,BULLISH,SELL,0.0,N/A,N/A,N/A,N/A
2026-04-20 10:39:26,SPY,PUT,735.0,2026-04-20,710.1400146484375,-0.976,0.0046,-0.8441,0.5461,51.82,BULLISH,SELL,0.0,N/A,N/A,N/A,N/A
2026-04-20 10:39:26,SPY,PUT,740.0,2026-04-20,710.1400146484375,-0.981,0.0033,-0.7681,0.6211,51.82,BULLISH,SELL,0.0,N/A,N/A,N/A,N/A
2026-04-20 10:39:26,SPY,PUT,745.0,2026-04-20,710.1400146484375,-0.985,0.0024,-0.7031,0.6934,51.82,BULLISH,SELL,0.0,N/A,N/A,N/A,N/A
2026-04-20 10:39:26,^NSEI,SPOT,0,N/A,24353.55,0,0,0,0,50,NEUTRAL,WATCH,0,N/A,N/A,N/A,N/A
2026-04-20 10:39:27,^NSEBANK,SPOT,0,N/A,56565.7,0,0,0,0,50,NEUTRAL,WATCH,0,N/A,N/A,N/A,N/A
2026-04-20 10:39:27,BTC-USD,SPOT,0,N/A,74364.890625,0,0,0,0,25.0,BEARISH,WATCH,0,N/A,N/A,N/A,N/A
2026-04-20 10:39:28,ETH-USD,SPOT,0,N/A,2274.39990234375,0,0,0,0,22.36,BEARISH,WATCH,0,N/A,N/A,N/A,N/A
2026-04-20 10:42:30,SPY,CALL,675.0,2026-04-20,710.1400146484375,0.998,0.0005,-0.1916,0.5542,51.82,BULLISH,BUY,99.8,N/A,N/A,N/A,N/A
2026-04-20 10:42:30,SPY,CALL,676.0,2026-04-20,710.1400146484375,0.998,0.0005,-0.2046,0.5469,51.82,BULLISH,BUY,99.8,N/A,N/A,N/A,N/A
2026-04-20 10:42:30,SPY,CALL,677.0,2026-04-20,710.1400146484375,0.998,0.0006,-0.1993,0.5293,51.82,BULLISH,BUY,99.8,N/A,N/A,N/A,N/A
2026-04-20 10:42:30,SPY,CALL,678.0,2026-04-20,710.1400146484375,0.998,0.0006,-0.1984,0.5142,51.82,BULLISH,BUY,99.8,N/A,N/A,N/A,N/A
2026-04-20 10:42:30,SPY,CALL,679.0,2026-04-20,710.1400146484375,0.998,0.0006,-0.2013,0.501,51.82,BULLISH,BUY,99.8,N/A,N/A,N/A,N/A
2026-04-20 10:42:30,SPY,CALL,680.0,2026-04-20,710.1400146484375,0.996,0.0011,-0.3017,0.5259,51.82,BULLISH,BUY,99.6,N/A,N/A,N/A,N/A
2026-04-20 10:42:30,SPY,CALL,681.0,2026-04-20,710.1400146484375,0.995,0.0012,-0.3127,0.5137,51.82,BULLISH,BUY,99.5,N/A,N/A,N/A,N/A
2026-04-20 10:42:30,SPY,CALL,682.0,2026-04-20,710.1400146484375,0.995,0.0013,-0.3181,0.4995,51.82,BULLISH,BUY,99.5,N/A,N/A,N/A,N/A
2026-04-20 10:42:30,SPY,CALL,683.0,2026-04-20,710.1400146484375,0.995,0.0014,-0.3153,0.4829,51.82,BULLISH,BUY,99.5,N/A,N/A,N/A,N/A
2026-04-20 10:42:30,SPY,CALL,684.0,2026-04-20,710.1400146484375,0.994,0.0015,-0.3301,0.4712,51.82,BULLISH,BUY,99.4,N/A,N/A,N/A,N/A
2026-04-20 10:42:30,SPY,CALL,685.0,2026-04-20,710.1400146484375,0.993,0.0018,-0.3601,0.4629,51.82,BULLISH,BUY,99.3,N/A,N/A,N/A,N/A
2026-04-20 10:42:30,SPY,CALL,686.0,2026-04-20,710.1400146484375,0.993,0.002,-0.3665,0.4482,51.82,BULLISH,BUY,99.3,N/A,N/A,N/A,N/A
2026-04-20 10:42:30,SPY,CALL,687.0,2026-04-20,710.1400146484375,0.993,0.0021,-0.365,0.4316,51.82,BULLISH,BUY,99.3,N/A,N/A,N/A,N/A
2026-04-20 10:42:30,SPY,CALL,688.0,2026-04-20,710.1400146484375,0.992,0.0024,-0.3904,0.4209,51.82,BULLISH,BUY,99.2,N/A,N/A,N/A,N/A
2026-04-20 10:42:30,SPY,CALL,689.0,2026-04-20,710.1400146484375,0.991,0.0026,-0.3805,0.4023,51.82,BULLISH,BUY,99.1,N/A,N/A,N/A,N/A
2026-04-20 10:42:30,SPY,CALL,690.0,2026-04-20,710.1400146484375,0.991,0.0029,-0.3981,0.3894,51.82,BULLISH,BUY,99.1,N/A,N/A,N/A,N/A
2026-04-20 10:42:30,SPY,CALL,691.0,2026-04-20,710.1400146484375,0.989,0.0034,-0.4365,0.3799,51.82,BULLISH,BUY,98.9,N/A,N/A,N/A,N/A
2026-04-20 10:42:30,SPY,CALL,692.0,2026-04-20,710.1400146484375,0.988,0.0039,-0.4556,0.3662,51.82,BULLISH,BUY,98.8,N/A,N/A,N/A,N/A
2026-04-20 10:42:30,SPY,CALL,693.0,2026-04-20,710.1400146484375,0.986,0.0045,-0.477,0.3525,51.82,BULLISH,BUY,98.6,N/A,N/A,N/A,N/A
2026-04-20 10:42:30,SPY,CALL,694.0,2026-04-20,710.1400146484375,0.984,0.0052,-0.5093,0.3401,51.82,BULLISH,BUY,98.4,N/A,N/A,N/A,N/A
2026-04-20 10:42:30,SPY,CALL,695.0,2026-04-20,710.1400146484375,0.983,0.0057,-0.5007,0.3213,51.82,BULLISH,BUY,98.3,N/A,N/A,N/A,N/A
2026-04-20 10:42:30,SPY,CALL,696.0,2026-04-20,710.1400146484375,0.979,0.0072,-0.5824,0.3145,51.82,BULLISH,BUY,97.9,N/A,N/A,N/A,N/A
2026-04-20 10:42:30,SPY,CALL,697.0,2026-04-20,710.1400146484375,0.975,0.0085,-0.6322,0.3023,51.82,BULLISH,BUY,97.5,N/A,N/A,N/A,N/A
2026-04-20 10:42:30,SPY,CALL,698.0,2026-04-20,710.1400146484375,0.971,0.0102,-0.6849,0.2896,51.82,BULLISH,BUY,97.1,N/A,N/A,N/A,N/A
2026-04-20 10:42:30,SPY,CALL,699.0,2026-04-20,710.1400146484375,0.964,0.0125,-0.7653,0.2788,51.82,BULLISH,BUY,96.4,N/A,N/A,N/A,N/A
2026-04-20 10:42:30,SPY,CALL,700.0,2026-04-20,710.1400146484375,0.958,0.0151,-0.8262,0.2651,51.82,BULLISH,BUY,95.8,N/A,N/A,N/A,N/A
2026-04-20 10:42:30,SPY,CALL,701.0,2026-04-20,710.1400146484375,0.948,0.0187,-0.925,0.2539,51.82,BULLISH,BUY,94.8,N/A,N/A,N/A,N/A
2026-04-20 10:42:30,SPY,CALL,702.0,2026-04-20,710.1400146484375,0.941,0.0223,-0.9376,0.2346,51.82,BULLISH,BUY,94.1,N/A,N/A,N/A,N/A
2026-04-20 10:42:30,SPY,CALL,703.0,2026-04-20,710.1400146484375,0.924,0.0283,-1.0791,0.2249,51.82,BULLISH,BUY,92.4,N/A,N/A,N/A,N/A
2026-04-20 10:42:30,SPY,CALL,704.0,2026-04-20,710.1400146484375,0.9,0.0362,-1.2565,0.2163,51.82,BULLISH,BUY,90.0,N/A,N/A,N/A,N/A
2026-04-20 10:42:30,SPY,CALL,705.0,2026-04-20,710.1400146484375,0.868,0.0458,-1.4508,0.2078,51.82,BULLISH,BUY,86.8,N/A,N/A,N/A,N/A
2026-04-20 10:42:30,SPY,CALL,706.0,2026-04-20,710.1400146484375,0.826,0.0574,-1.6564,0.1995,51.82,BULLISH,BUY,82.6,N/A,N/A,N/A,N/A
2026-04-20 10:42:30,SPY,CALL,707.0,2026-04-20,710.1400146484375,0.771,0.0703,-1.8617,0.1918,51.82,BULLISH,BUY,77.1,N/A,N/A,N/A,N/A
2026-04-20 10:42:30,SPY,CALL,708.0,2026-04-20,710.1400146484375,0.702,0.0838,-2.0328,0.1842,51.82,BULLISH,BUY,70.2,N/A,N/A,N/A,N/A
2026-04-20 10:42:30,SPY,CALL,709.0,2026-04-20,710.1400146484375,0.618,0.096,-2.1357,0.1769,51.82,BULLISH,BUY,61.8,N/A,N/A,N/A,N/A
2026-04-20 10:42:30,SPY,CALL,710.0,2026-04-20,710.1400146484375,0.52,0.1052,-2.1168,0.1686,51.82,BULLISH,BUY,52.0,N/A,N/A,N/A,N/A
2026-04-20 10:42:30,SPY,CALL,711.0,2026-04-20,710.1400146484375,0.411,0.1069,-1.9803,0.1621,51.82,BULLISH,BUY,41.1,N/A,N/A,N/A,N/A
2026-04-20 10:42:30,SPY,CALL,712.0,2026-04-20,710.1400146484375,0.304,0.0991,-1.7191,0.1571,51.82,BULLISH,HOLD,0.0,N/A,N/A,N/A,N/A
2026-04-20 10:42:30,SPY,CALL,713.0,2026-04-20,710.1400146484375,0.205,0.0833,-1.347,0.1519,51.82,BULLISH,HOLD,0.0,N/A,N/A,N/A,N/A
2026-04-20 10:42:30,SPY,CALL,714.0,2026-04-20,710.1400146484375,0.125,0.0622,-0.9434,0.1472,51.82,BULLISH,HOLD,0.0,N/A,N/A,N/A,N/A
2026-04-20 10:42:30,SPY,CALL,715.0,2026-04-20,710.1400146484375,0.068,0.0408,-0.5881,0.1436,51.82,BULLISH,HOLD,0.0,N/A,N/A,N/A,N/A
2026-04-20 10:42:30,SPY,CALL,716.0,2026-04-20,710.1400146484375,0.035,0.0241,-0.339,0.1421,51.82,BULLISH,HOLD,0.0,N/A,N/A,N/A,N/A
2026-04-20 10:42:30,SPY,CALL,717.0,2026-04-20,710.1400146484375,0.016,0.0127,-0.1767,0.1411,51.82,BULLISH,HOLD,0.0,N/A,N/A,N/A,N/A
2026-04-20 10:42:30,SPY,CALL,718.0,2026-04-20,710.1400146484375,0.007,0.0063,-0.0883,0.1416,51.82,BULLISH,HOLD,0.0,N/A,N/A,N/A,N/A
2026-04-20 10:42:30,SPY,CALL,719.0,2026-04-20,710.1400146484375,0.003,0.0031,-0.0442,0.1436,51.82,BULLISH,HOLD,0.0,N/A,N/A,N/A,N/A
2026-04-20 10:42:30,SPY,CALL,720.0,2026-04-20,710.1400146484375,0.002,0.0015,-0.0232,0.147,51.82,BULLISH,HOLD,0.0,N/A,N/A,N/A,N/A
2026-04-20 10:42:30,SPY,CALL,721.0,2026-04-20,710.1400146484375,0.001,0.001,-0.0168,0.1553,51.82,BULLISH,HOLD,0.0,N/A,N/A,N/A,N/A
2026-04-20 10:42:30,SPY,CALL,722.0,2026-04-20,710.1400146484375,0.0,0.0005,-0.0085,0.1582,51.82,BULLISH,HOLD,0.0,N/A,N/A,N/A,N/A
2026-04-20 10:42:30,SPY,CALL,723.0,2026-04-20,710.1400146484375,0.0,0.0003,-0.0053,0.1641,51.82,BULLISH,HOLD,0.0,N/A,N/A,N/A,N/A
2026-04-20 10:42:30,SPY,CALL,724.0,2026-04-20,710.1400146484375,0.0,0.0002,-0.0046,0.1738,51.82,BULLISH,HOLD,0.0,N/A,N/A,N/A,N/A
2026-04-20 10:42:30,SPY,CALL,725.0,2026-04-20,710.1400146484375,0.0,0.0001,-0.0026,0.1777,51.82,BULLISH,HOLD,0.0,N/A,N/A,N/A,N/A
2026-04-20 10:42:30,SPY,CALL,726.0,2026-04-20,710.1400146484375,0.0,0.0001,-0.0023,0.1875,51.82,BULLISH,HOLD,0.0,N/A,N/A,N/A,N/A
2026-04-20 10:42:30,SPY,CALL,727.0,2026-04-20,710.1400146484375,0.0,0.0001,-0.0021,0.1973,51.82,BULLISH,HOLD,0.0,N/A,N/A,N/A,N/A
2026-04-20 10:42:30,SPY,CALL,728.0,2026-04-20,710.1400146484375,0.0,0.0001,-0.002,0.207,51.82,BULLISH,HOLD,0.0,N/A,N/A,N/A,N/A
2026-04-20 10:42:30,SPY,CALL,729.0,2026-04-20,710.1400146484375,0.0,0.0,-0.0009,0.207,51.82,BULLISH,HOLD,0.0,N/A,N/A,N/A,N/A
2026-04-20 10:42:30,SPY,CALL,730.0,2026-04-20,710.1400146484375,0.0,0.0,-0.0009,0.2168,51.82,BULLISH,HOLD,0.0,N/A,N/A,N/A,N/A
2026-04-20 10:42:30,SPY,CALL,731.0,2026-04-20,710.1400146484375,0.0,0.0,-0.0008,0.2266,51.82,BULLISH,HOLD,0.0,N/A,N/A,N/A,N/A
2026-04-20 10:42:30,SPY,CALL,732.0,2026-04-20,710.1400146484375,0.0,0.0,-0.0007,0.2344,51.82,BULLISH,HOLD,0.0,N/A,N/A,N/A,N/A
2026-04-20 10:42:30,SPY,CALL,733.0,2026-04-20,710.1400146484375,0.0,0.0,-0.0007,0.2441,51.82,BULLISH,HOLD,0.0,N/A,N/A,N/A,N/A
2026-04-20 10:42:30,SPY,CALL,734.0,2026-04-20,710.1400146484375,0.0,0.0,-0.0007,0.2539,51.82,BULLISH,HOLD,0.0,N/A,N/A,N/A,N/A
2026-04-20 10:42:30,SPY,CALL,735.0,2026-04-20,710.1400146484375,0.0,0.0,-0.0006,0.2617,51.82,BULLISH,HOLD,0.0,N/A,N/A,N/A,N/A
2026-04-20 10:42:30,SPY,CALL,736.0,2026-04-20,710.1400146484375,0.0,0.0,-0.0007,0.2734,51.82,BULLISH,HOLD,0.0,N/A,N/A,N/A,N/A
2026-04-20 10:42:30,SPY,CALL,737.0,2026-04-20,710.1400146484375,0.0,0.0,-0.0006,0.2813,51.82,BULLISH,HOLD,0.0,N/A,N/A,N/A,N/A
2026-04-20 10:42:30,SPY,CALL,738.0,2026-04-20,710.1400146484375,0.0,0.0,-0.0005,0.2891,51.82,BULLISH,HOLD,0.0,N/A,N/A,N/A,N/A
2026-04-20 10:42:30,SPY,CALL,739.0,2026-04-20,710.1400146484375,0.0,0.0,-0.0006,0.3008,51.82,BULLISH,HOLD,0.0,N/A,N/A,N/A,N/A
2026-04-20 10:42:30,SPY,CALL,740.0,2026-04-20,710.1400146484375,0.0,0.0,-0.0001,0.2891,51.82,BULLISH,HOLD,0.0,N/A,N/A,N/A,N/A
2026-04-20 10:42:30,SPY,CALL,745.0,2026-04-20,710.1400146484375,0.0,0.0,-0.0001,0.3281,51.82,BULLISH,HOLD,0.0,N/A,N/A,N/A,N/A
2026-04-20 10:42:30,SPY,PUT,675.0,2026-04-20,710.1400146484375,-0.0,0.0,-0.001,0.3906,51.82,BULLISH,SELL,0.0,N/A,N/A,N/A,N/A
2026-04-20 10:42:30,SPY,PUT,676.0,2026-04-20,710.1400146484375,-0.0,0.0,-0.001,0.3809,51.82,BULLISH,SELL,0.0,N/A,N/A,N/A,N/A
2026-04-20 10:42:30,SPY,PUT,677.0,2026-04-20,710.1400146484375,-0.0,0.0,-0.0011,0.3711,51.82,BULLISH,SELL,0.0,N/A,N/A,N/A,N/A
2026-04-20 10:42:30,SPY,PUT,678.0,2026-04-20,710.1400146484375,-0.0,0.0,-0.001,0.3594,51.82,BULLISH,SELL,0.0,N/A,N/A,N/A,N/A
2026-04-20 10:42:30,SPY,PUT,679.0,2026-04-20,710.1400146484375,-0.0,0.0,-0.0011,0.3496,51.82,BULLISH,SELL,0.0,N/A,N/A,N/A,N/A
2026-04-20 10:42:30,SPY,PUT,680.0,2026-04-20,710.1400146484375,-0.0,0.0,-0.0021,0.3516,51.82,BULLISH,SELL,0.0,N/A,N/A,N/A,N/A
2026-04-20 10:42:30,SPY,PUT,681.0,2026-04-20,710.1400146484375,-0.0,0.0,-0.0022,0.3418,51.82,BULLISH,SELL,0.0,N/A,N/A,N/A,N/A
2026-04-20 10:42:30,SPY,PUT,682.0,2026-04-20,710.1400146484375,-0.0,0.0,-0.0024,0.332,51.82,BULLISH,SELL,0.0,N/A,N/A,N/A,N/A
2026-04-20 10:42:30,SPY,PUT,683.0,2026-04-20,710.1400146484375,-0.0,0.0,-0.0023,0.3203,51.82,BULLISH,SELL,0.0,N/A,N/A,N/A,N/A
2026-04-20 10:42:30,SPY,PUT,684.0,2026-04-20,710.1400146484375,-0.0,0.0,-0.0025,0.3106,51.82,BULLISH,SELL,0.0,N/A,N/A,N/A,N/A
2026-04-20 10:42:30,SPY,PUT,685.0,2026-04-20,710.1400146484375,-0.0,0.0001,-0.004,0.3086,51.82,BULLISH,SELL,0.0,N/A,N/A,N/A,N/A
2026-04-20 10:42:30,SPY,PUT,686.0,2026-04-20,710.1400146484375,-0.0,0.0001,-0.004,0.2969,51.82,BULLISH,SELL,0.0,N/A,N/A,N/A,N/A
2026-04-20 10:42:30,SPY,PUT,687.0,2026-04-20,710.1400146484375,-0.0,0.0001,-0.0061,0.294,51.82,BULLISH,SELL,0.0,N/A,N/A,N/A,N/A
2026-04-20 10:42:30,SPY,PUT,688.0,2026-04-20,710.1400146484375,-0.0,0.0001,-0.0064,0.2832,51.82,BULLISH,SELL,0.0,N/A,N/A,N/A,N/A
2026-04-20 10:42:30,SPY,PUT,689.0,2026-04-20,710.1400146484375,-0.0,0.0002,-0.0087,0.2774,51.82,BULLISH,SELL,0.0,N/A,N/A,N/A,N/A
2026-04-20 10:42:30,SPY,PUT,690.0,2026-04-20,710.1400146484375,-0.0,0.0002,-0.0093,0.2666,51.82,BULLISH,SELL,0.0,N/A,N/A,N/A,N/A
2026-04-20 10:42:30,SPY,PUT,691.0,2026-04-20,710.1400146484375,-0.0,0.0003,-0.0127,0.2607,51.82,BULLISH,SELL,0.0,N/A,N/A,N/A,N/A
2026-04-20 10:42:30,SPY,PUT,692.0,2026-04-20,710.1400146484375,-0.001,0.0004,-0.0163,0.2534,51.82,BULLISH,SELL,0.0,N/A,N/A,N/A,N/A
2026-04-20 10:42:30,SPY,PUT,693.0,2026-04-20,710.1400146484375,-0.001,0.0006,-0.025,0.25,51.82,BULLISH,SELL,0.0,N/A,N/A,N/A,N/A
2026-04-20 10:42:30,SPY,PUT,694.0,2026-04-20,710.1400146484375,-0.001,0.0009,-0.035,0.2446,51.82,BULLISH,SELL,0.0,N/A,N/A,N/A,N/A
2026-04-20 10:42:30,SPY,PUT,695.0,2026-04-20,710.1400146484375,-0.002,0.0012,-0.0473,0.2383,51.82,BULLISH,SELL,0.0,N/A,N/A,N/A,N/A
2026-04-20 10:42:30,SPY,PUT,696.0,2026-04-20,710.1400146484375,-0.003,0.0017,-0.0618,0.231,51.82,BULLISH,SELL,0.0,N/A,N/A,N/A,N/A
2026-04-20 10:42:30,SPY,PUT,697.0,2026-04-20,710.1400146484375,-0.004,0.0025,-0.0856,0.2251,51.82,BULLISH,SELL,0.0,N/A,N/A,N/A,N/A
2026-04-20 10:42:30,SPY,PUT,698.0,2026-04-20,710.1400146484375,-0.006,0.0035,-0.1145,0.2183,51.82,BULLISH,SELL,0.0,N/A,N/A,N/A,N/A
2026-04-20 10:42:30,SPY,PUT,699.0,2026-04-20,710.1400146484375,-0.009,0.0051,-0.1559,0.2119,51.82,BULLISH,SELL,0.0,N/A,N/A,N/A,N/A
2026-04-20 10:42:30,SPY,PUT,700.0,2026-04-20,710.1400146484375,-0.014,0.0075,-0.2224,0.2073,51.82,BULLISH,SELL,0.0,N/A,N/A,N/A,N/A
2026-04-20 10:42:30,SPY,PUT,701.0,2026-04-20,710.1400146484375,-0.02,0.0108,-0.2998,0.2009,51.82,BULLISH,SELL,0.0,N/A,N/A,N/A,N/A
2026-04-20 10:42:30,SPY,PUT,702.0,2026-04-20,710.1400146484375,-0.03,0.0157,-0.4106,0.1956,51.82,BULLISH,SELL,0.0,N/A,N/A,N/A,N/A
2026-04-20 10:42:30,SPY,PUT,703.0,2026-04-20,710.1400146484375,-0.045,0.0221,-0.5429,0.1892,51.82,BULLISH,SELL,0.0,N/A,N/A,N/A,N/A
2026-04-20 10:42:30,SPY,PUT,704.0,2026-04-20,710.1400146484375,-0.066,0.0311,-0.7204,0.1838,51.82,BULLISH,SELL,0.0,N/A,N/A,N/A,N/A
2026-04-20 10:42:30,SPY,PUT,705.0,2026-04-20,710.1400146484375,-0.095,0.0426,-0.9124,0.177,51.82,BULLISH,SELL,0.0,N/A,N/A,N/A,N/A
2026-04-20 10:42:30,SPY,PUT,706.0,2026-04-20,710.1400146484375,-0.138,0.0572,-1.1541,0.1719,51.82,BULLISH,SELL,0.0,N/A,N/A,N/A,N/A
2026-04-20 10:42:30,SPY,PUT,707.0,2026-04-20,710.1400146484375,-0.196,0.0742,-1.3931,0.166,51.82,BULLISH,SELL,0.0,N/A,N/A,N/A,N/A
2026-04-20 10:42:30,SPY,PUT,708.0,2026-04-20,710.1400146484375,-0.271,0.0923,-1.6037,0.1599,51.82,BULLISH,SELL,0.0,N/A,N/A,N/A,N/A
2026-04-20 10:42:30,SPY,PUT,709.0,2026-04-20,710.1400146484375,-0.366,0.109,-1.741,0.1536,51.82,BULLISH,SELL,0.0,N/A,N/A,N/A,N/A
2026-04-20 10:42:30,SPY,PUT,710.0,2026-04-20,710.1400146484375,-0.478,0.1201,-1.7634,0.1477,51.82,BULLISH,SELL,0.0,N/A,N/A,N/A,N/A
2026-04-20 10:42:30,SPY,PUT,711.0,2026-04-20,710.1400146484375,-0.601,0.1214,-1.6228,0.1416,51.82,BULLISH,SELL,0.0,N/A,N/A,N/A,N/A
2026-04-20 10:42:30,SPY,PUT,712.0,2026-04-20,710.1400146484375,-0.722,0.1088,-1.3451,0.1372,51.82,BULLISH,SELL,0.0,N/A,N/A,N/A,N/A
2026-04-20 10:42:30,SPY,PUT,713.0,2026-04-20,710.1400146484375,-0.829,0.0858,-0.9457,0.1316,51.82,BULLISH,SELL,0.0,N/A,N/A,N/A,N/A
2026-04-20 10:42:30,SPY,PUT,714.0,2026-04-20,710.1400146484375,-0.915,0.0561,-0.5048,0.1238,51.82,BULLISH,SELL,0.0,N/A,N/A,N/A,N/A
2026-04-20 10:42:30,SPY,PUT,715.0,2026-04-20,710.1400146484375,-0.972,0.0255,-0.125,0.1118,51.82,BULLISH,SELL,0.0,N/A,N/A,N/A,N/A
2026-04-20 10:42:30,SPY,PUT,716.0,2026-04-20,710.1400146484375,-0.993,0.0086,0.0304,0.106,51.82,BULLISH,SELL,0.0,N/A,N/A,N/A,N/A
2026-04-20 10:42:30,SPY,PUT,717.0,2026-04-20,710.1400146484375,-0.989,0.0096,-0.0172,0.1314,51.82,BULLISH,SELL,0.0,N/A,N/A,N/A,N/A
2026-04-20 10:42:30,SPY,PUT,718.0,2026-04-20,710.1400146484375,-1.0,0.0,0.0984,0.0,51.82,BULLISH,SELL,0.0,N/A,N/A,N/A,N/A
2026-04-20 10:42:30,SPY,PUT,719.0,2026-04-20,710.1400146484375,-1.0,0.0002,0.0967,0.1074,51.82,BULLISH,SELL,0.0,N/A,N/A,N/A,N/A
2026-04-20 10:42:30,SPY,PUT,720.0,2026-04-20,710.1400146484375,-1.0,0.0,0.0986,0.0,51.82,BULLISH,SELL,0.0,N/A,N/A,N/A,N/A
2026-04-20 10:42:30,SPY,PUT,721.0,2026-04-20,710.1400146484375,-0.945,0.0166,-0.9238,0.2981,51.82,BULLISH,SELL,0.0,N/A,N/A,N/A,N/A
2026-04-20 10:42:30,SPY,PUT,722.0,2026-04-20,710.1400146484375,-0.941,0.0157,-1.1089,0.3328,51.82,BULLISH,SELL,0.0,N/A,N/A,N/A,N/A
2026-04-20 10:42:30,SPY,PUT,723.0,2026-04-20,710.1400146484375,-0.946,0.0139,-1.0962,0.3514,51.82,BULLISH,SELL,0.0,N/A,N/A,N/A,N/A
2026-04-20 10:42:30,SPY,PUT,724.0,2026-04-20,710.1400146484375,-0.951,0.0123,-1.0579,0.3677,51.82,BULLISH,SELL,0.0,N/A,N/A,N/A,N/A
2026-04-20 10:42:30,SPY,PUT,725.0,2026-04-20,710.1400146484375,-0.954,0.0111,-1.0464,0.3859,51.82,BULLISH,SELL,0.0,N/A,N/A,N/A,N/A
2026-04-20 10:42:30,SPY,PUT,726.0,2026-04-20,710.1400146484375,-0.958,0.01,-1.0226,0.4027,51.82,BULLISH,SELL,0.0,N/A,N/A,N/A,N/A
2026-04-20 10:42:30,SPY,PUT,727.0,2026-04-20,710.1400146484375,-0.961,0.009,-0.9876,0.4182,51.82,BULLISH,SELL,0.0,N/A,N/A,N/A,N/A
2026-04-20 10:42:30,SPY,PUT,728.0,2026-04-20,710.1400146484375,-0.963,0.0082,-0.9778,0.4358,51.82,BULLISH,SELL,0.0,N/A,N/A,N/A,N/A
2026-04-20 10:42:30,SPY,PUT,729.0,2026-04-20,710.1400146484375,-0.966,0.0075,-0.9577,0.4522,51.82,BULLISH,SELL,0.0,N/A,N/A,N/A,N/A
2026-04-20 10:42:30,SPY,PUT,730.0,2026-04-20,710.1400146484375,-0.968,0.0068,-0.9231,0.4668,51.82,BULLISH,SELL,0.0,N/A,N/A,N/A,N/A
2026-04-20 10:42:30,SPY,PUT,731.0,2026-04-20,710.1400146484375,-0.97,0.0063,-0.9151,0.4839,51.82,BULLISH,SELL,0.0,N/A,N/A,N/A,N/A
2026-04-20 10:42:30,SPY,PUT,732.0,2026-04-20,710.1400146484375,-0.972,0.0057,-0.8859,0.4985,51.82,BULLISH,SELL,0.0,N/A,N/A,N/A,N/A
2026-04-20 10:42:30,SPY,PUT,735.0,2026-04-20,710.1400146484375,-0.976,0.0046,-0.8441,0.5461,51.82,BULLISH,SELL,0.0,N/A,N/A,N/A,N/A
2026-04-20 10:42:30,SPY,PUT,740.0,2026-04-20,710.1400146484375,-0.981,0.0033,-0.7681,0.6211,51.82,BULLISH,SELL,0.0,N/A,N/A,N/A,N/A
2026-04-20 10:42:30,SPY,PUT,745.0,2026-04-20,710.1400146484375,-0.985,0.0024,-0.7031,0.6934,51.82,BULLISH,SELL,0.0,N/A,N/A,N/A,N/A
2026-04-20 10:42:30,^NSEI,SPOT,0,N/A,24353.55,0,0,0,0,50,NEUTRAL,WATCH,0,N/A,N/A,N/A,N/A
2026-04-20 10:42:31,^NSEBANK,SPOT,0,N/A,56565.7,0,0,0,0,50,NEUTRAL,WATCH,0,N/A,N/A,N/A,N/A
2026-04-20 10:42:32,BTC-USD,SPOT,0,N/A,74296.2734375,0,0,0,0,25.27,BEARISH,WATCH,0,N/A,N/A,N/A,N/A
2026-04-20 10:42:33,ETH-USD,SPOT,0,N/A,2270.25,0,0,0,0,20.98,BEARISH,WATCH,0,N/A,N/A,N/A,N/A
2026-04-20 10:43:19,SPY,CALL,679.0,2026-04-20,710.1400146484375,0.998,0.0006,-0.2013,0.501,51.82,BULLISH,BUY,99.8,N/A,N/A,N/A,N/A
2026-04-20 10:43:20,^NSEI,SPOT,0,N/A,24353.55,0,0,0,0,50,NEUTRAL,WATCH,0,N/A,N/A,N/A,N/A
2026-04-20 10:43:20,^NSEBANK,SPOT,0,N/A,56565.7,0,0,0,0,50,NEUTRAL,WATCH,0,N/A,N/A,N/A,N/A
2026-04-20 10:43:21,BTC-USD,SPOT,0,N/A,74334.1171875,0,0,0,0,26.98,BEARISH,WATCH,0,N/A,N/A,N/A,N/A
2026-04-20 10:43:22,ETH-USD,SPOT,0,N/A,2272.10009765625,0,0,0,0,22.67,BEARISH,WATCH,0,N/A,N/A,N/A,N/A
2026-04-20 10:46:23,SPY,CALL,679.0,2026-04-20,710.1400146484375,0.998,0.0006,-0.2013,0.501,51.82,BULLISH,BUY,99.8,N/A,N/A,N/A,N/A
2026-04-20 10:46:24,^NSEI,SPOT,0,N/A,24353.55,0,0,0,0,50,NEUTRAL,WATCH,0,N/A,N/A,N/A,N/A
2026-04-20 10:46:24,^NSEBANK,SPOT,0,N/A,56565.7,0,0,0,0,50,NEUTRAL,WATCH,0,N/A,N/A,N/A,N/A
2026-04-20 10:46:25,BTC-USD,SPOT,0,N/A,74293.2421875,0,0,0,0,27.13,BEARISH,WATCH,0,N/A,N/A,N/A,N/A
2026-04-20 10:46:25,ETH-USD,SPOT,0,N/A,2270.550048828125,0,0,0,0,21.42,BEARISH,WATCH,0,N/A,N/A,N/A,N/A
2026-04-20 10:49:27,SPY,CALL,679.0,2026-04-20,710.1400146484375,0.998,0.0006,-0.2013,0.501,51.82,BULLISH,BUY,99.8,N/A,N/A,N/A,N/A
2026-04-20 10:49:28,^NSEI,SPOT,0,N/A,24353.55,0,0,0,0,50,NEUTRAL,WATCH,0,N/A,N/A,N/A,N/A
2026-04-20 10:49:29,^NSEBANK,SPOT,0,N/A,56565.7,0,0,0,0,50,NEUTRAL,WATCH,0,N/A,N/A,N/A,N/A
2026-04-20 10:49:30,BTC-USD,SPOT,0,N/A,74282.59375,0,0,0,0,26.64,BEARISH,WATCH,0,N/A,N/A,N/A,N/A
2026-04-20 10:49:30,ETH-USD,SPOT,0,N/A,2270.159912109375,0,0,0,0,21.08,BEARISH,WATCH,0,N/A,N/A,N/A,N/A
2026-04-20 10:50:44,SPY,CALL,679.0,2026-04-20,710.1400146484375,0.998,0.0006,-0.2013,0.501,51.82,BULLISH,BUY,99.8,N/A,N/A,N/A,N/A
2026-04-20 10:50:45,^NSEI,SPOT,0,N/A,24353.55,0,0,0,0,50,NEUTRAL,HOLD,0,N/A,N/A,N/A,N/A
2026-04-20 10:50:45,^NSEBANK,SPOT,0,N/A,56565.7,0,0,0,0,50,NEUTRAL,HOLD,0,N/A,N/A,N/A,N/A
2026-04-20 10:50:46,BTC-USD,SPOT,0,N/A,74228.7734375,0,0,0,0,25.28,BEARISH,HOLD,0,N/A,N/A,N/A,N/A
2026-04-20 10:50:46,ETH-USD,SPOT,0,N/A,2267.39990234375,0,0,0,0,19.24,BEARISH,BUY,80,N/A,N/A,N/A,N/A
2026-04-20 10:53:25,SPY,CALL,679.0,2026-04-20,710.1400146484375,0.998,0.0006,-0.2013,0.501,51.82,BULLISH,BUY,99.8,N/A,N/A,N/A,N/A
2026-04-20 10:53:26,^NSEI,SPOT,0,N/A,24353.55,0,0,0,0,50,NEUTRAL,HOLD,0,N/A,N/A,N/A,N/A
2026-04-20 10:53:26,^NSEBANK,SPOT,0,N/A,56565.7,0,0,0,0,50,NEUTRAL,HOLD,0,N/A,N/A,N/A,N/A
2026-04-20 10:53:27,BTC-USD,SPOT,0,N/A,74256.25,0,0,0,0,26.44,BEARISH,HOLD,0,N/A,N/A,N/A,N/A
2026-04-20 10:53:27,ETH-USD,SPOT,0,N/A,2268.81005859375,0,0,0,0,20.3,BEARISH,BUY,80,N/A,N/A,N/A,N/A
2026-04-20 10:55:24,SPY,CALL,679.0,2026-04-20,710.1400146484375,0.998,0.0006,-0.2013,0.501,51.82,BULLISH,BUY,99.8,N/A,N/A,N/A,N/A
2026-04-20 10:55:25,^NSEI,SPOT,0,N/A,24353.55,0,0,0,0,50,NEUTRAL,HOLD,0,N/A,N/A,N/A,N/A
2026-04-20 10:55:25,^NSEBANK,SPOT,0,N/A,56565.7,0,0,0,0,50,NEUTRAL,HOLD,0,N/A,N/A,N/A,N/A
2026-04-20 10:55:26,BTC-USD,SPOT,0,N/A,74194.25,0,0,0,0,26.16,BEARISH,HOLD,0,N/A,N/A,N/A,N/A
2026-04-20 10:55:26,ETH-USD,SPOT,0,N/A,2266.739990234375,0,0,0,0,21.93,BEARISH,BUY,80,N/A,N/A,N/A,N/A
2026-04-20 10:58:28,SPY,CALL,679.0,2026-04-20,710.1400146484375,0.998,0.0006,-0.2013,0.501,51.82,BULLISH,BUY,99.8,N/A,N/A,N/A,N/A
2026-04-20 10:58:29,^NSEI,SPOT,0,N/A,24353.55,0,0,0,0,50,NEUTRAL,HOLD,0,N/A,N/A,N/A,N/A
2026-04-20 10:58:30,^NSEBANK,SPOT,0,N/A,56565.7,0,0,0,0,50,NEUTRAL,HOLD,0,N/A,N/A,N/A,N/A
2026-04-20 10:58:31,BTC-USD,SPOT,0,N/A,74193.40625,0,0,0,0,26.07,BEARISH,HOLD,0,N/A,N/A,N/A,N/A
2026-04-20 10:58:32,ETH-USD,SPOT,0,N/A,2267.43994140625,0,0,0,0,23.48,BEARISH,BUY,80,N/A,N/A,N/A,N/A
2026-04-20 11:01:33,SPY,CALL,679.0,2026-04-20,710.1400146484375,0.998,0.0006,-0.2013,0.501,51.82,BULLISH,BUY,99.8,N/A,N/A,N/A,N/A
2026-04-20 11:01:34,^NSEI,SPOT,0,N/A,24353.55,0,0,0,0,50,NEUTRAL,HOLD,0,N/A,N/A,N/A,N/A
2026-04-20 11:01:34,^NSEBANK,SPOT,0,N/A,56565.7,0,0,0,0,50,NEUTRAL,HOLD,0,N/A,N/A,N/A,N/A
2026-04-20 11:01:35,BTC-USD,SPOT,0,N/A,74157.3515625,0,0,0,0,21.24,BEARISH,BUY,80,N/A,N/A,N/A,N/A
2026-04-20 11:01:36,ETH-USD,SPOT,0,N/A,2266.300048828125,0,0,0,0,19.1,BEARISH,BUY,80,N/A,N/A,N/A,N/A
2026-04-20 11:01:53,SPY,CALL,679.0,2026-04-20,710.1400146484375,0.998,0.0006,-0.2013,0.501,51.82,BULLISH,BUY,99.8,N/A,N/A,N/A,N/A
2026-04-20 11:01:53,^NSEI,SPOT,0,N/A,24353.55,0,0,0,0,50,NEUTRAL,HOLD,0,N/A,N/A,N/A,N/A
2026-04-20 11:01:54,^NSEBANK,SPOT,0,N/A,56565.7,0,0,0,0,50,NEUTRAL,HOLD,0,N/A,N/A,N/A,N/A
2026-04-20 11:01:54,BTC-USD,SPOT,0,N/A,74154.328125,0,0,0,0,21.59,BEARISH,BUY,80,N/A,N/A,N/A,N/A
2026-04-20 11:01:55,ETH-USD,SPOT,0,N/A,2267.590087890625,0,0,0,0,21.63,BEARISH,BUY,80,N/A,N/A,N/A,N/A
2026-04-20 11:04:56,SPY,CALL,679.0,2026-04-20,710.1400146484375,0.998,0.0006,-0.2013,0.501,51.82,BULLISH,BUY,99.8,N/A,N/A,N/A,N/A
2026-04-20 11:04:57,^NSEI,SPOT,0,N/A,24353.55,0,0,0,0,50,NEUTRAL,HOLD,0,N/A,N/A,N/A,N/A
2026-04-20 11:04:57,^NSEBANK,SPOT,0,N/A,56565.7,0,0,0,0,50,NEUTRAL,HOLD,0,N/A,N/A,N/A,N/A
2026-04-20 11:04:58,BTC-USD,SPOT,0,N/A,74202.0234375,0,0,0,0,25.56,BEARISH,HOLD,0,N/A,N/A,N/A,N/A
2026-04-20 11:04:58,ETH-USD,SPOT,0,N/A,2268.699951171875,0,0,0,0,25.39,BEARISH,HOLD,0,N/A,N/A,N/A,N/A
2026-04-20 11:08:00,SPY,CALL,679.0,2026-04-20,710.1400146484375,0.998,0.0006,-0.2013,0.501,51.82,BULLISH,BUY,99.8,N/A,N/A,N/A,N/A
2026-04-20 11:08:01,^NSEI,SPOT,0,N/A,24353.55,0,0,0,0,50,NEUTRAL,HOLD,0,N/A,N/A,N/A,N/A
2026-04-20 11:08:01,^NSEBANK,SPOT,0,N/A,56565.7,0,0,0,0,50,NEUTRAL,HOLD,0,N/A,N/A,N/A,N/A
2026-04-20 11:08:02,BTC-USD,SPOT,0,N/A,74238.0703125,0,0,0,0,28.08,BEARISH,HOLD,0,N/A,N/A,N/A,N/A
2026-04-20 11:08:03,ETH-USD,SPOT,0,N/A,2268.8798828125,0,0,0,0,25.68,BEARISH,HOLD,0,N/A,N/A,N/A,N/A
2026-04-20 11:11:04,SPY,CALL,679.0,2026-04-20,710.1400146484375,0.998,0.0006,-0.2013,0.501,51.82,BULLISH,BUY,99.8,N/A,N/A,N/A,N/A
2026-04-20 11:11:05,^NSEI,SPOT,0,N/A,24353.55,0,0,0,0,50,NEUTRAL,HOLD,0,N/A,N/A,N/A,N/A
2026-04-20 11:11:06,^NSEBANK,SPOT,0,N/A,56565.7,0,0,0,0,50,NEUTRAL,HOLD,0,N/A,N/A,N/A,N/A
2026-04-20 11:11:06,BTC-USD,SPOT,0,N/A,74201.4921875,0,0,0,0,23.38,BEARISH,BUY,80,N/A,N/A,N/A,N/A
2026-04-20 11:11:07,ETH-USD,SPOT,0,N/A,2267.760009765625,0,0,0,0,26.01,BEARISH,HOLD,0,N/A,N/A,N/A,N/A
2026-04-20 11:14:09,SPY,CALL,679.0,2026-04-20,710.1400146484375,0.998,0.0006,-0.2013,0.501,51.82,BULLISH,BUY,99.8,N/A,N/A,N/A,N/A
2026-04-20 11:14:10,^NSEI,SPOT,0,N/A,24353.55,0,0,0,0,50,NEUTRAL,HOLD,0,N/A,N/A,N/A,N/A
2026-04-20 11:14:10,^NSEBANK,SPOT,0,N/A,56565.7,0,0,0,0,50,NEUTRAL,HOLD,0,N/A,N/A,N/A,N/A
2026-04-20 11:14:11,BTC-USD,SPOT,0,N/A,74222.5390625,0,0,0,0,25.77,BEARISH,HOLD,0,N/A,N/A,N/A,N/A
2026-04-20 11:14:13,ETH-USD,SPOT,0,N/A,2268.10009765625,0,0,0,0,26.95,BEARISH,HOLD,0,N/A,N/A,N/A,N/A
2026-04-20 11:26:03,SPY,CALL,679.0,2026-04-20,710.1400146484375,0.998,0.0006,-0.2013,0.501,51.82,BULLISH,BUY,99.8,N/A,N/A,N/A,N/A
2026-04-20 11:26:04,^NSEI,SPOT,0,N/A,24353.55,0,0,0,0,50,NEUTRAL,HOLD,0,N/A,N/A,N/A,N/A
2026-04-20 11:26:05,^NSEBANK,SPOT,0,N/A,56565.7,0,0,0,0,50,NEUTRAL,HOLD,0,N/A,N/A,N/A,N/A
2026-04-20 11:26:06,BTC-USD,SPOT,0,N/A,74333.7734375,0,0,0,0,31.08,BEARISH,HOLD,0,N/A,N/A,N/A,N/A
2026-04-20 11:26:07,ETH-USD,SPOT,0,N/A,2272.570068359375,0,0,0,0,32.53,BEARISH,HOLD,0,N/A,N/A,N/A,N/A
2026-04-20 11:27:06,SPY,CALL,679.0,2026-04-20,710.1400146484375,0.998,0.0006,-0.2013,0.501,51.82,BULLISH,BUY,99.8,N/A,N/A,N/A,N/A
2026-04-20 11:27:07,^NSEI,SPOT,0,N/A,24353.55,0,0,0,0,50,NEUTRAL,HOLD,0,N/A,N/A,N/A,N/A
2026-04-20 11:27:07,^NSEBANK,SPOT,0,N/A,56565.7,0,0,0,0,50,NEUTRAL,HOLD,0,N/A,N/A,N/A,N/A
2026-04-20 11:27:08,BTC-USD,SPOT,0,N/A,74322.3984375,0,0,0,0,30.5,BEARISH,HOLD,0,N/A,N/A,N/A,N/A
2026-04-20 11:27:09,ETH-USD,SPOT,0,N/A,2272.159912109375,0,0,0,0,31.72,BEARISH,HOLD,0,N/A,N/A,N/A,N/A
2026-04-20 11:27:36,SPY,CALL,679.0,2026-04-20,710.1400146484375,0.998,0.0006,-0.2013,0.501,51.82,BULLISH,BUY,99.8,N/A,N/A,N/A,N/A
2026-04-20 11:27:37,^NSEI,SPOT,0,N/A,24353.55,0,0,0,0,50,NEUTRAL,HOLD,0,N/A,N/A,N/A,N/A
2026-04-20 11:27:37,^NSEBANK,SPOT,0,N/A,56565.7,0,0,0,0,50,NEUTRAL,HOLD,0,N/A,N/A,N/A,N/A
2026-04-20 11:27:38,BTC-USD,SPOT,0,N/A,74295.6015625,0,0,0,0,29.42,BEARISH,HOLD,0,N/A,N/A,N/A,N/A
2026-04-20 11:27:39,ETH-USD,SPOT,0,N/A,2270.889892578125,0,0,0,0,30.52,BEARISH,HOLD,0,N/A,N/A,N/A,N/A
2026-04-20 11:29:58,SPY,CALL,679.0,2026-04-20,710.1400146484375,0.998,0.0006,-0.2013,0.501,51.82,BULLISH,BUY,99.8,N/A,N/A,N/A,N/A
2026-04-20 11:29:59,^NSEI,SPOT,0,N/A,24353.55,0,0,0,0,78.41,BULLISH,SELL,80,N/A,N/A,N/A,N/A
2026-04-20 11:30:00,^NSEBANK,SPOT,0,N/A,56565.7,0,0,0,0,74.15,BULLISH,HOLD,0,N/A,N/A,N/A,N/A
2026-04-20 11:30:01,BTC-USD,SPOT,0,N/A,74297.9765625,0,0,0,0,29.51,BEARISH,HOLD,0,N/A,N/A,N/A,N/A
2026-04-20 11:30:02,ETH-USD,SPOT,0,N/A,2271.0400390625,0,0,0,0,30.44,BEARISH,HOLD,0,N/A,N/A,N/A,N/A
2026-04-20 11:34:27,SPY,CALL,679.0,2026-04-20,710.1400146484375,0.998,0.0006,-0.2013,0.501,51.82,BULLISH,BUY,99.8,N/A,N/A,N/A,N/A
2026-04-20 11:34:28,^NSEI,SPOT,0,N/A,24353.55,0,0,0,0,78.41,BULLISH,SELL,80,N/A,N/A,N/A,N/A
2026-04-20 11:34:29,^NSEBANK,SPOT,0,N/A,56565.7,0,0,0,0,74.15,BULLISH,HOLD,0,N/A,N/A,N/A,N/A
2026-04-20 11:34:30,BTC-USD,SPOT,0,N/A,74468.5390625,0,0,0,0,42.33,BULLISH,BUY,57.7,N/A,N/A,N/A,N/A
2026-04-20 11:34:31,ETH-USD,SPOT,0,N/A,2276.60009765625,0,0,0,0,39.65,BULLISH,BUY,60.3,N/A,N/A,N/A,N/A
2026-04-20 11:37:06,SPY,CALL,679.0,2026-04-20,710.1400146484375,0.998,0.0006,-0.2013,0.501,51.82,BULLISH,BUY,99.8,N/A,N/A,N/A,N/A
2026-04-20 11:37:07,^NSEI,SPOT,0,N/A,24353.55,0,0,0,0,78.41,BULLISH,SELL,80,N/A,N/A,N/A,N/A
2026-04-20 11:37:09,^NSEBANK,SPOT,0,N/A,56565.7,0,0,0,0,74.15,BULLISH,HOLD,0,N/A,N/A,N/A,N/A
2026-04-20 11:37:11,BTC-USD,SPOT,0,N/A,74406.2734375,0,0,0,0,39.18,BULLISH,BUY,60.8,N/A,N/A,N/A,N/A
2026-04-20 11:37:13,ETH-USD,SPOT,0,N/A,2274.2099609375,0,0,0,0,37.89,BEARISH,SELL,37.9,N/A,N/A,N/A,N/A
2026-04-20 11:37:35,SPY,CALL,679.0,2026-04-20,710.1400146484375,0.998,0.0006,-0.2013,0.501,51.82,BULLISH,BUY,99.8,N/A,N/A,N/A,N/A
2026-04-20 11:37:36,^NSEI,SPOT,0,N/A,24353.55,0,0,0,0,78.41,BULLISH,SELL,80,N/A,N/A,N/A,N/A
2026-04-20 11:37:38,^NSEBANK,SPOT,0,N/A,56565.7,0,0,0,0,74.15,BULLISH,HOLD,0,N/A,N/A,N/A,N/A
2026-04-20 11:37:39,BTC-USD,SPOT,0,N/A,74409.5078125,0,0,0,0,39.32,BULLISH,BUY,60.7,N/A,N/A,N/A,N/A
2026-04-20 11:37:41,ETH-USD,SPOT,0,N/A,2275.39990234375,0,0,0,0,38.19,BULLISH,BUY,61.8,N/A,N/A,N/A,N/A
2026-04-20 11:40:42,SPY,CALL,679.0,2026-04-20,710.1400146484375,0.998,0.0006,-0.2013,0.501,51.82,BULLISH,BUY,99.8,N/A,N/A,N/A,N/A
2026-04-20 11:40:43,^NSEI,SPOT,0,N/A,24353.55,0,0,0,0,78.41,BULLISH,SELL,80,N/A,N/A,N/A,N/A
2026-04-20 11:40:43,^NSEBANK,SPOT,0,N/A,56565.7,0,0,0,0,74.15,BULLISH,HOLD,0,N/A,N/A,N/A,N/A
2026-04-20 11:40:44,BTC-USD,SPOT,0,N/A,74380.1171875,0,0,0,0,42.97,BULLISH,BUY,57.0,N/A,N/A,N/A,N/A
2026-04-20 11:40:45,ETH-USD,SPOT,0,N/A,2273.260009765625,0,0,0,0,40.18,BEARISH,SELL,40.2,N/A,N/A,N/A,N/A
2026-04-20 11:41:34,SPY,CALL,679.0,2026-04-20,710.1400146484375,0.998,0.0006,-0.2013,0.501,51.82,BULLISH,BUY,99.8,N/A,N/A,N/A,N/A
2026-04-20 11:41:35,^NSEI,SPOT,0,N/A,24353.55,0,0,0,0,78.41,BULLISH,SELL,80,N/A,N/A,N/A,N/A
2026-04-20 11:41:36,^NSEBANK,SPOT,0,N/A,56565.7,0,0,0,0,74.15,BULLISH,HOLD,0,N/A,N/A,N/A,N/A
2026-04-20 11:41:37,BTC-USD,SPOT,0,N/A,74350.5,0,0,0,0,41.42,BEARISH,SELL,41.4,N/A,N/A,N/A,N/A
2026-04-20 11:41:38,ETH-USD,SPOT,0,N/A,2272.199951171875,0,0,0,0,39.09,BEARISH,SELL,39.1,N/A,N/A,N/A,N/A
2026-04-20 11:44:41,SPY,CALL,679.0,2026-04-20,710.1400146484375,0.998,0.0006,-0.2013,0.501,51.82,BULLISH,BUY,99.8,N/A,N/A,N/A,N/A
2026-04-20 11:44:43,^NSEI,SPOT,0,N/A,24353.55,0,0,0,0,78.41,BULLISH,SELL,80,N/A,N/A,N/A,N/A
2026-04-20 11:44:45,^NSEBANK,SPOT,0,N/A,56565.7,0,0,0,0,74.15,BULLISH,HOLD,0,N/A,N/A,N/A,N/A
2026-04-20 11:44:46,BTC-USD,SPOT,0,N/A,74315.8125,0,0,0,0,39.73,BEARISH,SELL,39.7,N/A,N/A,N/A,N/A
2026-04-20 11:44:48,ETH-USD,SPOT,0,N/A,2270.889892578125,0,0,0,0,37.74,BEARISH,SELL,37.7,N/A,N/A,N/A,N/A
2026-04-22 10:43:23,SPY,PUT,705.0,2026-04-22,704.0800170898438,-1.0,0.0,0.0966,0.0,44.22,BEARISH,BUY,100.0,N/A,N/A,N/A,N/A
2026-04-22 10:43:25,^NSEI,SPOT,0,N/A,24411.849609375,0,0,0,0,35.36,BEARISH,SELL,35.4,N/A,N/A,N/A,N/A
2026-04-22 10:43:26,^NSEBANK,SPOT,0,N/A,57275.8984375,0,0,0,0,55.94,BULLISH,BUY,44.1,N/A,N/A,N/A,N/A
2026-04-22 10:43:29,BTC-USD,SPOT,0,N/A,77586.0234375,0,0,0,0,50.06,BULLISH,BUY,49.9,N/A,N/A,N/A,N/A
2026-04-22 10:43:32,ETH-USD,SPOT,0,N/A,2367.6201171875,0,0,0,0,52.62,BULLISH,BUY,47.4,N/A,N/A,N/A,N/A
2026-04-22 10:46:36,SPY,PUT,705.0,2026-04-22,704.0800170898438,-1.0,0.0,0.0966,0.0,44.22,BEARISH,BUY,100.0,N/A,N/A,N/A,N/A
2026-04-22 10:46:38,^NSEI,SPOT,0,N/A,24429.599609375,0,0,0,0,46.68,BULLISH,BUY,53.3,N/A,N/A,N/A,N/A
2026-04-22 10:46:45,^NSEBANK,SPOT,0,N/A,57363.3515625,0,0,0,0,63.28,BULLISH,BUY,36.7,N/A,N/A,N/A,N/A
2026-04-22 10:47:00,BTC-USD,SPOT,0,N/A,77836.83,0,0,0,0,62.7,BULLISH,BUY,37.3,N/A,N/A,N/A,N/A
2026-04-22 10:47:05,ETH-USD,SPOT,0,N/A,2376.5,0,0,0,0,63.78,BULLISH,BUY,36.2,N/A,N/A,N/A,N/A
2026-04-22 10:50:16,SPY,PUT,705.0,2026-04-22,704.0800170898438,-1.0,0.0,0.0966,0.0,44.22,BEARISH,BUY,100.0,N/A,N/A,N/A,N/A
2026-04-22 10:50:18,^NSEI,SPOT,0,N/A,24425.400390625,0,0,0,0,50.38,BULLISH,BUY,49.6,N/A,N/A,N/A,N/A
2026-04-22 10:50:21,^NSEBANK,SPOT,0,N/A,57327.1015625,0,0,0,0,65.61,BULLISH,HOLD,0,N/A,N/A,N/A,N/A
2026-04-22 10:50:34,BTC-USD,SPOT,0,N/A,77937.8203125,0,0,0,0,65.46,BULLISH,HOLD,0,N/A,N/A,N/A,N/A
2026-04-22 10:54:00,SPY,PUT,705.0,2026-04-22,704.0800170898438,-1.0,0.0,0.0966,0.0,44.22,BEARISH,BUY,100.0,N/A,N/A,N/A,N/A
2026-04-22 10:54:04,^NSEI,SPOT,0,N/A,24444.099609375,0,0,0,0,56.21,BULLISH,BUY,43.8,N/A,N/A,N/A,N/A
2026-04-22 10:54:10,^NSEBANK,SPOT,0,N/A,57373.8984375,0,0,0,0,68.25,BULLISH,HOLD,0,N/A,N/A,N/A,N/A
2026-04-22 10:54:20,BTC-USD,SPOT,0,N/A,78149.890625,0,0,0,0,76.56,BULLISH,SELL,80,N/A,N/A,N/A,N/A
2026-04-22 10:54:24,ETH-USD,SPOT,0,N/A,2391.449951171875,0,0,0,0,81.98,BULLISH,SELL,80,N/A,N/A,N/A,N/A
2026-04-22 10:58:45,SPY,PUT,705.0,2026-04-22,704.0800170898438,-1.0,0.0,0.0966,0.0,44.22,BEARISH,BUY,100.0,N/A,N/A,N/A,N/A
2026-04-22 10:58:49,^NSEI,SPOT,0,N/A,24440.150390625,0,0,0,0,58.66,BULLISH,BUY,41.3,N/A,N/A,N/A,N/A
2026-04-22 10:58:51,^NSEBANK,SPOT,0,N/A,57391.75,0,0,0,0,67.75,BULLISH,HOLD,0,N/A,N/A,N/A,N/A
2026-04-22 10:58:54,BTC-USD,SPOT,0,N/A,78240.46875,0,0,0,0,79.27,BULLISH,SELL,80,N/A,N/A,N/A,N/A
2026-04-22 10:58:57,ETH-USD,SPOT,0,N/A,2387.0,0,0,0,0,78.3,BULLISH,SELL,80,N/A,N/A,N/A,N/A
2026-04-22 11:02:02,SPY,PUT,705.0,2026-04-22,704.0800170898438,-1.0,0.0,0.0966,0.0,44.22,BEARISH,BUY,100.0,N/A,N/A,N/A,N/A
2026-04-22 11:02:06,^NSEI,SPOT,0,N/A,24433.400390625,0,0,0,0,58.19,BULLISH,BUY,41.8,N/A,N/A,N/A,N/A
2026-04-22 11:03:10,SPY,PUT,705.0,2026-04-22,704.0800170898438,-1.0,0.0,0.0966,0.0,44.22,BEARISH,BUY,100.0,N/A,N/A,N/A,N/A
2026-04-22 11:03:13,^NSEI,SPOT,0,N/A,24434.94921875,0,0,0,0,59.26,BULLISH,BUY,40.7,N/A,N/A,N/A,N/A
2026-04-22 11:03:14,^NSEBANK,SPOT,0,N/A,57382.75,0,0,0,0,68.59,BULLISH,HOLD,0,N/A,N/A,N/A,N/A
2026-04-22 11:03:17,BTC-USD,SPOT,0,N/A,78286.0,0,0,0,0,81.37,BULLISH,SELL,80,N/A,N/A,N/A,N/A
2026-04-22 11:03:19,ETH-USD,SPOT,0,N/A,2401.610107421875,0,0,0,0,84.54,BULLISH,SELL,80,N/A,N/A,N/A,N/A
2026-04-22 11:06:24,SPY,PUT,705.0,2026-04-22,704.0800170898438,-1.0,0.0,0.0966,0.0,44.22,BEARISH,BUY,100.0,N/A,N/A,N/A,N/A
2026-04-22 11:06:25,^NSEI,SPOT,0,N/A,24432.5,0,0,0,0,72.71,BULLISH,HOLD,0,N/A,N/A,N/A,N/A
2026-04-22 11:06:28,^NSEBANK,SPOT,0,N/A,57354.19921875,0,0,0,0,77.31,BULLISH,SELL,80,N/A,N/A,N/A,N/A
2026-04-22 11:06:29,BTC-USD,SPOT,0,N/A,78194.328125,0,0,0,0,75.6,BULLISH,SELL,80,N/A,N/A,N/A,N/A
2026-04-22 11:06:31,ETH-USD,SPOT,0,N/A,2398.590087890625,0,0,0,0,83.36,BULLISH,SELL,80,N/A,N/A,N/A,N/A
2026-04-22 11:09:52,SPY,PUT,705.0,2026-04-22,704.0800170898438,-1.0,0.0,0.0966,0.0,44.22,BEARISH,BUY,100.0,N/A,N/A,N/A,N/A
2026-04-22 11:09:54,^NSEI,SPOT,0,N/A,24426.94921875,0,0,0,0,70.51,BULLISH,HOLD,0,N/A,N/A,N/A,N/A
2026-04-22 11:09:55,^NSEBANK,SPOT,0,N/A,57330.94921875,0,0,0,0,73.47,BULLISH,HOLD,0,N/A,N/A,N/A,N/A
2026-04-22 11:09:56,BTC-USD,SPOT,0,N/A,78034.2109375,0,0,0,0,67.33,BULLISH,HOLD,0,N/A,N/A,N/A,N/A
2026-04-22 11:09:57,ETH-USD,SPOT,0,N/A,2389.260009765625,0,0,0,0,74.37,BULLISH,HOLD,0,N/A,N/A,N/A,N/A
2026-04-22 11:12:59,SPY,PUT,705.0,2026-04-22,704.0800170898438,-1.0,0.0,0.0966,0.0,44.22,BEARISH,BUY,100.0,N/A,N/A,N/A,N/A
2026-04-22 11:13:00,^NSEI,SPOT,0,N/A,24424.900390625,0,0,0,0,67.7,BULLISH,HOLD,0,N/A,N/A,N/A,N/A
2026-04-22 11:13:02,^NSEBANK,SPOT,0,N/A,57322.1015625,0,0,0,0,72.43,BULLISH,HOLD,0,N/A,N/A,N/A,N/A
2026-04-22 11:13:03,BTC-USD,SPOT,0,N/A,78146.1796875,0,0,0,0,70.38,BULLISH,HOLD,0,N/A,N/A,N/A,N/A
2026-04-22 11:13:04,ETH-USD,SPOT,0,N/A,2394.3798828125,0,0,0,0,79.7,BULLISH,SELL,80,N/A,N/A,N/A,N/A
2026-04-22 11:16:06,SPY,PUT,705.0,2026-04-22,704.0800170898438,-1.0,0.0,0.0966,0.0,44.22,BEARISH,BUY,100.0,N/A,N/A,N/A,N/A
2026-04-22 11:16:07,^NSEI,SPOT,0,N/A,24426.150390625,0,0,0,0,68.53,BULLISH,HOLD,0,N/A,N/A,N/A,N/A
2026-04-22 11:16:08,^NSEBANK,SPOT,0,N/A,57359.94921875,0,0,0,0,73.26,BULLISH,HOLD,0,N/A,N/A,N/A,N/A
2026-04-22 11:16:09,BTC-USD,SPOT,0,N/A,78110.0,0,0,0,0,66.12,BULLISH,HOLD,0,N/A,N/A,N/A,N/A
2026-04-22 11:16:10,ETH-USD,SPOT,0,N/A,2397.60009765625,0,0,0,0,78.64,BULLISH,SELL,80,N/A,N/A,N/A,N/A
2026-04-22 11:19:11,SPY,PUT,705.0,2026-04-22,704.0800170898438,-1.0,0.0,0.0966,0.0,44.22,BEARISH,BUY,100.0,N/A,N/A,N/A,N/A
2026-04-22 11:19:12,^NSEI,SPOT,0,N/A,24436.650390625,0,0,0,0,71.63,BULLISH,HOLD,0,N/A,N/A,N/A,N/A
2026-04-22 11:19:13,^NSEBANK,SPOT,0,N/A,57402.30078125,0,0,0,0,75.17,BULLISH,SELL,80,N/A,N/A,N/A,N/A
2026-04-22 11:19:14,BTC-USD,SPOT,0,N/A,78090.21875,0,0,0,0,65.19,BULLISH,HOLD,0,N/A,N/A,N/A,N/A
2026-04-22 11:19:16,ETH-USD,SPOT,0,N/A,2401.840087890625,0,0,0,0,80.18,BULLISH,SELL,80,N/A,N/A,N/A,N/A
2026-04-22 11:21:27,SPY,PUT,705.0,2026-04-22,704.0800170898438,-1.0,0.0,0.0966,0.0,44.22,BEARISH,BUY,100.0,N/A,N/A,N/A,N/A
2026-04-22 11:21:32,^NSEI,SPOT,0,N/A,24436.349609375,0,0,0,0,75.98,BULLISH,SELL,80,N/A,N/A,N/A,N/A
2026-04-22 11:21:33,^NSEBANK,SPOT,0,N/A,57407.75,0,0,0,0,74.78,BULLISH,HOLD,0,N/A,N/A,N/A,N/A
2026-04-22 11:21:35,BTC-USD,SPOT,0,N/A,78069.9609375,0,0,0,0,68.79,BULLISH,HOLD,0,N/A,N/A,N/A,N/A
2026-04-22 11:21:37,ETH-USD,SPOT,0,N/A,2402.27001953125,0,0,0,0,82.75,BULLISH,SELL,80,N/A,N/A,N/A,N/A
2026-04-22 11:24:39,SPY,PUT,705.0,2026-04-22,704.0800170898438,-1.0,0.0,0.0966,0.0,44.22,BEARISH,BUY,100.0,N/A,N/A,N/A,N/A
2026-04-22 11:24:40,^NSEI,SPOT,0,N/A,24445.099609375,0,0,0,0,78.17,BULLISH,SELL,80,N/A,N/A,N/A,N/A
2026-04-22 11:24:41,^NSEBANK,SPOT,0,N/A,57423.25,0,0,0,0,75.68,BULLISH,SELL,80,N/A,N/A,N/A,N/A
2026-04-22 11:24:42,BTC-USD,SPOT,0,N/A,77962.5,0,0,0,0,63.64,BULLISH,BUY,36.4,N/A,N/A,N/A,N/A
2026-04-22 11:24:43,ETH-USD,SPOT,0,N/A,2399.89990234375,0,0,0,0,78.79,BULLISH,SELL,80,N/A,N/A,N/A,N/A
2026-04-22 11:35:11,SPY,PUT,705.0,2026-04-22,704.0800170898438,-1.0,0.0,0.0966,0.0,44.22,BEARISH,BUY,100.0,N/A,N/A,N/A,N/A
2026-04-22 11:35:12,^NSEI,SPOT,0,N/A,24441.19921875,0,0,0,0,76.66,BULLISH,SELL,80,N/A,N/A,N/A,N/A
2026-04-22 11:35:14,^NSEBANK,SPOT,0,N/A,57400.6484375,0,0,0,0,77.96,BULLISH,SELL,80,N/A,N/A,N/A,N/A
2026-04-22 11:35:17,BTC-USD,SPOT,0,N/A,77968.4296875,0,0,0,0,66.49,BULLISH,HOLD,0,N/A,N/A,N/A,N/A
2026-04-22 11:35:19,ETH-USD,SPOT,0,N/A,2393.7099609375,0,0,0,0,74.05,BULLISH,HOLD,0,N/A,N/A,N/A,N/A
2026-04-22 11:38:24,SPY,PUT,705.0,2026-04-22,704.0800170898438,-1.0,0.0,0.0966,0.0,44.22,BEARISH,BUY,100.0,N/A,N/A,N/A,N/A
2026-04-22 11:38:26,^NSEI,SPOT,0,N/A,24434.30078125,0,0,0,0,72.57,BULLISH,HOLD,0,N/A,N/A,N/A,N/A
2026-04-22 11:38:29,^NSEBANK,SPOT,0,N/A,57387.05078125,0,0,0,0,75.95,BULLISH,SELL,80,N/A,N/A,N/A,N/A
2026-04-22 11:38:32,BTC-USD,SPOT,0,N/A,77939.9296875,0,0,0,0,65.29,BULLISH,HOLD,0,N/A,N/A,N/A,N/A
2026-04-22 11:38:35,ETH-USD,SPOT,0,N/A,2393.030029296875,0,0,0,0,73.3,BULLISH,HOLD,0,N/A,N/A,N/A,N/A
2026-04-22 11:41:39,SPY,PUT,705.0,2026-04-22,704.0800170898438,-1.0,0.0,0.0966,0.0,44.22,BEARISH,BUY,100.0,N/A,N/A,N/A,N/A
2026-04-22 11:41:40,^NSEI,SPOT,0,N/A,24434.349609375,0,0,0,0,69.81,BULLISH,HOLD,0,N/A,N/A,N/A,N/A
2026-04-22 11:41:41,^NSEBANK,SPOT,0,N/A,57384.44921875,0,0,0,0,73.57,BULLISH,HOLD,0,N/A,N/A,N/A,N/A
2026-04-22 11:41:43,BTC-USD,SPOT,0,N/A,77942.703125,0,0,0,0,67.75,BULLISH,HOLD,0,N/A,N/A,N/A,N/A
2026-04-22 11:41:45,ETH-USD,SPOT,0,N/A,2392.199951171875,0,0,0,0,72.32,BULLISH,HOLD,0,N/A,N/A,N/A,N/A
2026-04-22 11:44:47,SPY,PUT,705.0,2026-04-22,704.0800170898438,-1.0,0.0,0.0966,0.0,44.22,BEARISH,BUY,100.0,N/A,N/A,N/A,N/A
2026-04-22 11:44:48,^NSEI,SPOT,0,N/A,24426.0,0,0,0,0,67.06,BULLISH,HOLD,0,N/A,N/A,N/A,N/A
2026-04-22 11:44:48,^NSEBANK,SPOT,0,N/A,57377.6484375,0,0,0,0,73.19,BULLISH,HOLD,0,N/A,N/A,N/A,N/A
2026-04-22 11:44:49,BTC-USD,SPOT,0,N/A,78009.6328125,0,0,0,0,69.36,BULLISH,HOLD,0,N/A,N/A,N/A,N/A
2026-04-22 11:44:50,ETH-USD,SPOT,0,N/A,2392.409912109375,0,0,0,0,72.41,BULLISH,HOLD,0,N/A,N/A,N/A,N/A
2026-04-22 11:47:51,SPY,PUT,705.0,2026-04-22,704.0800170898438,-1.0,0.0,0.0966,0.0,44.22,BEARISH,BUY,100.0,N/A,N/A,N/A,N/A
2026-04-22 11:47:52,^NSEI,SPOT,0,N/A,24394.94921875,0,0,0,0,47.86,BEARISH,SELL,47.9,N/A,N/A,N/A,N/A
2026-04-22 11:47:53,^NSEBANK,SPOT,0,N/A,57317.1015625,0,0,0,0,59.27,BULLISH,BUY,40.7,N/A,N/A,N/A,N/A
2026-04-22 11:47:53,BTC-USD,SPOT,0,N/A,77983.2890625,0,0,0,0,66.61,BULLISH,HOLD,0,N/A,N/A,N/A,N/A
2026-04-22 11:47:54,ETH-USD,SPOT,0,N/A,2392.18994140625,0,0,0,0,70.72,BULLISH,HOLD,0,N/A,N/A,N/A,N/A
2026-04-22 11:54:56,SPY,PUT,705.0,2026-04-22,704.0800170898438,-1.0,0.0,0.0966,0.0,44.22,BEARISH,BUY,100.0,N/A,N/A,N/A,N/A
2026-04-22 11:54:59,^NSEI,SPOT,0,N/A,24414.94921875,0,0,0,0,49.01,BEARISH,SELL,49.0,N/A,N/A,N/A,N/A
2026-04-22 11:55:01,^NSEBANK,SPOT,0,N/A,57372.8984375,0,0,0,0,58.22,BULLISH,BUY,41.8,N/A,N/A,N/A,N/A
2026-04-22 11:55:03,BTC-USD,SPOT,0,N/A,77958.4765625,0,0,0,0,65.44,BULLISH,HOLD,0,N/A,N/A,N/A,N/A
2026-04-22 11:55:07,ETH-USD,SPOT,0,N/A,2390.3798828125,0,0,0,0,68.72,BULLISH,HOLD,0,N/A,N/A,N/A,N/A
2026-04-22 11:55:46,SPY,PUT,705.0,2026-04-22,704.0800170898438,-1.0,0.0,0.0966,0.0,44.22,BEARISH,BUY,100.0,N/A,N/A,N/A,N/A
2026-04-22 11:55:47,^NSEI,SPOT,0,N/A,24417.5,0,0,0,0,47.19,BEARISH,SELL,47.2,N/A,N/A,N/A,N/A
2026-04-22 11:55:48,^NSEBANK,SPOT,0,N/A,57372.3515625,0,0,0,0,56.31,BULLISH,BUY,43.7,N/A,N/A,N/A,N/A
2026-04-22 11:55:49,BTC-USD,SPOT,0,N/A,77990.0,0,0,0,0,52.13,BULLISH,BUY,47.9,N/A,N/A,N/A,N/A
2026-04-22 11:55:54,ETH-USD,SPOT,0,N/A,2390.659912109375,0,0,0,0,50.34,BULLISH,BUY,49.7,N/A,N/A,N/A,N/A
2026-04-22 11:56:50,SPY,PUT,705.0,2026-04-22,704.0800170898438,-1.0,0.0,0.0966,0.0,44.22,BEARISH,BUY,100.0,N/A,N/A,N/A,N/A
2026-04-22 11:56:51,^NSEI,SPOT,0,N/A,24414.900390625,0,0,0,0,46.16,BEARISH,SELL,46.2,N/A,N/A,N/A,N/A
2026-04-22 11:56:51,^NSEBANK,SPOT,0,N/A,57368.69921875,0,0,0,0,55.56,BULLISH,BUY,44.4,N/A,N/A,N/A,N/A
2026-04-22 11:56:52,BTC-USD,SPOT,0,N/A,77992.1875,0,0,0,0,52.24,BULLISH,BUY,47.8,N/A,N/A,N/A,N/A
2026-04-22 11:56:53,ETH-USD,SPOT,0,N/A,2390.489990234375,0,0,0,0,50.12,BULLISH,BUY,49.9,N/A,N/A,N/A,N/A
2026-04-22 11:59:54,SPY,PUT,705.0,2026-04-22,704.0800170898438,-1.0,0.0,0.0966,0.0,44.22,BEARISH,BUY,100.0,N/A,N/A,N/A,N/A
2026-04-22 11:59:55,^NSEI,SPOT,0,N/A,24426.44921875,0,0,0,0,50.86,BULLISH,BUY,49.1,N/A,N/A,N/A,N/A
2026-04-22 11:59:55,^NSEBANK,SPOT,0,N/A,57384.44921875,0,0,0,0,57.24,BULLISH,BUY,42.8,N/A,N/A,N/A,N/A
2026-04-22 11:59:56,BTC-USD,SPOT,0,N/A,77963.5703125,0,0,0,0,50.72,BULLISH,BUY,49.3,N/A,N/A,N/A,N/A
2026-04-22 11:59:57,ETH-USD,SPOT,0,N/A,2391.800048828125,0,0,0,0,51.73,BULLISH,BUY,48.3,N/A,N/A,N/A,N/A
2026-04-22 12:06:36,SPY,PUT,705.0,2026-04-22,704.0800170898438,-1.0,0.0,0.0966,0.0,44.22,BEARISH,BUY,100.0,N/A,N/A,N/A,N/A
2026-04-22 12:06:37,^NSEI,SPOT,0,N/A,24430.650390625,0,0,0,0,46.2,BULLISH,BUY,53.8,N/A,N/A,N/A,N/A
2026-04-22 12:06:38,^NSEBANK,SPOT,0,N/A,57389.3984375,0,0,0,0,48.31,BULLISH,BUY,51.7,N/A,N/A,N/A,N/A
2026-04-22 12:06:38,BTC-USD,SPOT,0,N/A,77943.9609375,0,0,0,0,24.07,BEARISH,BUY,80,N/A,N/A,N/A,N/A
2026-04-22 12:06:39,ETH-USD,SPOT,0,N/A,2391.60009765625,0,0,0,0,54.58,BULLISH,BUY,45.4,N/A,N/A,N/A,N/A
2026-04-22 12:13:04,SPY,PUT,705.0,2026-04-22,704.0800170898438,-1.0,0.0,0.0966,0.0,44.22,BEARISH,BUY,100.0,N/A,N/A,N/A,N/A
2026-04-22 12:13:05,^NSEI,SPOT,0,N/A,24416.400390625,0,0,0,0,41.52,BEARISH,SELL,41.5,N/A,N/A,N/A,N/A
2026-04-22 12:13:06,^NSEBANK,SPOT,0,N/A,57312.6484375,0,0,0,0,42.45,BEARISH,SELL,42.5,N/A,N/A,N/A,N/A
2026-04-22 12:13:07,BTC-USD,SPOT,0,N/A,77956.5625,0,0,0,0,28.36,BEARISH,HOLD,0,N/A,N/A,N/A,N/A
2026-04-22 12:13:09,ETH-USD,SPOT,0,N/A,2391.239990234375,0,0,0,0,45.3,BULLISH,BUY,54.7,N/A,N/A,N/A,N/A
2026-04-22 12:17:26,SPY,PUT,705.0,2026-04-22,704.0800170898438,-1.0,0.0,0.0966,0.0,44.22,BEARISH,BUY,100.0,N/A,N/A,N/A,N/A
2026-04-22 12:17:28,^NSEI,SPOT,0,N/A,24414.900390625,0,0,0,0,46.24,BEARISH,SELL,46.2,N/A,N/A,N/A,N/A
2026-04-22 12:17:30,^NSEBANK,SPOT,0,N/A,57295.6015625,0,0,0,0,47.08,BEARISH,SELL,47.1,N/A,N/A,N/A,N/A
2026-04-22 12:17:32,BTC-USD,SPOT,0,N/A,77988.4375,0,0,0,0,43.96,BEARISH,SELL,44.0,N/A,N/A,N/A,N/A
2026-04-22 12:17:34,ETH-USD,SPOT,0,N/A,2391.699951171875,0,0,0,0,53.52,BULLISH,BUY,46.5,N/A,N/A,N/A,N/A
2026-04-22 12:20:36,SPY,PUT,705.0,2026-04-22,704.0800170898438,-1.0,0.0,0.0966,0.0,44.22,BEARISH,BUY,100.0,N/A,N/A,N/A,N/A
2026-04-22 12:20:38,^NSEI,SPOT,0,N/A,24411.099609375,0,0,0,0,42.62,BEARISH,SELL,42.6,N/A,N/A,N/A,N/A
2026-04-22 12:20:41,^NSEBANK,SPOT,0,N/A,57271.30078125,0,0,0,0,41.03,BEARISH,SELL,41.0,N/A,N/A,N/A,N/A
2026-04-22 12:20:43,BTC-USD,SPOT,0,N/A,78010.0,0,0,0,0,36.11,BEARISH,SELL,36.1,N/A,N/A,N/A,N/A
2026-04-22 12:20:45,ETH-USD,SPOT,0,N/A,2392.139892578125,0,0,0,0,39.11,BEARISH,SELL,39.1,N/A,N/A,N/A,N/A
2026-04-22 12:23:48,SPY,PUT,705.0,2026-04-22,704.0800170898438,-1.0,0.0,0.0966,0.0,44.22,BEARISH,BUY,100.0,N/A,N/A,N/A,N/A
2026-04-22 12:23:49,^NSEI,SPOT,0,N/A,24409.849609375,0,0,0,0,42.64,BEARISH,SELL,42.6,N/A,N/A,N/A,N/A
2026-04-22 12:23:49,^NSEBANK,SPOT,0,N/A,57286.94921875,0,0,0,0,43.15,BEARISH,SELL,43.2,N/A,N/A,N/A,N/A
2026-04-22 12:23:51,BTC-USD,SPOT,0,N/A,77976.03125,0,0,0,0,30.12,BEARISH,HOLD,0,N/A,N/A,N/A,N/A
2026-04-22 12:23:52,ETH-USD,SPOT,0,N/A,2391.81005859375,0,0,0,0,38.21,BEARISH,SELL,38.2,N/A,N/A,N/A,N/A
2026-04-22 12:26:56,SPY,PUT,705.0,2026-04-22,704.0800170898438,-1.0,0.0,0.0966,0.0,44.22,BEARISH,BUY,100.0,N/A,N/A,N/A,N/A
2026-04-22 12:26:58,^NSEI,SPOT,0,N/A,24418.599609375,0,0,0,0,41.76,BEARISH,SELL,41.8,N/A,N/A,N/A,N/A
2026-04-22 12:27:01,^NSEBANK,SPOT,0,N/A,57313.75,0,0,0,0,37.76,BEARISH,SELL,37.8,N/A,N/A,N/A,N/A
2026-04-22 12:27:04,BTC-USD,SPOT,0,N/A,77986.5390625,0,0,0,0,38.34,BEARISH,SELL,38.3,N/A,N/A,N/A,N/A
2026-04-22 12:27:06,ETH-USD,SPOT,0,N/A,2391.1201171875,0,0,0,0,22.78,BEARISH,BUY,80,N/A,N/A,N/A,N/A
2026-04-22 12:30:08,SPY,PUT,705.0,2026-04-22,704.0800170898438,-1.0,0.0,0.0966,0.0,44.22,BEARISH,BUY,100.0,N/A,N/A,N/A,N/A
2026-04-22 12:30:11,^NSEI,SPOT,0,N/A,24412.05078125,0,0,0,0,34.75,BEARISH,HOLD,0,N/A,N/A,N/A,N/A
2026-04-22 12:30:13,^NSEBANK,SPOT,0,N/A,57321.1484375,0,0,0,0,37.06,BEARISH,SELL,37.1,N/A,N/A,N/A,N/A
2026-04-22 12:30:14,BTC-USD,SPOT,0,N/A,78028.9765625,0,0,0,0,49.73,BULLISH,BUY,50.3,N/A,N/A,N/A,N/A
2026-04-22 12:30:16,ETH-USD,SPOT,0,N/A,2393.2099609375,0,0,0,0,28.03,BEARISH,HOLD,0,N/A,N/A,N/A,N/A
2026-04-22 12:42:40,SPY,PUT,705.0,2026-04-22,704.0800170898438,-1.0,0.0,0.0966,0.0,44.22,BEARISH,BUY,100.0,N/A,N/A,N/A,N/A
2026-04-22 12:42:41,^NSEI,SPOT,0,N/A,24413.849609375,0,0,0,0,37.78,BEARISH,SELL,37.8,N/A,N/A,N/A,N/A
2026-04-22 12:42:42,^NSEBANK,SPOT,0,N/A,57315.25,0,0,0,0,38.87,BEARISH,SELL,38.9,N/A,N/A,N/A,N/A
2026-04-22 12:42:43,BTC-USD,SPOT,0,N/A,78038.3984375,0,0,0,0,61.95,BULLISH,BUY,38.1,N/A,N/A,N/A,N/A
2026-04-22 12:42:45,ETH-USD,SPOT,0,N/A,2394.800048828125,0,0,0,0,54.86,BULLISH,BUY,45.1,N/A,N/A,N/A,N/A
2026-04-22 12:45:51,SPY,PUT,705.0,2026-04-22,704.0800170898438,-1.0,0.0,0.0966,0.0,44.22,BEARISH,BUY,100.0,N/A,N/A,N/A,N/A
2026-04-22 12:45:56,^NSEI,SPOT,0,N/A,24421.400390625,0,0,0,0,44.97,BEARISH,SELL,45.0,N/A,N/A,N/A,N/A
2026-04-22 12:45:58,^NSEBANK,SPOT,0,N/A,57321.30078125,0,0,0,0,42.24,BEARISH,SELL,42.2,N/A,N/A,N/A,N/A
2026-04-22 12:46:00,BTC-USD,SPOT,0,N/A,78104.2421875,0,0,0,0,72.26,BULLISH,HOLD,0,N/A,N/A,N/A,N/A
2026-04-22 12:46:03,ETH-USD,SPOT,0,N/A,2396.06005859375,0,0,0,0,65.08,BULLISH,HOLD,0,N/A,N/A,N/A,N/A
2026-04-22 12:49:05,SPY,PUT,705.0,2026-04-22,704.0800170898438,-1.0,0.0,0.0966,0.0,44.22,BEARISH,BUY,100.0,N/A,N/A,N/A,N/A
2026-04-22 12:49:06,^NSEI,SPOT,0,N/A,24410.44921875,0,0,0,0,41.39,BEARISH,SELL,41.4,N/A,N/A,N/A,N/A
2026-04-22 12:49:07,^NSEBANK,SPOT,0,N/A,57288.69921875,0,0,0,0,38.57,BEARISH,SELL,38.6,N/A,N/A,N/A,N/A
2026-04-22 12:49:08,BTC-USD,SPOT,0,N/A,77987.46875,0,0,0,0,54.77,BEARISH,SELL,54.8,N/A,N/A,N/A,N/A
2026-04-22 12:49:10,ETH-USD,SPOT,0,N/A,2389.5,0,0,0,0,44.0,BEARISH,SELL,44.0,N/A,N/A,N/A,N/A
2026-04-22 12:49:57,SPY,PUT,705.0,2026-04-22,704.0800170898438,-1.0,0.0,0.0966,0.0,44.22,BEARISH,BUY,100.0,N/A,N/A,N/A,N/A
2026-04-22 12:49:58,^NSEI,SPOT,0,N/A,24406.849609375,0,0,0,0,40.76,BEARISH,SELL,40.8,N/A,N/A,N/A,N/A
2026-04-22 12:50:00,^NSEBANK,SPOT,0,N/A,57291.19921875,0,0,0,0,38.82,BEARISH,SELL,38.8,N/A,N/A,N/A,N/A
2026-04-22 12:50:03,BTC-USD,SPOT,0,N/A,77970.1015625,0,0,0,0,52.86,BEARISH,SELL,52.9,N/A,N/A,N/A,N/A
2026-04-22 12:50:06,ETH-USD,SPOT,0,N/A,2389.919921875,0,0,0,0,44.93,BEARISH,SELL,44.9,N/A,N/A,N/A,N/A
2026-04-22 12:53:09,SPY,PUT,705.0,2026-04-22,704.0800170898438,-1.0,0.0,0.0966,0.0,44.22,BEARISH,BUY,100.0,N/A,N/A,N/A,N/A
2026-04-22 12:53:10,^NSEI,SPOT,0,N/A,24421.849609375,0,0,0,0,51.88,BULLISH,BUY,48.1,N/A,N/A,N/A,N/A
2026-04-22 12:53:11,^NSEBANK,SPOT,0,N/A,57325.8984375,0,0,0,0,44.41,BEARISH,SELL,44.4,N/A,N/A,N/A,N/A
2026-04-22 12:53:14,BTC-USD,SPOT,0,N/A,77850.84375,0,0,0,0,40.45,BEARISH,SELL,40.5,N/A,N/A,N/A,N/A
2026-04-22 12:53:15,ETH-USD,SPOT,0,N/A,2385.02001953125,0,0,0,0,35.46,BEARISH,SELL,35.5,N/A,N/A,N/A,N/A
2026-04-22 12:56:18,SPY,PUT,705.0,2026-04-22,704.0800170898438,-1.0,0.0,0.0966,0.0,44.22,BEARISH,BUY,100.0,N/A,N/A,N/A,N/A
2026-04-22 12:56:24,^NSEI,SPOT,0,N/A,24427.650390625,0,0,0,0,59.93,BULLISH,BUY,40.1,N/A,N/A,N/A,N/A
2026-04-22 12:56:26,^NSEBANK,SPOT,0,N/A,57324.44921875,0,0,0,0,48.27,BEARISH,SELL,48.3,N/A,N/A,N/A,N/A
2026-04-22 12:56:28,BTC-USD,SPOT,0,N/A,77874.0,0,0,0,0,38.0,BEARISH,SELL,38.0,N/A,N/A,N/A,N/A
2026-04-22 12:56:30,ETH-USD,SPOT,0,N/A,2388.840087890625,0,0,0,0,40.91,BEARISH,SELL,40.9,N/A,N/A,N/A,N/A
2026-04-22 13:04:09,SPY,PUT,705.0,2026-04-22,704.0800170898438,-1.0,0.0,0.0966,0.0,44.22,BEARISH,BUY,100.0,N/A,N/A,N/A,N/A
2026-04-22 13:04:09,^NSEI,SPOT,0,N/A,24422.55078125,0,0,0,0,53.4,BULLISH,BUY,46.6,N/A,N/A,N/A,N/A
2026-04-22 13:04:10,^NSEBANK,SPOT,0,N/A,57320.6484375,0,0,0,0,43.51,BEARISH,SELL,43.5,N/A,N/A,N/A,N/A
2026-04-22 13:04:10,BTC-USD,SPOT,0,N/A,77894.6328125,0,0,0,0,43.28,BEARISH,SELL,43.3,N/A,N/A,N/A,N/A
2026-04-22 13:04:11,ETH-USD,SPOT,0,N/A,2387.68994140625,0,0,0,0,43.49,BEARISH,SELL,43.5,N/A,N/A,N/A,N/A
2026-04-22 13:09:30,SPY,PUT,705.0,2026-04-22,704.0800170898438,-1.0,0.0,0.0966,0.0,44.22,BEARISH,BUY,100.0,N/A,N/A,N/A,N/A
2026-04-22 13:09:31,^NSEI,SPOT,0,N/A,24433.099609375,0,0,0,0,53.1,BULLISH,BUY,46.9,N/A,N/A,N/A,N/A
2026-04-22 13:09:32,^NSEBANK,SPOT,0,N/A,57351.05078125,0,0,0,0,45.34,BULLISH,BUY,54.7,N/A,N/A,N/A,N/A
2026-04-22 13:09:32,BTC-USD,SPOT,0,N/A,77917.5078125,0,0,0,0,45.19,BEARISH,SELL,45.2,N/A,N/A,N/A,N/A
2026-04-22 13:09:33,ETH-USD,SPOT,0,N/A,2387.60009765625,0,0,0,0,39.16,BEARISH,SELL,39.2,N/A,N/A,N/A,N/A
2026-04-22 13:13:45,SPY,PUT,705.0,2026-04-22,704.0800170898438,-1.0,0.0,0.0966,0.0,44.22,BEARISH,BUY,100.0,N/A,N/A,N/A,N/A
2026-04-22 13:13:46,^NSEI,SPOT,0,N/A,24422.900390625,0,0,0,0,44.44,BULLISH,BUY,55.6,N/A,N/A,N/A,N/A
2026-04-22 13:13:46,^NSEBANK,SPOT,0,N/A,57324.30078125,0,0,0,0,38.23,BEARISH,SELL,38.2,N/A,N/A,N/A,N/A
2026-04-22 13:13:47,BTC-USD,SPOT,0,N/A,78015.859375,0,0,0,0,56.01,BULLISH,BUY,44.0,N/A,N/A,N/A,N/A
2026-04-22 13:13:48,ETH-USD,SPOT,0,N/A,2389.75,0,0,0,0,47.59,BEARISH,SELL,47.6,N/A,N/A,N/A,N/A
2026-04-22 13:16:50,SPY,PUT,705.0,2026-04-22,704.0800170898438,-1.0,0.0,0.0966,0.0,44.22,BEARISH,BUY,100.0,N/A,N/A,N/A,N/A
2026-04-22 13:16:50,^NSEI,SPOT,0,N/A,24427.69921875,0,0,0,0,52.92,BULLISH,BUY,47.1,N/A,N/A,N/A,N/A
2026-04-22 13:16:51,^NSEBANK,SPOT,0,N/A,57334.69921875,0,0,0,0,46.09,BEARISH,SELL,46.1,N/A,N/A,N/A,N/A
2026-04-22 13:16:52,BTC-USD,SPOT,0,N/A,78070.4921875,0,0,0,0,59.55,BULLISH,BUY,40.4,N/A,N/A,N/A,N/A
2026-04-22 13:16:53,ETH-USD,SPOT,0,N/A,2393.389892578125,0,0,0,0,54.1,BULLISH,BUY,45.9,N/A,N/A,N/A,N/A
2026-04-22 13:23:39,SPY,PUT,705.0,2026-04-22,704.08,-1.0,0.0,0.0966,0.0,44.22,BEARISH,BUY,100.0,N/A,N/A,N/A,N/A
2026-04-22 13:23:40,^NSEI,SPOT,0,N/A,24387.900390625,0,0,0,0,36.94,BEARISH,SELL,36.9,N/A,N/A,N/A,N/A
2026-04-22 13:23:41,^NSEBANK,SPOT,0,N/A,57240.80078125,0,0,0,0,38.75,BEARISH,SELL,38.8,N/A,N/A,N/A,N/A
2026-04-22 13:23:42,BTC-USD,SPOT,0,N/A,77994.171875,0,0,0,0,50.68,BULLISH,BUY,49.3,N/A,N/A,N/A,N/A
2026-04-22 13:23:43,ETH-USD,SPOT,0,N/A,2389.409912109375,0,0,0,0,46.65,BEARISH,SELL,46.7,N/A,N/A,N/A,N/A
2026-04-22 13:26:44,SPY,PUT,705.0,2026-04-22,704.0800170898438,-1.0,0.0,0.0966,0.0,44.22,BEARISH,BUY,100.0,N/A,N/A,N/A,N/A
2026-04-22 13:26:45,^NSEI,SPOT,0,N/A,24401.099609375,0,0,0,0,46.26,BEARISH,SELL,46.3,N/A,N/A,N/A,N/A
2026-04-22 13:26:45,^NSEBANK,SPOT,0,N/A,57289.94921875,0,0,0,0,53.39,BEARISH,SELL,53.4,N/A,N/A,N/A,N/A
2026-04-22 13:26:46,BTC-USD,SPOT,0,N/A,78039.65625,0,0,0,0,55.18,BULLISH,BUY,44.8,N/A,N/A,N/A,N/A
2026-04-22 13:26:47,ETH-USD,SPOT,0,N/A,2390.89990234375,0,0,0,0,49.83,BEARISH,SELL,49.8,N/A,N/A,N/A,N/A
2026-04-22 13:29:48,SPY,PUT,705.0,2026-04-22,704.0800170898438,-1.0,0.0,0.0966,0.0,44.22,BEARISH,BUY,100.0,N/A,N/A,N/A,N/A
2026-04-22 13:29:49,^NSEI,SPOT,0,N/A,24413.150390625,0,0,0,0,51.39,BEARISH,SELL,51.4,N/A,N/A,N/A,N/A
2026-04-22 13:29:50,^NSEBANK,SPOT,0,N/A,57316.1484375,0,0,0,0,57.48,BEARISH,SELL,57.5,N/A,N/A,N/A,N/A
2026-04-22 13:29:51,BTC-USD,SPOT,0,N/A,78060.0390625,0,0,0,0,56.43,BULLISH,BUY,43.6,N/A,N/A,N/A,N/A
2026-04-22 13:29:52,ETH-USD,SPOT,0,N/A,2390.47998046875,0,0,0,0,49.1,BEARISH,SELL,49.1,N/A,N/A,N/A,N/A
2026-04-22 13:34:31,SPY,PUT,705.0,2026-04-22,704.0800170898438,-1.0,0.0,0.0966,0.0,44.22,BEARISH,BUY,100.0,N/A,N/A,N/A,N/A
2026-04-22 13:34:34,^NSEI,SPOT,0,N/A,24424.900390625,0,0,0,0,57.27,BULLISH,BUY,42.7,N/A,N/A,N/A,N/A
2026-04-22 13:34:35,^NSEBANK,SPOT,0,N/A,57342.0,0,0,0,0,59.5,BULLISH,BUY,40.5,N/A,N/A,N/A,N/A
2026-04-22 13:34:38,BTC-USD,SPOT,0,N/A,78050.09375,0,0,0,0,51.8,BULLISH,BUY,48.2,N/A,N/A,N/A,N/A
2026-04-22 13:34:41,ETH-USD,SPOT,0,N/A,2389.6201171875,0,0,0,0,44.33,BEARISH,SELL,44.3,N/A,N/A,N/A,N/A
2026-04-22 13:44:47,SPY,PUT,705.0,2026-04-22,704.0800170898438,-1.0,0.0,0.0966,0.0,44.22,BEARISH,BUY,100.0,N/A,N/A,N/A,N/A
2026-04-22 13:44:49,^NSEI,SPOT,0,N/A,24428.75,0,0,0,0,53.98,BULLISH,BUY,46.0,N/A,N/A,N/A,N/A
2026-04-22 13:44:50,^NSEBANK,SPOT,0,N/A,57355.5,0,0,0,0,51.49,BULLISH,BUY,48.5,N/A,N/A,N/A,N/A
2026-04-22 13:44:51,BTC-USD,SPOT,0,N/A,78156.5390625,0,0,0,0,60.25,BULLISH,BUY,39.8,N/A,N/A,N/A,N/A
2026-04-22 13:44:53,ETH-USD,SPOT,0,N/A,2390.8798828125,0,0,0,0,45.85,BEARISH,SELL,45.9,N/A,N/A,N/A,N/A
2026-04-23 15:18:04,SPY,CALL,711.0,2026-04-23,711.2100219726562,1.0,0.0,-0.0974,0.0,74.85,BULLISH,HOLD,0,N/A,N/A,N/A,N/A
2026-04-23 15:18:08,^NSEI,SPOT,0,N/A,24159.44921875,0,0,0,0,24.74,BEARISH,BUY,80,N/A,N/A,N/A,N/A
2026-04-23 15:18:10,^NSEBANK,SPOT,0,N/A,56270.6484375,0,0,0,0,46.12,BEARISH,SELL,46.1,N/A,N/A,N/A,N/A
2026-04-23 15:18:14,BTC-USD,SPOT,0,N/A,77588.15625,0,0,0,0,39.0,BEARISH,SELL,39.0,N/A,N/A,N/A,N/A
2026-04-23 15:18:17,ETH-USD,SPOT,0,N/A,2315.360107421875,0,0,0,0,28.48,BEARISH,HOLD,0,N/A,N/A,N/A,N/A
2026-04-23 15:21:19,SPY,CALL,711.0,2026-04-23,711.2100219726562,1.0,0.0,-0.0974,0.0,74.85,BULLISH,HOLD,0,N/A,N/A,N/A,N/A
2026-04-23 15:21:20,^NSEI,SPOT,0,N/A,24170.849609375,0,0,0,0,34.5,BEARISH,HOLD,0,N/A,N/A,N/A,N/A
2026-04-23 15:21:20,^NSEBANK,SPOT,0,N/A,56311.6484375,0,0,0,0,57.62,BULLISH,BUY,42.4,N/A,N/A,N/A,N/A
2026-04-23 15:21:22,BTC-USD,SPOT,0,N/A,77606.703125,0,0,0,0,43.06,BEARISH,SELL,43.1,N/A,N/A,N/A,N/A
2026-04-23 15:21:22,ETH-USD,SPOT,0,N/A,2317.169921875,0,0,0,0,30.06,BEARISH,HOLD,0,N/A,N/A,N/A,N/A
2026-04-23 15:26:08,SPY,CALL,711.0,2026-04-23,711.2100219726562,1.0,0.0,-0.0974,0.0,74.85,BULLISH,HOLD,0,N/A,N/A,N/A,N/A
2026-04-23 15:26:10,^NSEI,SPOT,0,N/A,24161.5,0,0,0,0,30.27,BEARISH,HOLD,0,N/A,N/A,N/A,N/A
2026-04-23 15:26:12,^NSEBANK,SPOT,0,N/A,56295.19921875,0,0,0,0,52.69,BULLISH,BUY,47.3,N/A,N/A,N/A,N/A
2026-04-23 15:26:14,BTC-USD,SPOT,0,N/A,77638.09375,0,0,0,0,39.31,BEARISH,SELL,39.3,N/A,N/A,N/A,N/A
2026-04-23 15:26:17,ETH-USD,SPOT,0,N/A,2317.0,0,0,0,0,27.07,BEARISH,HOLD,0,N/A,N/A,N/A,N/A
2026-04-23 15:29:21,SPY,CALL,711.0,2026-04-23,711.2100219726562,1.0,0.0,-0.0974,0.0,74.85,BULLISH,HOLD,0,N/A,N/A,N/A,N/A
2026-04-23 15:29:22,^NSEI,SPOT,0,N/A,24156.650390625,0,0,0,0,28.92,BEARISH,HOLD,0,N/A,N/A,N/A,N/A
2026-04-23 15:29:24,^NSEBANK,SPOT,0,N/A,56289.1484375,0,0,0,0,51.46,BEARISH,SELL,51.5,N/A,N/A,N/A,N/A
2026-04-23 15:29:25,BTC-USD,SPOT,0,N/A,77650.0078125,0,0,0,0,40.62,BEARISH,SELL,40.6,N/A,N/A,N/A,N/A
2026-04-23 15:29:27,ETH-USD,SPOT,0,N/A,2317.300048828125,0,0,0,0,27.44,BEARISH,HOLD,0,N/A,N/A,N/A,N/A
2026-04-23 15:32:29,SPY,CALL,711.0,2026-04-23,711.2100219726562,1.0,0.0,-0.0974,0.0,74.85,BULLISH,HOLD,0,N/A,N/A,N/A,N/A
2026-04-23 15:32:30,^NSEI,SPOT,0,N/A,24173.05078125,0,0,0,0,28.8,BEARISH,HOLD,0,N/A,N/A,N/A,N/A
2026-04-23 15:32:31,^NSEBANK,SPOT,0,N/A,56305.0,0,0,0,0,56.55,BULLISH,BUY,43.4,N/A,N/A,N/A,N/A
2026-04-23 15:32:32,BTC-USD,SPOT,0,N/A,77685.09375,0,0,0,0,39.27,BEARISH,SELL,39.3,N/A,N/A,N/A,N/A
2026-04-23 15:32:33,ETH-USD,SPOT,0,N/A,2317.409912109375,0,0,0,0,25.81,BEARISH,HOLD,0,N/A,N/A,N/A,N/A
2026-04-23 15:37:21,SPY,CALL,711.0,2026-04-23,711.2100219726562,1.0,0.0,-0.0974,0.0,74.85,BULLISH,HOLD,0,N/A,N/A,N/A,N/A
2026-04-23 15:37:22,^NSEI,SPOT,0,N/A,24173.05078125,0,0,0,0,28.8,BEARISH,HOLD,0,N/A,N/A,N/A,N/A
2026-04-23 15:37:23,^NSEBANK,SPOT,0,N/A,56305.0,0,0,0,0,56.55,BULLISH,BUY,43.4,N/A,N/A,N/A,N/A
2026-04-23 15:37:27,BTC-USD,SPOT,0,N/A,77460.7890625,0,0,0,0,31.86,BEARISH,HOLD,0,N/A,N/A,N/A,N/A
2026-04-23 15:37:29,ETH-USD,SPOT,0,N/A,2314.260009765625,0,0,0,0,23.13,BEARISH,BUY,80,N/A,N/A,N/A,N/A
2026-04-23 15:40:32,SPY,CALL,711.0,2026-04-23,711.2100219726562,1.0,0.0,-0.0974,0.0,74.85,BULLISH,HOLD,0,N/A,N/A,N/A,N/A
2026-04-23 15:40:33,^NSEI,SPOT,0,N/A,24173.05078125,0,0,0,0,28.8,BEARISH,HOLD,0,N/A,N/A,N/A,N/A
2026-04-23 15:40:33,^NSEBANK,SPOT,0,N/A,56305.0,0,0,0,0,56.55,BULLISH,BUY,43.4,N/A,N/A,N/A,N/A
2026-04-23 15:40:35,BTC-USD,SPOT,0,N/A,77313.59375,0,0,0,0,33.39,BEARISH,HOLD,0,N/A,N/A,N/A,N/A
2026-04-23 15:40:37,ETH-USD,SPOT,0,N/A,2310.56005859375,0,0,0,0,26.86,BEARISH,HOLD,0,N/A,N/A,N/A,N/A
2026-04-23 15:43:40,SPY,CALL,711.0,2026-04-23,711.2100219726562,1.0,0.0,-0.0974,0.0,74.85,BULLISH,HOLD,0,N/A,N/A,N/A,N/A
2026-04-23 15:43:41,^NSEI,SPOT,0,N/A,24173.05078125,0,0,0,0,28.8,BEARISH,HOLD,0,N/A,N/A,N/A,N/A
2026-04-23 15:43:42,^NSEBANK,SPOT,0,N/A,56305.0,0,0,0,0,56.55,BULLISH,BUY,43.4,N/A,N/A,N/A,N/A
2026-04-23 15:43:45,BTC-USD,SPOT,0,N/A,77234.9296875,0,0,0,0,31.06,BEARISH,HOLD,0,N/A,N/A,N/A,N/A
2026-04-23 15:43:47,ETH-USD,SPOT,0,N/A,2308.699951171875,0,0,0,0,25.71,BEARISH,HOLD,0,N/A,N/A,N/A,N/A
2026-04-23 15:46:48,SPY,CALL,711.0,2026-04-23,711.2100219726562,1.0,0.0,-0.0974,0.0,74.85,BULLISH,HOLD,0,N/A,N/A,N/A,N/A
2026-04-23 15:46:50,^NSEI,SPOT,0,N/A,24173.05078125,0,0,0,0,28.8,BEARISH,HOLD,0,N/A,N/A,N/A,N/A
2026-04-23 15:46:50,^NSEBANK,SPOT,0,N/A,56305.0,0,0,0,0,56.55,BULLISH,BUY,43.4,N/A,N/A,N/A,N/A
2026-04-23 15:46:52,BTC-USD,SPOT,0,N/A,77293.9921875,0,0,0,0,36.88,BEARISH,SELL,36.9,N/A,N/A,N/A,N/A
2026-04-23 15:46:53,ETH-USD,SPOT,0,N/A,2310.360107421875,0,0,0,0,34.73,BEARISH,HOLD,0,N/A,N/A,N/A,N/A
2026-04-23 15:49:55,SPY,CALL,711.0,2026-04-23,711.2100219726562,1.0,0.0,-0.0974,0.0,74.85,BULLISH,HOLD,0,N/A,N/A,N/A,N/A
2026-04-23 15:49:57,^NSEI,SPOT,0,N/A,24173.05078125,0,0,0,0,28.8,BEARISH,HOLD,0,N/A,N/A,N/A,N/A
2026-04-23 15:49:58,^NSEBANK,SPOT,0,N/A,56305.0,0,0,0,0,56.55,BULLISH,BUY,43.4,N/A,N/A,N/A,N/A
2026-04-23 15:50:00,BTC-USD,SPOT,0,N/A,77338.5703125,0,0,0,0,39.36,BEARISH,SELL,39.4,N/A,N/A,N/A,N/A
2026-04-23 15:50:01,ETH-USD,SPOT,0,N/A,2312.550048828125,0,0,0,0,38.38,BEARISH,SELL,38.4,N/A,N/A,N/A,N/A
2026-04-23 15:54:46,SPY,CALL,711.0,2026-04-23,711.2100219726562,1.0,0.0,-0.0974,0.0,74.85,BULLISH,HOLD,0,N/A,N/A,N/A,N/A
2026-04-23 15:55:10,^NSEI,SPOT,0,N/A,24173.05078125,0,0,0,0,28.8,BEARISH,HOLD,0,N/A,N/A,N/A,N/A
2026-04-23 15:55:31,^NSEBANK,SPOT,0,N/A,56305.0,0,0,0,0,56.55,BULLISH,BUY,43.4,N/A,N/A,N/A,N/A
2026-04-23 15:55:37,BTC-USD,SPOT,0,N/A,77359.03125,0,0,0,0,34.61,BEARISH,HOLD,0,N/A,N/A,N/A,N/A
2026-04-23 15:55:39,ETH-USD,SPOT,0,N/A,2313.5400390625,0,0,0,0,30.3,BEARISH,HOLD,0,N/A,N/A,N/A,N/A
2026-04-23 16:03:35,SPY,CALL,711.0,2026-04-23,711.2100219726562,1.0,0.0,-0.0974,0.0,74.85,BULLISH,HOLD,0,N/A,N/A,N/A,N/A
2026-04-23 16:03:35,^NSEI,SPOT,0,N/A,24173.05078125,0,0,0,0,28.8,BEARISH,HOLD,0,N/A,N/A,N/A,N/A
2026-04-23 16:03:38,^NSEBANK,SPOT,0,N/A,56305.0,0,0,0,0,56.55,BULLISH,BUY,43.4,N/A,N/A,N/A,N/A
2026-04-23 16:03:39,BTC-USD,SPOT,0,N/A,77378.1328125,0,0,0,0,41.9,BEARISH,SELL,41.9,N/A,N/A,N/A,N/A
2026-04-23 16:03:40,ETH-USD,SPOT,0,N/A,2313.719970703125,0,0,0,0,38.0,BEARISH,SELL,38.0,N/A,N/A,N/A,N/A
2026-04-23 16:06:43,SPY,CALL,711.0,2026-04-23,711.2100219726562,1.0,0.0,-0.0974,0.0,74.85,BULLISH,HOLD,0,N/A,N/A,N/A,N/A
2026-04-23 16:06:45,^NSEI,SPOT,0,N/A,24173.05078125,0,0,0,0,28.8,BEARISH,HOLD,0,N/A,N/A,N/A,N/A
2026-04-23 16:06:46,^NSEBANK,SPOT,0,N/A,56305.0,0,0,0,0,56.55,BULLISH,BUY,43.4,N/A,N/A,N/A,N/A
2026-04-23 16:06:48,BTC-USD,SPOT,0,N/A,77394.71875,0,0,0,0,37.12,BEARISH,SELL,37.1,N/A,N/A,N/A,N/A
2026-04-24 13:03:17,SPY,CALL,708.0,2026-04-24,708.4500122070312,1.0,0.0,-0.097,0.0,54.33,BULLISH,BUY,100.0,N/A,N/A,N/A,N/A
2026-04-24 13:03:28,^NSEI,SPOT,0,N/A,23885.349609375,0,0,0,0,46.14,BEARISH,SELL,46.1,N/A,N/A,N/A,N/A
2026-04-24 13:03:32,^NSEBANK,SPOT,0,N/A,55968.6015625,0,0,0,0,49.32,BEARISH,SELL,49.3,N/A,N/A,N/A,N/A
2026-04-24 13:03:39,BTC-USD,SPOT,0,N/A,77695.8203125,0,0,0,0,27.73,BEARISH,HOLD,0,N/A,N/A,N/A,N/A
2026-04-24 13:03:43,ETH-USD,SPOT,0,N/A,2314.679931640625,0,0,0,0,42.4,BULLISH,BUY,57.6,N/A,N/A,N/A,N/A
2026-04-24 13:06:48,SPY,CALL,708.0,2026-04-24,708.4500122070312,1.0,0.0,-0.097,0.0,54.33,BULLISH,BUY,100.0,N/A,N/A,N/A,N/A
2026-04-24 13:06:52,^NSEI,SPOT,0,N/A,23876.94921875,0,0,0,0,44.21,BEARISH,SELL,44.2,N/A,N/A,N/A,N/A
2026-04-24 13:06:53,^NSEBANK,SPOT,0,N/A,55960.3984375,0,0,0,0,47.61,BEARISH,SELL,47.6,N/A,N/A,N/A,N/A
2026-04-24 13:06:55,BTC-USD,SPOT,0,N/A,77679.7890625,0,0,0,0,30.88,BEARISH,HOLD,0,N/A,N/A,N/A,N/A
2026-04-24 13:06:56,ETH-USD,SPOT,0,N/A,2315.52001953125,0,0,0,0,53.41,BULLISH,BUY,46.6,N/A,N/A,N/A,N/A
2026-04-24 13:17:09,SPY,CALL,708.0,2026-04-24,708.4500122070312,1.0,0.0,-0.097,0.0,54.33,BULLISH,BUY,100.0,N/A,N/A,N/A,N/A
2026-04-24 13:17:10,^NSEI,SPOT,0,N/A,23856.05078125,0,0,0,0,33.11,BEARISH,HOLD,0,N/A,N/A,N/A,N/A
2026-04-24 13:17:11,^NSEBANK,SPOT,0,N/A,55896.8984375,0,0,0,0,36.95,BEARISH,SELL,37.0,N/A,N/A,N/A,N/A
2026-04-24 13:17:13,BTC-USD,SPOT,0,N/A,77735.9921875,0,0,0,0,38.24,BEARISH,SELL,38.2,N/A,N/A,N/A,N/A
2026-04-24 13:17:15,ETH-USD,SPOT,0,N/A,2315.780029296875,0,0,0,0,59.76,BULLISH,BUY,40.2,N/A,N/A,N/A,N/A
2026-04-24 13:18:37,SPY,CALL,708.0,2026-04-24,708.4500122070312,1.0,0.0,-0.097,0.0,54.33,BULLISH,BUY,100.0,N/A,N/A,N/A,N/A
2026-04-24 13:18:40,^NSEI,SPOT,0,N/A,23862.900390625,0,0,0,0,34.36,BEARISH,HOLD,0,N/A,N/A,N/A,N/A
2026-04-24 13:18:41,^NSEBANK,SPOT,0,N/A,55914.1015625,0,0,0,0,38.18,BEARISH,SELL,38.2,N/A,N/A,N/A,N/A
2026-04-24 13:18:46,BTC-USD,SPOT,0,N/A,77747.9296875,0,0,0,0,39.69,BEARISH,SELL,39.7,N/A,N/A,N/A,N/A
2026-04-24 13:18:49,ETH-USD,SPOT,0,N/A,2314.840087890625,0,0,0,0,57.7,BULLISH,BUY,42.3,N/A,N/A,N/A,N/A
2026-04-24 13:21:52,SPY,CALL,708.0,2026-04-24,708.4500122070312,1.0,0.0,-0.097,0.0,54.33,BULLISH,BUY,100.0,N/A,N/A,N/A,N/A
2026-04-24 13:21:53,^NSEI,SPOT,0,N/A,23866.30078125,0,0,0,0,30.92,BEARISH,HOLD,0,N/A,N/A,N/A,N/A
2026-04-24 13:21:54,^NSEBANK,SPOT,0,N/A,55921.44921875,0,0,0,0,28.48,BEARISH,HOLD,0,N/A,N/A,N/A,N/A
2026-04-24 13:21:56,BTC-USD,SPOT,0,N/A,77741.84375,0,0,0,0,39.2,BEARISH,SELL,39.2,N/A,N/A,N/A,N/A
2026-04-24 13:21:58,ETH-USD,SPOT,0,N/A,2314.64990234375,0,0,0,0,62.18,BULLISH,BUY,37.8,N/A,N/A,N/A,N/A
2026-04-24 13:25:01,SPY,CALL,708.0,2026-04-24,708.4500122070312,1.0,0.0,-0.097,0.0,54.33,BULLISH,BUY,100.0,N/A,N/A,N/A,N/A
2026-04-24 13:25:03,^NSEI,SPOT,0,N/A,23869.25,0,0,0,0,31.52,BEARISH,HOLD,0,N/A,N/A,N/A,N/A
2026-04-24 13:25:08,^NSEBANK,SPOT,0,N/A,55910.25,0,0,0,0,27.53,BEARISH,HOLD,0,N/A,N/A,N/A,N/A
2026-04-24 13:25:10,BTC-USD,SPOT,0,N/A,77677.75,0,0,0,0,34.42,BEARISH,HOLD,0,N/A,N/A,N/A,N/A
2026-04-24 13:25:14,ETH-USD,SPOT,0,N/A,2312.139892578125,0,0,0,0,49.62,BEARISH,SELL,49.6,N/A,N/A,N/A,N/A
2026-04-24 13:28:19,SPY,CALL,708.0,2026-04-24,708.4500122070312,1.0,0.0,-0.097,0.0,54.33,BULLISH,BUY,100.0,N/A,N/A,N/A,N/A
2026-04-24 13:28:23,^NSEI,SPOT,0,N/A,23872.150390625,0,0,0,0,33.05,BEARISH,HOLD,0,N/A,N/A,N/A,N/A
2026-04-24 13:28:27,^NSEBANK,SPOT,0,N/A,55923.8515625,0,0,0,0,28.84,BEARISH,HOLD,0,N/A,N/A,N/A,N/A
2026-04-24 13:28:32,BTC-USD,SPOT,0,N/A,77601.078125,0,0,0,0,28.73,BEARISH,HOLD,0,N/A,N/A,N/A,N/A
2026-04-24 13:28:35,ETH-USD,SPOT,0,N/A,2310.010009765625,0,0,0,0,46.31,BEARISH,SELL,46.3,N/A,N/A,N/A,N/A
2026-04-24 13:33:52,SPY,CALL,708.0,2026-04-24,708.4500122070312,1.0,0.0,-0.097,0.0,54.33,BULLISH,BUY,100.0,N/A,N/A,N/A,N/A
2026-04-24 13:33:53,^NSEI,SPOT,0,N/A,23863.75,0,0,0,0,39.28,BEARISH,SELL,39.3,N/A,N/A,N/A,N/A
2026-04-24 13:33:54,^NSEBANK,SPOT,0,N/A,55912.69921875,0,0,0,0,38.53,BEARISH,SELL,38.5,N/A,N/A,N/A,N/A
2026-04-24 13:33:56,BTC-USD,SPOT,0,N/A,77680.21875,0,0,0,0,29.51,BEARISH,HOLD,0,N/A,N/A,N/A,N/A
2026-04-24 13:33:58,ETH-USD,SPOT,0,N/A,2311.830078125,0,0,0,0,51.59,BEARISH,SELL,51.6,N/A,N/A,N/A,N/A
2026-04-24 13:35:58,SPY,CALL,708.0,2026-04-24,708.4500122070312,1.0,0.0,-0.097,0.0,54.33,BULLISH,BUY,100.0,N/A,N/A,N/A,N/A
2026-04-24 13:36:00,^NSEI,SPOT,0,N/A,23860.599609375,0,0,0,0,43.17,BEARISH,SELL,43.2,N/A,N/A,N/A,N/A
2026-04-24 13:36:01,^NSEBANK,SPOT,0,N/A,55909.19921875,0,0,0,0,45.74,BEARISH,SELL,45.7,N/A,N/A,N/A,N/A
2026-04-24 13:36:02,BTC-USD,SPOT,0,N/A,77614.640625,0,0,0,0,30.97,BEARISH,HOLD,0,N/A,N/A,N/A,N/A
2026-04-24 13:36:03,ETH-USD,SPOT,0,N/A,2309.93994140625,0,0,0,0,50.07,BEARISH,SELL,50.1,N/A,N/A,N/A,N/A
2026-04-24 13:39:39,SPY,CALL,708.0,2026-04-24,708.4500122070312,1.0,0.0,-0.097,0.0,54.33,BULLISH,BUY,100.0,N/A,N/A,N/A,N/A
2026-04-24 13:39:41,^NSEI,SPOT,0,N/A,23839.25,0,0,0,0,37.23,BEARISH,SELL,37.2,N/A,N/A,N/A,N/A
2026-04-24 13:39:43,^NSEBANK,SPOT,0,N/A,55826.75,0,0,0,0,36.83,BEARISH,SELL,36.8,N/A,N/A,N/A,N/A
2026-04-24 13:39:46,BTC-USD,SPOT,0,N/A,77655.3125,0,0,0,0,35.96,BEARISH,SELL,36.0,N/A,N/A,N/A,N/A
2026-04-24 13:39:48,ETH-USD,SPOT,0,N/A,2309.199951171875,0,0,0,0,48.21,BEARISH,SELL,48.2,N/A,N/A,N/A,N/A
2026-04-25 12:49:19,SPY,CALL,714.0,2026-04-27,713.9400024414062,0.505,0.104,-0.814,0.1026,66.75,BULLISH,HOLD,0,N/A,N/A,N/A,N/A
2026-04-25 12:49:20,^NSEI,SPOT,0,N/A,23897.94921875,0,0,0,0,61.33,BULLISH,BUY,38.7,N/A,N/A,N/A,N/A
2026-04-25 12:49:21,^NSEBANK,SPOT,0,N/A,56089.75,0,0,0,0,64.95,BULLISH,BUY,35.0,N/A,N/A,N/A,N/A
2026-04-25 12:49:23,BTC-USD,SPOT,0,N/A,77520.671875,0,0,0,0,38.91,BEARISH,SELL,38.9,N/A,N/A,N/A,N/A
2026-04-25 12:49:25,ETH-USD,SPOT,0,N/A,2315.739990234375,0,0,0,0,37.89,BEARISH,SELL,37.9,N/A,N/A,N/A,N/A
2026-04-25 12:52:26,SPY,CALL,714.0,2026-04-27,713.9400024414062,0.505,0.104,-0.814,0.1026,66.75,BULLISH,HOLD,0,N/A,N/A,N/A,N/A
2026-04-25 12:52:28,^NSEI,SPOT,0,N/A,23897.94921875,0,0,0,0,61.33,BULLISH,BUY,38.7,N/A,N/A,N/A,N/A
2026-04-25 12:52:29,^NSEBANK,SPOT,0,N/A,56089.75,0,0,0,0,64.95,BULLISH,BUY,35.0,N/A,N/A,N/A,N/A
2026-04-25 12:52:30,BTC-USD,SPOT,0,N/A,77529.359375,0,0,0,0,43.17,BEARISH,SELL,43.2,N/A,N/A,N/A,N/A
2026-04-25 12:52:32,ETH-USD,SPOT,0,N/A,2315.719970703125,0,0,0,0,40.91,BEARISH,SELL,40.9,N/A,N/A,N/A,N/A
2026-04-25 12:55:35,SPY,CALL,714.0,2026-04-27,713.9400024414062,0.505,0.104,-0.814,0.1026,66.75,BULLISH,HOLD,0,N/A,N/A,N/A,N/A
2026-04-25 12:55:37,^NSEI,SPOT,0,N/A,23897.94921875,0,0,0,0,61.33,BULLISH,BUY,38.7,N/A,N/A,N/A,N/A
2026-04-25 12:55:38,^NSEBANK,SPOT,0,N/A,56089.75,0,0,0,0,64.95,BULLISH,BUY,35.0,N/A,N/A,N/A,N/A
2026-04-25 12:55:39,BTC-USD,SPOT,0,N/A,77551.9921875,0,0,0,0,48.86,BULLISH,BUY,51.1,N/A,N/A,N/A,N/A
2026-04-25 12:55:41,ETH-USD,SPOT,0,N/A,2316.18994140625,0,0,0,0,51.4,BEARISH,SELL,51.4,N/A,N/A,N/A,N/A
2026-04-27 14:17:28,SPY,CALL,714.0,2026-04-27,713.9400024414062,0.138,9.879,-0.0202,0.001,66.75,BULLISH,HOLD,0,N/A,N/A,N/A,N/A
2026-04-27 14:17:29,^NSEI,SPOT,0,N/A,24112.5,0,0,0,0,64.96,BULLISH,BUY,35.0,N/A,N/A,N/A,N/A
2026-04-27 14:17:30,^NSEBANK,SPOT,0,N/A,56325.3984375,0,0,0,0,63.86,BULLISH,BUY,36.1,N/A,N/A,N/A,N/A
2026-04-27 14:17:31,BTC-USD,SPOT,0,N/A,77683.5078125,0,0,0,0,51.84,BULLISH,BUY,48.2,N/A,N/A,N/A,N/A
2026-04-27 14:17:32,ETH-USD,SPOT,0,N/A,2314.419921875,0,0,0,0,40.5,BEARISH,SELL,40.5,N/A,N/A,N/A,N/A
2026-04-27 14:20:35,SPY,CALL,714.0,2026-04-27,713.9400024414062,0.138,9.879,-0.0202,0.001,66.75,BULLISH,HOLD,0,N/A,N/A,N/A,N/A
2026-04-27 14:20:37,^NSEI,SPOT,0,N/A,24115.150390625,0,0,0,0,62.45,BULLISH,BUY,37.6,N/A,N/A,N/A,N/A
2026-04-27 14:20:38,^NSEBANK,SPOT,0,N/A,56343.44921875,0,0,0,0,60.59,BULLISH,BUY,39.4,N/A,N/A,N/A,N/A
2026-04-27 14:20:39,BTC-USD,SPOT,0,N/A,77732.71875,0,0,0,0,53.88,BULLISH,BUY,46.1,N/A,N/A,N/A,N/A
2026-04-27 14:20:41,ETH-USD,SPOT,0,N/A,2315.590087890625,0,0,0,0,40.4,BEARISH,SELL,40.4,N/A,N/A,N/A,N/A
2026-04-27 14:23:43,SPY,CALL,714.0,2026-04-27,713.9400024414062,0.138,9.879,-0.0202,0.001,66.75,BULLISH,HOLD,0,N/A,N/A,N/A,N/A
2026-04-27 14:23:44,^NSEI,SPOT,0,N/A,24115.349609375,0,0,0,0,63.02,BULLISH,BUY,37.0,N/A,N/A,N/A,N/A
2026-04-27 14:23:45,^NSEBANK,SPOT,0,N/A,56339.94921875,0,0,0,0,60.44,BULLISH,BUY,39.6,N/A,N/A,N/A,N/A
2026-04-27 14:23:46,BTC-USD,SPOT,0,N/A,77788.4765625,0,0,0,0,58.11,BULLISH,BUY,41.9,N/A,N/A,N/A,N/A
2026-04-27 14:23:47,ETH-USD,SPOT,0,N/A,2317.7099609375,0,0,0,0,44.75,BULLISH,BUY,55.3,N/A,N/A,N/A,N/A
2026-04-27 14:26:48,SPY,CALL,714.0,2026-04-27,713.9400024414062,0.138,9.879,-0.0202,0.001,66.75,BULLISH,HOLD,0,N/A,N/A,N/A,N/A
2026-04-27 14:26:49,^NSEI,SPOT,0,N/A,24107.400390625,0,0,0,0,52.13,BULLISH,BUY,47.9,N/A,N/A,N/A,N/A
2026-04-27 14:26:50,^NSEBANK,SPOT,0,N/A,56329.55078125,0,0,0,0,60.43,BULLISH,BUY,39.6,N/A,N/A,N/A,N/A
2026-04-27 14:26:50,BTC-USD,SPOT,0,N/A,77801.6015625,0,0,0,0,59.18,BULLISH,BUY,40.8,N/A,N/A,N/A,N/A
2026-04-27 14:26:51,ETH-USD,SPOT,0,N/A,2318.090087890625,0,0,0,0,46.63,BULLISH,BUY,53.4,N/A,N/A,N/A,N/A
2026-04-27 14:29:53,SPY,CALL,714.0,2026-04-27,713.9400024414062,0.138,9.879,-0.0202,0.001,66.75,BULLISH,HOLD,0,N/A,N/A,N/A,N/A
2026-04-27 14:29:54,^NSEI,SPOT,0,N/A,24109.599609375,0,0,0,0,54.04,BULLISH,BUY,46.0,N/A,N/A,N/A,N/A
2026-04-27 14:29:55,^NSEBANK,SPOT,0,N/A,56328.44921875,0,0,0,0,60.24,BULLISH,BUY,39.8,N/A,N/A,N/A,N/A
2026-04-27 14:29:56,BTC-USD,SPOT,0,N/A,77820.2265625,0,0,0,0,60.32,BULLISH,BUY,39.7,N/A,N/A,N/A,N/A
2026-04-27 14:29:57,ETH-USD,SPOT,0,N/A,2319.530029296875,0,0,0,0,49.2,BULLISH,BUY,50.8,N/A,N/A,N/A,N/A
2026-04-27 14:32:59,SPY,CALL,714.0,2026-04-27,713.9400024414062,0.138,9.879,-0.0202,0.001,66.75,BULLISH,HOLD,0,N/A,N/A,N/A,N/A
2026-04-27 14:33:00,^NSEI,SPOT,0,N/A,24082.849609375,0,0,0,0,34.08,BEARISH,HOLD,0,N/A,N/A,N/A,N/A
2026-04-27 14:33:02,^NSEBANK,SPOT,0,N/A,56251.3984375,0,0,0,0,42.6,BEARISH,SELL,42.6,N/A,N/A,N/A,N/A
2026-04-27 14:33:03,BTC-USD,SPOT,0,N/A,77810.8984375,0,0,0,0,58.96,BULLISH,BUY,41.0,N/A,N/A,N/A,N/A
2026-04-27 14:33:05,ETH-USD,SPOT,0,N/A,2319.080078125,0,0,0,0,48.87,BULLISH,BUY,51.1,N/A,N/A,N/A,N/A
2026-04-27 14:36:07,SPY,CALL,714.0,2026-04-27,713.9400024414062,0.138,9.879,-0.0202,0.001,66.75,BULLISH,HOLD,0,N/A,N/A,N/A,N/A
2026-04-27 14:36:07,^NSEI,SPOT,0,N/A,24083.099609375,0,0,0,0,35.15,BEARISH,SELL,35.2,N/A,N/A,N/A,N/A
2026-04-27 14:36:08,^NSEBANK,SPOT,0,N/A,56245.6484375,0,0,0,0,39.05,BEARISH,SELL,39.1,N/A,N/A,N/A,N/A
2026-04-27 14:36:09,BTC-USD,SPOT,0,N/A,77814.7265625,0,0,0,0,66.04,BULLISH,HOLD,0,N/A,N/A,N/A,N/A
2026-04-27 14:36:10,ETH-USD,SPOT,0,N/A,2319.14990234375,0,0,0,0,56.35,BULLISH,BUY,43.7,N/A,N/A,N/A,N/A
2026-04-28 16:08:23,SPY,CALL,715.0,2026-04-28,715.1699829101562,1.0,0.0,-0.0979,0.0,54.93,BULLISH,BUY,100.0,N/A,N/A,N/A,N/A
2026-04-28 16:08:24,^NSEI,SPOT,0,N/A,23995.69921875,0,0,0,0,56.1,BEARISH,SELL,56.1,N/A,N/A,N/A,N/A
2026-04-28 16:08:25,^NSEBANK,SPOT,0,N/A,55400.3515625,0,0,0,0,42.09,BEARISH,SELL,42.1,N/A,N/A,N/A,N/A
2026-04-28 16:08:27,BTC-USD,SPOT,0,N/A,76567.9296875,0,0,0,0,33.69,BEARISH,HOLD,0,N/A,N/A,N/A,N/A
2026-04-28 16:08:28,ETH-USD,SPOT,0,N/A,2284.090087890625,0,0,0,0,41.11,BEARISH,SELL,41.1,N/A,N/A,N/A,N/A
2026-04-28 16:11:30,SPY,CALL,715.0,2026-04-28,715.1699829101562,1.0,0.0,-0.0979,0.0,54.93,BULLISH,BUY,100.0,N/A,N/A,N/A,N/A
2026-04-28 16:11:32,^NSEI,SPOT,0,N/A,23995.69921875,0,0,0,0,56.1,BEARISH,SELL,56.1,N/A,N/A,N/A,N/A
2026-04-28 16:11:34,^NSEBANK,SPOT,0,N/A,55400.3515625,0,0,0,0,42.09,BEARISH,SELL,42.1,N/A,N/A,N/A,N/A
2026-04-28 16:11:35,BTC-USD,SPOT,0,N/A,76602.03125,0,0,0,0,44.67,BEARISH,SELL,44.7,N/A,N/A,N/A,N/A
2026-04-28 16:11:36,ETH-USD,SPOT,0,N/A,2285.8798828125,0,0,0,0,53.4,BULLISH,BUY,46.6,N/A,N/A,N/A,N/A
2026-04-28 16:14:38,SPY,CALL,715.0,2026-04-28,715.1699829101562,1.0,0.0,-0.0979,0.0,54.93,BULLISH,BUY,100.0,N/A,N/A,N/A,N/A
2026-04-28 16:14:40,^NSEI,SPOT,0,N/A,23995.69921875,0,0,0,0,56.1,BEARISH,SELL,56.1,N/A,N/A,N/A,N/A
2026-04-28 16:14:42,^NSEBANK,SPOT,0,N/A,55400.3515625,0,0,0,0,42.09,BEARISH,SELL,42.1,N/A,N/A,N/A,N/A
2026-04-28 16:14:45,BTC-USD,SPOT,0,N/A,76612.1328125,0,0,0,0,45.56,BEARISH,SELL,45.6,N/A,N/A,N/A,N/A
2026-04-28 16:14:55,ETH-USD,SPOT,0,N/A,2285.989990234375,0,0,0,0,55.01,BULLISH,BUY,45.0,N/A,N/A,N/A,N/A
2026-04-28 16:18:04,SPY,CALL,715.0,2026-04-28,715.1699829101562,1.0,0.0,-0.0979,0.0,54.93,BULLISH,BUY,100.0,N/A,N/A,N/A,N/A
2026-04-28 16:18:07,^NSEI,SPOT,0,N/A,23995.69921875,0,0,0,0,56.1,BEARISH,SELL,56.1,N/A,N/A,N/A,N/A
2026-04-28 16:18:11,^NSEBANK,SPOT,0,N/A,55400.3515625,0,0,0,0,42.09,BEARISH,SELL,42.1,N/A,N/A,N/A,N/A
2026-04-28 16:18:19,BTC-USD,SPOT,0,N/A,76583.53125,0,0,0,0,40.79,BEARISH,SELL,40.8,N/A,N/A,N/A,N/A
2026-04-28 16:18:35,ETH-USD,SPOT,0,N/A,2285.04,0,0,0,0,52.08,BULLISH,BUY,47.9,N/A,N/A,N/A,N/A
2026-04-28 16:21:41,SPY,CALL,715.0,2026-04-28,715.1699829101562,1.0,0.0,-0.0979,0.0,54.93,BULLISH,BUY,100.0,N/A,N/A,N/A,N/A
2026-04-28 16:21:44,^NSEI,SPOT,0,N/A,23995.69921875,0,0,0,0,56.1,BEARISH,SELL,56.1,N/A,N/A,N/A,N/A
2026-04-28 16:21:46,^NSEBANK,SPOT,0,N/A,55400.3515625,0,0,0,0,42.09,BEARISH,SELL,42.1,N/A,N/A,N/A,N/A
2026-04-28 16:21:48,BTC-USD,SPOT,0,N/A,76601.640625,0,0,0,0,44.58,BEARISH,SELL,44.6,N/A,N/A,N/A,N/A
2026-04-28 16:21:51,ETH-USD,SPOT,0,N/A,2286.14990234375,0,0,0,0,58.94,BULLISH,BUY,41.1,N/A,N/A,N/A,N/A
2026-04-28 16:22:53,SPY,CALL,715.0,2026-04-28,715.1699829101562,1.0,0.0,-0.0979,0.0,54.93,BULLISH,BUY,100.0,N/A,N/A,N/A,N/A
2026-04-28 16:22:55,^NSEI,SPOT,0,N/A,23995.69921875,0,0,0,0,56.1,BEARISH,SELL,56.1,N/A,N/A,N/A,N/A
2026-04-28 16:22:56,^NSEBANK,SPOT,0,N/A,55400.3515625,0,0,0,0,42.09,BEARISH,SELL,42.1,N/A,N/A,N/A,N/A
2026-04-28 16:22:57,BTC-USD,SPOT,0,N/A,76606.7109375,0,0,0,0,44.97,BEARISH,SELL,45.0,N/A,N/A,N/A,N/A
2026-04-28 16:22:58,ETH-USD,SPOT,0,N/A,2286.4599609375,0,0,0,0,59.84,BULLISH,BUY,40.2,N/A,N/A,N/A,N/A
2026-04-28 16:26:06,SPY,CALL,715.0,2026-04-28,715.1699829101562,1.0,0.0,-0.0979,0.0,54.93,BULLISH,BUY,100.0,N/A,N/A,N/A,N/A
2026-04-28 16:26:08,^NSEI,SPOT,0,N/A,23995.69921875,0,0,0,0,56.1,BEARISH,SELL,56.1,N/A,N/A,N/A,N/A
2026-04-28 16:26:10,^NSEBANK,SPOT,0,N/A,55400.3515625,0,0,0,0,42.09,BEARISH,SELL,42.1,N/A,N/A,N/A,N/A
2026-04-28 16:26:15,BTC-USD,SPOT,0,N/A,76596.0078125,0,0,0,0,52.78,BEARISH,SELL,52.8,N/A,N/A,N/A,N/A
2026-04-28 16:26:17,ETH-USD,SPOT,0,N/A,2285.56005859375,0,0,0,0,65.16,BULLISH,HOLD,0,N/A,N/A,N/A,N/A
2026-04-28 16:29:21,SPY,CALL,715.0,2026-04-28,715.1699829101562,1.0,0.0,-0.0979,0.0,54.93,BULLISH,BUY,100.0,N/A,N/A,N/A,N/A
2026-04-28 16:29:24,^NSEI,SPOT,0,N/A,23995.69921875,0,0,0,0,56.1,BEARISH,SELL,56.1,N/A,N/A,N/A,N/A
2026-04-28 16:29:26,^NSEBANK,SPOT,0,N/A,55400.3515625,0,0,0,0,42.09,BEARISH,SELL,42.1,N/A,N/A,N/A,N/A
2026-04-28 16:29:29,BTC-USD,SPOT,0,N/A,76583.5390625,0,0,0,0,51.48,BEARISH,SELL,51.5,N/A,N/A,N/A,N/A
2026-04-28 16:29:31,ETH-USD,SPOT,0,N/A,2283.820068359375,0,0,0,0,60.38,BEARISH,SELL,60.4,N/A,N/A,N/A,N/A
2026-04-28 16:32:34,SPY,CALL,715.0,2026-04-28,715.1699829101562,1.0,0.0,-0.0979,0.0,54.93,BULLISH,BUY,100.0,N/A,N/A,N/A,N/A
2026-04-28 16:32:34,^NSEI,SPOT,0,N/A,23995.69921875,0,0,0,0,56.1,BEARISH,SELL,56.1,N/A,N/A,N/A,N/A
2026-04-28 16:32:35,^NSEBANK,SPOT,0,N/A,55400.3515625,0,0,0,0,42.09,BEARISH,SELL,42.1,N/A,N/A,N/A,N/A
2026-04-28 16:32:36,BTC-USD,SPOT,0,N/A,76584.4296875,0,0,0,0,47.58,BEARISH,SELL,47.6,N/A,N/A,N/A,N/A
2026-04-28 16:32:38,ETH-USD,SPOT,0,N/A,2283.199951171875,0,0,0,0,52.84,BEARISH,SELL,52.8,N/A,N/A,N/A,N/A
2026-04-28 16:35:40,SPY,CALL,715.0,2026-04-28,715.1699829101562,1.0,0.0,-0.0979,0.0,54.93,BULLISH,BUY,100.0,N/A,N/A,N/A,N/A
2026-04-28 16:35:41,^NSEI,SPOT,0,N/A,23995.69921875,0,0,0,0,56.1,BEARISH,SELL,56.1,N/A,N/A,N/A,N/A
2026-04-28 16:35:42,^NSEBANK,SPOT,0,N/A,55400.3515625,0,0,0,0,42.09,BEARISH,SELL,42.1,N/A,N/A,N/A,N/A
2026-04-28 16:35:43,BTC-USD,SPOT,0,N/A,76524.25,0,0,0,0,43.76,BEARISH,SELL,43.8,N/A,N/A,N/A,N/A
2026-04-28 16:35:44,ETH-USD,SPOT,0,N/A,2280.0,0,0,0,0,45.3,BEARISH,SELL,45.3,N/A,N/A,N/A,N/A
2026-04-28 16:38:47,SPY,CALL,715.0,2026-04-28,715.1699829101562,1.0,0.0,-0.0979,0.0,54.93,BULLISH,BUY,100.0,N/A,N/A,N/A,N/A
2026-04-28 16:38:50,^NSEI,SPOT,0,N/A,23995.69921875,0,0,0,0,56.1,BEARISH,SELL,56.1,N/A,N/A,N/A,N/A
2026-04-28 16:38:51,^NSEBANK,SPOT,0,N/A,55400.3515625,0,0,0,0,42.09,BEARISH,SELL,42.1,N/A,N/A,N/A,N/A
2026-04-28 16:38:54,BTC-USD,SPOT,0,N/A,76500.9765625,0,0,0,0,41.84,BEARISH,SELL,41.8,N/A,N/A,N/A,N/A
2026-04-28 16:38:58,ETH-USD,SPOT,0,N/A,2279.050048828125,0,0,0,0,43.33,BEARISH,SELL,43.3,N/A,N/A,N/A,N/A
2026-04-28 16:42:02,SPY,CALL,715.0,2026-04-28,715.1699829101562,1.0,0.0,-0.0979,0.0,54.93,BULLISH,BUY,100.0,N/A,N/A,N/A,N/A
2026-04-28 16:42:04,^NSEI,SPOT,0,N/A,23995.69921875,0,0,0,0,56.1,BEARISH,SELL,56.1,N/A,N/A,N/A,N/A
2026-04-28 16:42:05,^NSEBANK,SPOT,0,N/A,55400.3515625,0,0,0,0,42.09,BEARISH,SELL,42.1,N/A,N/A,N/A,N/A
2026-04-28 16:42:07,BTC-USD,SPOT,0,N/A,76440.0078125,0,0,0,0,31.79,BEARISH,HOLD,0,N/A,N/A,N/A,N/A
2026-04-28 16:42:08,ETH-USD,SPOT,0,N/A,2277.580078125,0,0,0,0,33.38,BEARISH,HOLD,0,N/A,N/A,N/A,N/A
2026-04-29 11:29:51,SPY,CALL,711.0,2026-04-29,711.6900024414062,1.0,0.0,-0.0974,0.0,57.69,BULLISH,BUY,100.0,N/A,N/A,N/A,N/A
2026-04-29 11:29:53,^NSEI,SPOT,0,N/A,24261.349609375,0,0,0,0,56.13,BULLISH,BUY,43.9,N/A,N/A,N/A,N/A
2026-04-29 11:29:55,^NSEBANK,SPOT,0,N/A,55907.05078125,0,0,0,0,55.97,BULLISH,BUY,44.0,N/A,N/A,N/A,N/A
2026-04-29 11:29:59,BTC-USD,SPOT,0,N/A,77261.9609375,0,0,0,0,45.59,BULLISH,BUY,54.4,N/A,N/A,N/A,N/A
2026-04-29 11:30:04,ETH-USD,SPOT,0,N/A,2328.25,0,0,0,0,38.55,BULLISH,BUY,61.4,N/A,N/A,N/A,N/A
2026-04-29 11:33:07,SPY,CALL,711.0,2026-04-29,711.6900024414062,1.0,0.0,-0.0974,0.0,57.69,BULLISH,BUY,100.0,N/A,N/A,N/A,N/A
2026-04-29 11:33:10,^NSEI,SPOT,0,N/A,24271.25,0,0,0,0,50.28,BULLISH,BUY,49.7,N/A,N/A,N/A,N/A
2026-04-29 11:33:11,^NSEBANK,SPOT,0,N/A,55928.1015625,0,0,0,0,54.75,BULLISH,BUY,45.3,N/A,N/A,N/A,N/A
2026-04-29 11:33:13,BTC-USD,SPOT,0,N/A,77255.828125,0,0,0,0,47.31,BULLISH,BUY,52.7,N/A,N/A,N/A,N/A
2026-04-29 11:33:14,ETH-USD,SPOT,0,N/A,2329.43994140625,0,0,0,0,49.1,BULLISH,BUY,50.9,N/A,N/A,N/A,N/A
2026-04-29 11:36:17,SPY,CALL,711.0,2026-04-29,711.6900024414062,1.0,0.0,-0.0974,0.0,57.69,BULLISH,BUY,100.0,N/A,N/A,N/A,N/A
2026-04-29 11:36:18,^NSEI,SPOT,0,N/A,24277.25,0,0,0,0,44.25,BULLISH,BUY,55.8,N/A,N/A,N/A,N/A
2026-04-29 11:36:19,^NSEBANK,SPOT,0,N/A,55915.05078125,0,0,0,0,50.7,BULLISH,BUY,49.3,N/A,N/A,N/A,N/A
2026-04-29 11:36:21,BTC-USD,SPOT,0,N/A,77318.28125,0,0,0,0,58.24,BULLISH,BUY,41.8,N/A,N/A,N/A,N/A
2026-04-29 11:36:24,ETH-USD,SPOT,0,N/A,2334.320068359375,0,0,0,0,68.18,BULLISH,HOLD,0,N/A,N/A,N/A,N/A
2026-04-29 11:39:26,SPY,CALL,711.0,2026-04-29,711.6900024414062,1.0,0.0,-0.0974,0.0,57.69,BULLISH,BUY,100.0,N/A,N/A,N/A,N/A
2026-04-29 11:39:27,^NSEI,SPOT,0,N/A,24277.75,0,0,0,0,44.27,BULLISH,BUY,55.7,N/A,N/A,N/A,N/A
2026-04-29 11:39:28,^NSEBANK,SPOT,0,N/A,55905.69921875,0,0,0,0,50.11,BULLISH,BUY,49.9,N/A,N/A,N/A,N/A
2026-04-29 11:39:29,BTC-USD,SPOT,0,N/A,77263.6796875,0,0,0,0,50.53,BULLISH,BUY,49.5,N/A,N/A,N/A,N/A
2026-04-29 11:39:30,ETH-USD,SPOT,0,N/A,2333.530029296875,0,0,0,0,66.77,BULLISH,HOLD,0,N/A,N/A,N/A,N/A
2026-04-29 11:42:34,SPY,CALL,711.0,2026-04-29,711.6900024414062,1.0,0.0,-0.0974,0.0,57.69,BULLISH,BUY,100.0,N/A,N/A,N/A,N/A
2026-04-29 11:42:36,^NSEI,SPOT,0,N/A,24277.900390625,0,0,0,0,47.86,BULLISH,BUY,52.1,N/A,N/A,N/A,N/A
2026-04-29 11:42:38,^NSEBANK,SPOT,0,N/A,55909.1015625,0,0,0,0,55.29,BULLISH,BUY,44.7,N/A,N/A,N/A,N/A
2026-04-29 11:42:39,BTC-USD,SPOT,0,N/A,77217.15625,0,0,0,0,47.19,BEARISH,SELL,47.2,N/A,N/A,N/A,N/A
2026-04-29 11:42:41,ETH-USD,SPOT,0,N/A,2331.679931640625,0,0,0,0,60.43,BULLISH,BUY,39.6,N/A,N/A,N/A,N/A
2026-04-29 11:45:44,SPY,CALL,711.0,2026-04-29,711.6900024414062,1.0,0.0,-0.0974,0.0,57.69,BULLISH,BUY,100.0,N/A,N/A,N/A,N/A
2026-04-29 11:45:46,^NSEI,SPOT,0,N/A,24266.75,0,0,0,0,49.07,BEARISH,SELL,49.1,N/A,N/A,N/A,N/A
2026-04-29 11:45:47,^NSEBANK,SPOT,0,N/A,55868.5,0,0,0,0,56.15,BULLISH,BUY,43.9,N/A,N/A,N/A,N/A
2026-04-29 11:45:50,BTC-USD,SPOT,0,N/A,77210.6328125,0,0,0,0,42.2,BEARISH,SELL,42.2,N/A,N/A,N/A,N/A
2026-04-29 11:45:53,ETH-USD,SPOT,0,N/A,2331.179931640625,0,0,0,0,56.11,BULLISH,BUY,43.9,N/A,N/A,N/A,N/A
2026-04-29 11:48:55,SPY,CALL,711.0,2026-04-29,711.6900024414062,1.0,0.0,-0.0974,0.0,57.69,BULLISH,BUY,100.0,N/A,N/A,N/A,N/A
2026-04-29 11:48:57,^NSEI,SPOT,0,N/A,24271.5,0,0,0,0,51.4,BEARISH,SELL,51.4,N/A,N/A,N/A,N/A
2026-04-29 11:48:58,^NSEBANK,SPOT,0,N/A,55892.25,0,0,0,0,57.57,BULLISH,BUY,42.4,N/A,N/A,N/A,N/A
2026-04-29 11:49:00,BTC-USD,SPOT,0,N/A,77195.6015625,0,0,0,0,40.15,BEARISH,SELL,40.2,N/A,N/A,N/A,N/A
2026-04-29 11:49:01,ETH-USD,SPOT,0,N/A,2330.02001953125,0,0,0,0,53.56,BULLISH,BUY,46.4,N/A,N/A,N/A,N/A
2026-04-29 11:52:04,SPY,CALL,711.0,2026-04-29,711.6900024414062,1.0,0.0,-0.0974,0.0,57.69,BULLISH,BUY,100.0,N/A,N/A,N/A,N/A
2026-04-29 11:52:04,^NSEI,SPOT,0,N/A,24269.19921875,0,0,0,0,50.62,BEARISH,SELL,50.6,N/A,N/A,N/A,N/A
2026-04-29 11:52:06,^NSEBANK,SPOT,0,N/A,55873.8984375,0,0,0,0,55.9,BULLISH,BUY,44.1,N/A,N/A,N/A,N/A
2026-04-29 11:52:07,BTC-USD,SPOT,0,N/A,77167.3828125,0,0,0,0,42.8,BEARISH,SELL,42.8,N/A,N/A,N/A,N/A
2026-04-29 11:52:09,ETH-USD,SPOT,0,N/A,2329.139892578125,0,0,0,0,59.18,BULLISH,BUY,40.8,N/A,N/A,N/A,N/A
2026-04-29 11:55:13,SPY,CALL,711.0,2026-04-29,711.6900024414062,1.0,0.0,-0.0974,0.0,57.69,BULLISH,BUY,100.0,N/A,N/A,N/A,N/A
2026-04-29 11:55:16,^NSEI,SPOT,0,N/A,24271.5,0,0,0,0,49.81,BEARISH,SELL,49.8,N/A,N/A,N/A,N/A
2026-04-29 11:55:18,^NSEBANK,SPOT,0,N/A,55886.19921875,0,0,0,0,53.97,BULLISH,BUY,46.0,N/A,N/A,N/A,N/A
2026-04-29 11:55:22,BTC-USD,SPOT,0,N/A,77126.3984375,0,0,0,0,34.43,BEARISH,HOLD,0,N/A,N/A,N/A,N/A
2026-04-29 11:55:25,ETH-USD,SPOT,0,N/A,2327.679931640625,0,0,0,0,55.39,BEARISH,SELL,55.4,N/A,N/A,N/A,N/A
2026-04-29 11:58:27,SPY,CALL,711.0,2026-04-29,711.6900024414062,1.0,0.0,-0.0974,0.0,57.69,BULLISH,BUY,100.0,N/A,N/A,N/A,N/A
2026-04-29 11:58:28,^NSEI,SPOT,0,N/A,24270.30078125,0,0,0,0,49.56,BEARISH,SELL,49.6,N/A,N/A,N/A,N/A
2026-04-29 11:58:29,^NSEBANK,SPOT,0,N/A,55870.5,0,0,0,0,52.6,BEARISH,SELL,52.6,N/A,N/A,N/A,N/A
2026-04-29 11:58:30,BTC-USD,SPOT,0,N/A,77088.9609375,0,0,0,0,30.83,BEARISH,HOLD,0,N/A,N/A,N/A,N/A
2026-04-29 11:58:31,ETH-USD,SPOT,0,N/A,2327.840087890625,0,0,0,0,55.79,BEARISH,SELL,55.8,N/A,N/A,N/A,N/A
2026-04-29 12:01:33,SPY,CALL,711.0,2026-04-29,711.6900024414062,1.0,0.0,-0.0974,0.0,57.69,BULLISH,BUY,100.0,N/A,N/A,N/A,N/A
2026-04-29 12:01:36,^NSEI,SPOT,0,N/A,24279.25,0,0,0,0,46.76,BULLISH,BUY,53.2,N/A,N/A,N/A,N/A
2026-04-29 12:01:38,^NSEBANK,SPOT,0,N/A,55899.1484375,0,0,0,0,50.31,BULLISH,BUY,49.7,N/A,N/A,N/A,N/A
2026-04-29 12:01:41,BTC-USD,SPOT,0,N/A,77083.5234375,0,0,0,0,28.4,BEARISH,HOLD,0,N/A,N/A,N/A,N/A
2026-04-29 12:01:43,ETH-USD,SPOT,0,N/A,2328.43994140625,0,0,0,0,54.83,BULLISH,BUY,45.2,N/A,N/A,N/A,N/A
2026-04-29 12:04:48,SPY,CALL,711.0,2026-04-29,711.6900024414062,1.0,0.0,-0.0974,0.0,57.69,BULLISH,BUY,100.0,N/A,N/A,N/A,N/A
2026-04-29 12:04:50,^NSEI,SPOT,0,N/A,24275.900390625,0,0,0,0,45.26,BEARISH,SELL,45.3,N/A,N/A,N/A,N/A
2026-04-29 12:04:53,^NSEBANK,SPOT,0,N/A,55910.94921875,0,0,0,0,51.29,BULLISH,BUY,48.7,N/A,N/A,N/A,N/A
2026-04-29 12:04:59,BTC-USD,SPOT,0,N/A,77030.0,0,0,0,0,23.87,BEARISH,BUY,80,N/A,N/A,N/A,N/A
2026-04-29 12:05:03,ETH-USD,SPOT,0,N/A,2326.52001953125,0,0,0,0,50.36,BEARISH,SELL,50.4,N/A,N/A,N/A,N/A
2026-04-29 12:08:07,SPY,CALL,711.0,2026-04-29,711.6900024414062,1.0,0.0,-0.0974,0.0,57.69,BULLISH,BUY,100.0,N/A,N/A,N/A,N/A
2026-04-29 12:08:07,^NSEI,SPOT,0,N/A,24273.69921875,0,0,0,0,43.16,BEARISH,SELL,43.2,N/A,N/A,N/A,N/A
2026-04-29 12:08:10,^NSEBANK,SPOT,0,N/A,55908.75,0,0,0,0,52.24,BULLISH,BUY,47.8,N/A,N/A,N/A,N/A
2026-04-29 12:08:13,BTC-USD,SPOT,0,N/A,77034.609375,0,0,0,0,21.51,BEARISH,BUY,80,N/A,N/A,N/A,N/A
2026-04-29 12:08:16,ETH-USD,SPOT,0,N/A,2326.389892578125,0,0,0,0,49.25,BEARISH,SELL,49.3,N/A,N/A,N/A,N/A
2026-05-05 09:51:08,SPY,CALL,708.0,2026-05-05,718.010009765625,1.0,0.0,-0.097,0.0,57.72,BULLISH,BUY,100.0,N/A,N/A,N/A,N/A
2026-05-05 09:51:11,^NSEI,SPOT,0,N/A,24027.900390625,0,0,0,0,39.82,BEARISH,SELL,39.8,N/A,N/A,N/A,N/A
2026-05-05 09:51:12,^NSEBANK,SPOT,0,N/A,54568.8984375,0,0,0,0,38.88,BEARISH,SELL,38.9,N/A,N/A,N/A,N/A
2026-05-05 09:51:14,BTC-USD,SPOT,0,N/A,80832.8203125,0,0,0,0,66.97,BULLISH,HOLD,0,N/A,N/A,N/A,N/A
2026-05-05 09:51:15,ETH-USD,SPOT,0,N/A,2380.8798828125,0,0,0,0,69.65,BULLISH,HOLD,0,N/A,N/A,N/A,N/A
2026-05-05 09:54:18,SPY,CALL,708.0,2026-05-05,718.010009765625,1.0,0.0,-0.097,0.0,57.72,BULLISH,BUY,100.0,N/A,N/A,N/A,N/A
2026-05-05 09:54:20,^NSEI,SPOT,0,N/A,24051.849609375,0,0,0,0,44.13,BEARISH,SELL,44.1,N/A,N/A,N/A,N/A
2026-05-05 09:54:20,^NSEBANK,SPOT,0,N/A,54654.3515625,0,0,0,0,43.79,BEARISH,SELL,43.8,N/A,N/A,N/A,N/A
2026-05-05 09:54:23,BTC-USD,SPOT,0,N/A,80863.5703125,0,0,0,0,69.81,BULLISH,HOLD,0,N/A,N/A,N/A,N/A
2026-05-05 09:54:24,ETH-USD,SPOT,0,N/A,2381.889892578125,0,0,0,0,72.33,BULLISH,HOLD,0,N/A,N/A,N/A,N/A
2026-05-05 09:58:34,SPY,CALL,708.0,2026-05-05,718.010009765625,1.0,0.0,-0.097,0.0,57.72,BULLISH,BUY,100.0,N/A,N/A,N/A,N/A
2026-05-05 09:58:35,^NSEI,SPOT,0,N/A,24041.099609375,0,0,0,0,40.59,BEARISH,SELL,40.6,N/A,N/A,N/A,N/A
2026-05-05 09:58:36,^NSEBANK,SPOT,0,N/A,54654.25,0,0,0,0,40.88,BEARISH,SELL,40.9,N/A,N/A,N/A,N/A
2026-05-05 09:58:37,BTC-USD,SPOT,0,N/A,80820.0234375,0,0,0,0,58.07,BULLISH,BUY,41.9,N/A,N/A,N/A,N/A
2026-05-05 09:58:38,ETH-USD,SPOT,0,N/A,2380.570068359375,0,0,0,0,65.92,BULLISH,HOLD,0,N/A,N/A,N/A,N/A
2026-05-05 10:00:05,SPY,CALL,708.0,2026-05-05,718.010009765625,1.0,0.0,-0.097,0.0,57.72,BULLISH,BUY,100.0,N/A,N/A,N/A,N/A
2026-05-05 10:00:06,^NSEI,SPOT,0,N/A,24043.19921875,0,0,0,0,40.95,BEARISH,SELL,41.0,N/A,N/A,N/A,N/A
2026-05-05 10:00:07,^NSEBANK,SPOT,0,N/A,54663.8515625,0,0,0,0,41.75,BEARISH,SELL,41.7,N/A,N/A,N/A,N/A
2026-05-05 10:00:08,BTC-USD,SPOT,0,N/A,80797.4765625,0,0,0,0,55.12,BULLISH,BUY,44.9,N/A,N/A,N/A,N/A
2026-05-05 10:00:09,ETH-USD,SPOT,0,N/A,2380.090087890625,0,0,0,0,60.07,BULLISH,BUY,39.9,N/A,N/A,N/A,N/A
2026-05-05 10:03:11,SPY,CALL,708.0,2026-05-05,718.010009765625,1.0,0.0,-0.097,0.0,57.72,BULLISH,BUY,100.0,N/A,N/A,N/A,N/A
2026-05-05 10:03:13,^NSEI,SPOT,0,N/A,24004.25,0,0,0,0,32.58,BEARISH,HOLD,0,N/A,N/A,N/A,N/A
2026-05-05 10:03:14,^NSEBANK,SPOT,0,N/A,54584.05078125,0,0,0,0,33.94,BEARISH,HOLD,0,N/A,N/A,N/A,N/A
2026-05-05 10:03:15,BTC-USD,SPOT,0,N/A,80748.4921875,0,0,0,0,43.18,BEARISH,SELL,43.2,N/A,N/A,N/A,N/A
2026-05-05 10:03:16,ETH-USD,SPOT,0,N/A,2379.47998046875,0,0,0,0,58.05,BULLISH,BUY,42.0,N/A,N/A,N/A,N/A
2026-05-05 10:07:11,SPY,CALL,708.0,2026-05-05,718.010009765625,1.0,0.0,-0.097,0.0,57.72,BULLISH,BUY,100.0,N/A,N/A,N/A,N/A
2026-05-05 10:07:13,^NSEI,SPOT,0,N/A,23992.75,0,0,0,0,29.94,BEARISH,HOLD,0,N/A,N/A,N/A,N/A
2026-05-05 10:07:15,^NSEBANK,SPOT,0,N/A,54549.80078125,0,0,0,0,29.68,BEARISH,HOLD,0,N/A,N/A,N/A,N/A
2026-05-05 10:07:16,BTC-USD,SPOT,0,N/A,80801.0,0,0,0,0,52.38,BULLISH,BUY,47.6,N/A,N/A,N/A,N/A
2026-05-05 10:07:18,ETH-USD,SPOT,0,N/A,2381.8798828125,0,0,0,0,62.26,BULLISH,BUY,37.7,N/A,N/A,N/A,N/A
2026-05-05 10:10:22,SPY,CALL,718.0,2026-05-05,718.010009765625,1.0,0.0,-0.0984,0.0,57.72,BULLISH,BUY,100.0,N/A,N/A,N/A,N/A
2026-05-05 10:10:23,^NSEI,SPOT,0,N/A,24002.5,0,0,0,0,31.51,BEARISH,HOLD,0,N/A,N/A,N/A,N/A
2026-05-05 10:10:24,^NSEBANK,SPOT,0,N/A,54547.6484375,0,0,0,0,27.9,BEARISH,HOLD,0,N/A,N/A,N/A,N/A
2026-05-05 10:10:25,BTC-USD,SPOT,0,N/A,80810.796875,0,0,0,0,49.1,BEARISH,SELL,49.1,N/A,N/A,N/A,N/A
2026-05-05 10:10:27,ETH-USD,SPOT,0,N/A,2380.6201171875,0,0,0,0,58.03,BULLISH,BUY,42.0,N/A,N/A,N/A,N/A
2026-05-05 10:13:29,SPY,CALL,718.0,2026-05-05,718.010009765625,1.0,0.0,-0.0984,0.0,57.72,BULLISH,BUY,100.0,N/A,N/A,N/A,N/A
2026-05-05 10:13:30,^NSEI,SPOT,0,N/A,23988.099609375,0,0,0,0,29.27,BEARISH,HOLD,0,N/A,N/A,N/A,N/A
2026-05-05 10:13:31,^NSEBANK,SPOT,0,N/A,54494.69921875,0,0,0,0,25.82,BEARISH,HOLD,0,N/A,N/A,N/A,N/A
2026-05-05 10:13:32,BTC-USD,SPOT,0,N/A,80762.0078125,0,0,0,0,44.06,BEARISH,SELL,44.1,N/A,N/A,N/A,N/A
2026-05-05 10:13:33,ETH-USD,SPOT,0,N/A,2379.719970703125,0,0,0,0,55.19,BULLISH,BUY,44.8,N/A,N/A,N/A,N/A
2026-05-05 10:16:35,SPY,CALL,718.0,2026-05-05,718.010009765625,1.0,0.0,-0.0984,0.0,57.72,BULLISH,BUY,100.0,N/A,N/A,N/A,N/A
2026-05-05 10:16:37,^NSEI,SPOT,0,N/A,23970.650390625,0,0,0,0,28.96,BEARISH,HOLD,0,N/A,N/A,N/A,N/A
2026-05-05 10:16:38,^NSEBANK,SPOT,0,N/A,54456.0,0,0,0,0,25.78,BEARISH,HOLD,0,N/A,N/A,N/A,N/A
2026-05-05 10:16:40,BTC-USD,SPOT,0,N/A,80746.421875,0,0,0,0,35.13,BEARISH,SELL,35.1,N/A,N/A,N/A,N/A
2026-05-05 10:16:41,ETH-USD,SPOT,0,N/A,2377.590087890625,0,0,0,0,29.5,BEARISH,HOLD,0,N/A,N/A,N/A,N/A
2026-05-05 10:19:42,SPY,CALL,718.0,2026-05-05,718.010009765625,1.0,0.0,-0.0984,0.0,57.72,BULLISH,BUY,100.0,N/A,N/A,N/A,N/A
2026-05-05 10:19:43,^NSEI,SPOT,0,N/A,23983.650390625,0,0,0,0,30.09,BEARISH,HOLD,0,N/A,N/A,N/A,N/A
2026-05-05 10:19:44,^NSEBANK,SPOT,0,N/A,54512.80078125,0,0,0,0,28.63,BEARISH,HOLD,0,N/A,N/A,N/A,N/A
2026-05-05 10:19:45,BTC-USD,SPOT,0,N/A,80910.6015625,0,0,0,0,53.11,BULLISH,BUY,46.9,N/A,N/A,N/A,N/A
2026-05-05 10:19:46,ETH-USD,SPOT,0,N/A,2382.0,0,0,0,0,44.87,BULLISH,BUY,55.1,N/A,N/A,N/A,N/A
2026-05-05 10:22:48,SPY,CALL,718.0,2026-05-05,718.010009765625,1.0,0.0,-0.0984,0.0,57.72,BULLISH,BUY,100.0,N/A,N/A,N/A,N/A
2026-05-05 10:22:49,^NSEI,SPOT,0,N/A,23970.650390625,0,0,0,0,26.42,BEARISH,HOLD,0,N/A,N/A,N/A,N/A
2026-05-05 10:22:49,^NSEBANK,SPOT,0,N/A,54476.19921875,0,0,0,0,27.02,BEARISH,HOLD,0,N/A,N/A,N/A,N/A
2026-05-05 10:22:51,BTC-USD,SPOT,0,N/A,80956.0234375,0,0,0,0,53.15,BULLISH,BUY,46.9,N/A,N/A,N/A,N/A
2026-05-05 10:22:52,ETH-USD,SPOT,0,N/A,2383.14990234375,0,0,0,0,42.09,BULLISH,BUY,57.9,N/A,N/A,N/A,N/A
2026-05-05 10:25:54,SPY,CALL,718.0,2026-05-05,718.010009765625,1.0,0.0,-0.0984,0.0,57.72,BULLISH,BUY,100.0,N/A,N/A,N/A,N/A
2026-05-05 10:25:55,^NSEI,SPOT,0,N/A,23969.0,0,0,0,0,32.16,BEARISH,HOLD,0,N/A,N/A,N/A,N/A
2026-05-05 10:25:56,^NSEBANK,SPOT,0,N/A,54475.8984375,0,0,0,0,38.85,BEARISH,SELL,38.8,N/A,N/A,N/A,N/A
2026-05-05 10:25:57,BTC-USD,SPOT,0,N/A,80900.0,0,0,0,0,49.46,BULLISH,BUY,50.5,N/A,N/A,N/A,N/A
2026-05-05 10:25:58,ETH-USD,SPOT,0,N/A,2380.610107421875,0,0,0,0,38.95,BEARISH,SELL,39.0,N/A,N/A,N/A,N/A
2026-05-05 10:26:24,SPY,CALL,718.0,2026-05-05,718.010009765625,1.0,0.0,-0.0984,0.0,57.72,BULLISH,BUY,100.0,N/A,N/A,N/A,N/A
2026-05-05 10:26:25,^NSEI,SPOT,0,N/A,23970.5,0,0,0,0,32.04,BEARISH,HOLD,0,N/A,N/A,N/A,N/A
2026-05-05 10:26:26,^NSEBANK,SPOT,0,N/A,54465.3515625,0,0,0,0,38.47,BEARISH,SELL,38.5,N/A,N/A,N/A,N/A
2026-05-05 10:26:27,BTC-USD,SPOT,0,N/A,80894.0625,0,0,0,0,48.94,BULLISH,BUY,51.1,N/A,N/A,N/A,N/A
2026-05-05 10:26:28,ETH-USD,SPOT,0,N/A,2381.159912109375,0,0,0,0,40.7,BULLISH,BUY,59.3,N/A,N/A,N/A,N/A
2026-05-06 09:57:07,SPY,PUT,729.0,2026-05-06,723.77001953125,-1.0,0.0,0.0999,0.0,35.2,BEARISH,BUY,100.0,N/A,N/A,N/A,N/A
2026-05-06 09:57:08,^NSEI,SPOT,0,N/A,24157.80078125,0,0,0,0,77.98,BULLISH,SELL,80,N/A,N/A,N/A,N/A
2026-05-06 09:57:09,^NSEBANK,SPOT,0,N/A,55153.19921875,0,0,0,0,76.44,BULLISH,SELL,80,N/A,N/A,N/A,N/A
2026-05-06 09:57:11,BTC-USD,SPOT,0,N/A,81479.7578125,0,0,0,0,55.48,BEARISH,SELL,55.5,N/A,N/A,N/A,N/A
2026-05-06 09:57:12,ETH-USD,SPOT,0,N/A,2374.340087890625,0,0,0,0,62.76,BULLISH,BUY,37.2,N/A,N/A,N/A,N/A
2026-05-09 10:50:43,SPY,CALL,721.0,2026-05-11,737.6199951171875,1.0,0.0003,-0.1022,0.1304,59.54,BULLISH,BUY,100.0,N/A,N/A,N/A,N/A
2026-05-09 10:50:43,^NSEI,SPOT,0,N/A,24176.150390625,0,0,0,0,59.23,BEARISH,SELL,59.2,N/A,N/A,N/A,N/A
2026-05-09 10:50:44,^NSEBANK,SPOT,0,N/A,55310.55078125,0,0,0,0,71.48,BULLISH,HOLD,0,N/A,N/A,N/A,N/A
2026-05-09 10:50:44,BTC-USD,SPOT,0,N/A,80424.1796875,0,0,0,0,31.98,BEARISH,HOLD,0,N/A,N/A,N/A,N/A
2026-05-09 10:50:45,ETH-USD,SPOT,0,N/A,2315.68994140625,0,0,0,0,29.54,BEARISH,HOLD,0,N/A,N/A,N/A,N/A
2026-05-09 10:54:20,SPY,CALL,721.0,2026-05-11,737.6199951171875,1.0,0.0003,-0.1022,0.1304,59.54,BULLISH,BUY,100.0,N/A,N/A,N/A,N/A
2026-05-09 10:54:22,^NSEI,SPOT,0,N/A,24176.150390625,0,0,0,0,59.23,BEARISH,SELL,59.2,N/A,N/A,N/A,N/A
2026-05-09 10:54:23,^NSEBANK,SPOT,0,N/A,55310.55078125,0,0,0,0,71.48,BULLISH,HOLD,0,N/A,N/A,N/A,N/A
2026-05-09 10:54:23,BTC-USD,SPOT,0,N/A,80434.3125,0,0,0,0,33.73,BULLISH,BUY,66.3,N/A,N/A,N/A,N/A
2026-05-09 10:54:25,ETH-USD,SPOT,0,N/A,2317.1298828125,0,0,0,0,36.12,BULLISH,BUY,63.9,N/A,N/A,N/A,N/A
2026-05-09 10:57:26,SPY,CALL,721.0,2026-05-11,737.6199951171875,1.0,0.0003,-0.1022,0.1304,59.54,BULLISH,BUY,100.0,N/A,N/A,N/A,N/A
2026-05-09 10:57:27,^NSEI,SPOT,0,N/A,24176.150390625,0,0,0,0,59.23,BEARISH,SELL,59.2,N/A,N/A,N/A,N/A
2026-05-09 10:57:28,^NSEBANK,SPOT,0,N/A,55310.55078125,0,0,0,0,71.48,BULLISH,HOLD,0,N/A,N/A,N/A,N/A
2026-05-09 10:57:29,BTC-USD,SPOT,0,N/A,80398.109375,0,0,0,0,35.41,BEARISH,SELL,35.4,N/A,N/A,N/A,N/A
2026-05-09 10:57:30,ETH-USD,SPOT,0,N/A,2315.0400390625,0,0,0,0,39.06,BEARISH,SELL,39.1,N/A,N/A,N/A,N/A
2026-05-09 11:00:33,SPY,CALL,721.0,2026-05-11,737.6199951171875,1.0,0.0003,-0.1022,0.1304,59.54,BULLISH,BUY,100.0,N/A,N/A,N/A,N/A
2026-05-09 11:00:34,^NSEI,SPOT,0,N/A,24176.150390625,0,0,0,0,59.23,BEARISH,SELL,59.2,N/A,N/A,N/A,N/A
2026-05-09 11:00:35,^NSEBANK,SPOT,0,N/A,55310.55078125,0,0,0,0,71.48,BULLISH,HOLD,0,N/A,N/A,N/A,N/A
2026-05-09 11:00:36,BTC-USD,SPOT,0,N/A,80427.203125,0,0,0,0,36.87,BEARISH,SELL,36.9,N/A,N/A,N/A,N/A
2026-05-09 11:00:37,ETH-USD,SPOT,0,N/A,2315.4599609375,0,0,0,0,39.28,BEARISH,SELL,39.3,N/A,N/A,N/A,N/A
2026-05-09 11:03:39,SPY,CALL,721.0,2026-05-11,737.6199951171875,1.0,0.0003,-0.1022,0.1304,59.54,BULLISH,BUY,100.0,N/A,N/A,N/A,N/A
2026-05-09 11:03:40,^NSEI,SPOT,0,N/A,24176.150390625,0,0,0,0,59.23,BEARISH,SELL,59.2,N/A,N/A,N/A,N/A
2026-05-09 11:03:41,^NSEBANK,SPOT,0,N/A,55310.55078125,0,0,0,0,71.48,BULLISH,HOLD,0,N/A,N/A,N/A,N/A
2026-05-09 11:03:42,BTC-USD,SPOT,0,N/A,80426.09375,0,0,0,0,36.75,BEARISH,SELL,36.8,N/A,N/A,N/A,N/A
2026-05-09 11:03:44,ETH-USD,SPOT,0,N/A,2316.56005859375,0,0,0,0,43.95,BULLISH,BUY,56.0,N/A,N/A,N/A,N/A
2026-05-09 11:08:56,SPY,CALL,721.0,2026-05-11,737.6199951171875,1.0,0.0003,-0.1022,0.1304,59.54,BULLISH,BUY,100.0,N/A,N/A,N/A,N/A
2026-05-09 11:08:56,^NSEI,SPOT,0,N/A,24176.150390625,0,0,0,0,59.23,BEARISH,SELL,59.2,N/A,N/A,N/A,N/A
2026-05-09 11:08:57,^NSEBANK,SPOT,0,N/A,55310.55078125,0,0,0,0,71.48,BULLISH,HOLD,0,N/A,N/A,N/A,N/A
2026-05-09 11:08:58,BTC-USD,SPOT,0,N/A,80464.796875,0,0,0,0,49.37,BULLISH,BUY,50.6,N/A,N/A,N/A,N/A
2026-05-09 11:08:59,ETH-USD,SPOT,0,N/A,2317.8798828125,0,0,0,0,53.46,BULLISH,BUY,46.5,N/A,N/A,N/A,N/A
2026-05-09 11:12:01,SPY,CALL,721.0,2026-05-11,737.6199951171875,1.0,0.0003,-0.1022,0.1304,59.54,BULLISH,BUY,100.0,N/A,N/A,N/A,N/A
2026-05-09 11:12:02,^NSEI,SPOT,0,N/A,24176.150390625,0,0,0,0,59.23,BEARISH,SELL,59.2,N/A,N/A,N/A,N/A
2026-05-09 11:12:03,^NSEBANK,SPOT,0,N/A,55310.55078125,0,0,0,0,71.48,BULLISH,HOLD,0,N/A,N/A,N/A,N/A
2026-05-09 11:12:04,BTC-USD,SPOT,0,N/A,80472.53125,0,0,0,0,50.59,BULLISH,BUY,49.4,N/A,N/A,N/A,N/A
2026-05-09 11:12:06,ETH-USD,SPOT,0,N/A,2317.330078125,0,0,0,0,51.76,BULLISH,BUY,48.2,N/A,N/A,N/A,N/A
2026-05-09 11:15:07,SPY,CALL,721.0,2026-05-11,737.6199951171875,1.0,0.0003,-0.1022,0.1304,59.54,BULLISH,BUY,100.0,N/A,N/A,N/A,N/A
2026-05-09 11:15:08,^NSEI,SPOT,0,N/A,24176.150390625,0,0,0,0,59.23,BEARISH,SELL,59.2,N/A,N/A,N/A,N/A
2026-05-09 11:15:09,^NSEBANK,SPOT,0,N/A,55310.55078125,0,0,0,0,71.48,BULLISH,HOLD,0,N/A,N/A,N/A,N/A
2026-05-09 11:15:10,BTC-USD,SPOT,0,N/A,80468.140625,0,0,0,0,54.97,BULLISH,BUY,45.0,N/A,N/A,N/A,N/A
2026-05-09 11:15:11,ETH-USD,SPOT,0,N/A,2316.89990234375,0,0,0,0,50.39,BULLISH,BUY,49.6,N/A,N/A,N/A,N/A
2026-05-09 11:18:13,SPY,CALL,721.0,2026-05-11,737.6199951171875,1.0,0.0003,-0.1022,0.1304,59.54,BULLISH,BUY,100.0,N/A,N/A,N/A,N/A
2026-05-09 11:18:14,^NSEI,SPOT,0,N/A,24176.150390625,0,0,0,0,59.23,BEARISH,SELL,59.2,N/A,N/A,N/A,N/A
2026-05-09 11:18:15,^NSEBANK,SPOT,0,N/A,55310.55078125,0,0,0,0,71.48,BULLISH,HOLD,0,N/A,N/A,N/A,N/A
2026-05-09 11:18:16,BTC-USD,SPOT,0,N/A,80419.7890625,0,0,0,0,47.15,BEARISH,SELL,47.2,N/A,N/A,N/A,N/A
2026-05-09 11:18:17,ETH-USD,SPOT,0,N/A,2316.030029296875,0,0,0,0,54.79,BULLISH,BUY,45.2,N/A,N/A,N/A,N/A
2026-05-09 11:21:18,SPY,CALL,721.0,2026-05-11,737.6199951171875,1.0,0.0003,-0.1022,0.1304,59.54,BULLISH,BUY,100.0,N/A,N/A,N/A,N/A
2026-05-09 11:21:19,^NSEI,SPOT,0,N/A,24176.150390625,0,0,0,0,59.23,BEARISH,SELL,59.2,N/A,N/A,N/A,N/A
2026-05-09 11:21:19,^NSEBANK,SPOT,0,N/A,55310.55078125,0,0,0,0,71.48,BULLISH,HOLD,0,N/A,N/A,N/A,N/A
2026-05-09 11:21:20,BTC-USD,SPOT,0,N/A,80396.34375,0,0,0,0,49.78,BEARISH,SELL,49.8,N/A,N/A,N/A,N/A
2026-05-09 11:21:21,ETH-USD,SPOT,0,N/A,2315.340087890625,0,0,0,0,56.44,BEARISH,SELL,56.4,N/A,N/A,N/A,N/A
2026-05-09 11:24:22,SPY,CALL,721.0,2026-05-11,737.6199951171875,1.0,0.0003,-0.1022,0.1304,59.54,BULLISH,BUY,100.0,N/A,N/A,N/A,N/A
2026-05-09 11:24:23,^NSEI,SPOT,0,N/A,24176.150390625,0,0,0,0,59.23,BEARISH,SELL,59.2,N/A,N/A,N/A,N/A
2026-05-09 11:24:24,^NSEBANK,SPOT,0,N/A,55310.55078125,0,0,0,0,71.48,BULLISH,HOLD,0,N/A,N/A,N/A,N/A
2026-05-09 11:24:25,BTC-USD,SPOT,0,N/A,80373.4375,0,0,0,0,46.47,BEARISH,SELL,46.5,N/A,N/A,N/A,N/A
2026-05-09 11:24:26,ETH-USD,SPOT,0,N/A,2314.68994140625,0,0,0,0,54.02,BEARISH,SELL,54.0,N/A,N/A,N/A,N/A
2026-05-09 11:28:25,SPY,CALL,721.0,2026-05-11,737.6199951171875,1.0,0.0003,-0.1022,0.1304,59.54,BULLISH,BUY,100.0,N/A,N/A,N/A,N/A
2026-05-09 11:28:25,^NSEI,SPOT,0,N/A,24176.150390625,0,0,0,0,59.23,BEARISH,SELL,59.2,N/A,N/A,N/A,N/A
2026-05-09 11:28:26,^NSEBANK,SPOT,0,N/A,55310.55078125,0,0,0,0,71.48,BULLISH,HOLD,0,N/A,N/A,N/A,N/A
2026-05-09 11:28:27,BTC-USD,SPOT,0,N/A,80386.40625,0,0,0,0,42.11,BEARISH,SELL,42.1,N/A,N/A,N/A,N/A
2026-05-09 11:28:27,ETH-USD,SPOT,0,N/A,2315.320068359375,0,0,0,0,54.88,BULLISH,BUY,45.1,N/A,N/A,N/A,N/A
2026-05-09 11:31:28,SPY,CALL,721.0,2026-05-11,737.6199951171875,1.0,0.0003,-0.1022,0.1304,59.54,BULLISH,BUY,100.0,N/A,N/A,N/A,N/A
2026-05-09 11:31:29,^NSEI,SPOT,0,N/A,24176.150390625,0,0,0,0,59.23,BEARISH,SELL,59.2,N/A,N/A,N/A,N/A
2026-05-09 11:31:29,^NSEBANK,SPOT,0,N/A,55310.55078125,0,0,0,0,71.48,BULLISH,HOLD,0,N/A,N/A,N/A,N/A
2026-05-09 11:31:30,BTC-USD,SPOT,0,N/A,80382.8203125,0,0,0,0,50.33,BEARISH,SELL,50.3,N/A,N/A,N/A,N/A
2026-05-09 11:31:31,ETH-USD,SPOT,0,N/A,2315.77001953125,0,0,0,0,61.9,BULLISH,BUY,38.1,N/A,N/A,N/A,N/A
2026-05-09 11:34:32,SPY,CALL,721.0,2026-05-11,737.6199951171875,1.0,0.0003,-0.1022,0.1304,59.54,BULLISH,BUY,100.0,N/A,N/A,N/A,N/A
2026-05-09 11:34:33,^NSEI,SPOT,0,N/A,24176.150390625,0,0,0,0,59.23,BEARISH,SELL,59.2,N/A,N/A,N/A,N/A
2026-05-09 11:34:33,^NSEBANK,SPOT,0,N/A,55310.55078125,0,0,0,0,71.48,BULLISH,HOLD,0,N/A,N/A,N/A,N/A
2026-05-09 11:34:34,BTC-USD,SPOT,0,N/A,80409.140625,0,0,0,0,54.87,BEARISH,SELL,54.9,N/A,N/A,N/A,N/A
2026-05-09 11:34:35,ETH-USD,SPOT,0,N/A,2317.610107421875,0,0,0,0,66.45,BULLISH,HOLD,0,N/A,N/A,N/A,N/A
2026-05-09 11:37:37,SPY,CALL,721.0,2026-05-11,737.6199951171875,1.0,0.0003,-0.1022,0.1304,59.54,BULLISH,BUY,100.0,N/A,N/A,N/A,N/A
2026-05-09 11:37:38,^NSEI,SPOT,0,N/A,24176.150390625,0,0,0,0,59.23,BEARISH,SELL,59.2,N/A,N/A,N/A,N/A
2026-05-09 11:37:39,^NSEBANK,SPOT,0,N/A,55310.55078125,0,0,0,0,71.48,BULLISH,HOLD,0,N/A,N/A,N/A,N/A
2026-05-09 11:37:39,BTC-USD,SPOT,0,N/A,80409.96875,0,0,0,0,54.37,BEARISH,SELL,54.4,N/A,N/A,N/A,N/A
2026-05-09 11:37:40,ETH-USD,SPOT,0,N/A,2317.639892578125,0,0,0,0,66.21,BULLISH,HOLD,0,N/A,N/A,N/A,N/A
2026-05-09 11:42:58,SPY,CALL,721.0,2026-05-11,737.6199951171875,1.0,0.0003,-0.1022,0.1304,59.54,BULLISH,BUY,100.0,N/A,N/A,N/A,N/A
2026-05-09 11:43:00,^NSEI,PUT,24200.0,2026-05-16,24176.150390625,-0.497,0.0006,-18.9279,0.2,59.23,BEARISH,BUY,49.7,N/A,N/A,N/A,N/A
2026-05-09 11:43:01,^NSEBANK,CALL,55300.0,2026-05-16,55310.55078125,0.521,0.0003,-50.9522,0.2,71.48,BULLISH,HOLD,0,N/A,N/A,N/A,N/A
2026-05-09 11:43:03,BTC-USD,PUT,80400.0,2026-05-16,80385.671875,-0.485,0.0002,-63.0301,0.2,54.85,BEARISH,BUY,48.5,N/A,N/A,N/A,N/A
2026-05-09 11:43:04,ETH-USD,CALL,2300.0,2026-05-16,2317.97998046875,0.636,0.0063,-2.0569,0.2,67.05,BULLISH,HOLD,0,N/A,N/A,N/A,N/A
2026-05-09 11:46:06,SPY,CALL,721.0,2026-05-11,737.6199951171875,1.0,0.0003,-0.1022,0.1304,59.54,BULLISH,BUY,100.0,N/A,N/A,N/A,N/A
2026-05-09 11:46:07,^NSEI,PUT,24200.0,2026-05-16,24176.150390625,-0.497,0.0006,-18.9279,0.2,59.23,BEARISH,BUY,49.7,N/A,N/A,N/A,N/A
2026-05-09 11:46:08,^NSEBANK,CALL,55300.0,2026-05-16,55310.55078125,0.521,0.0003,-50.9522,0.2,71.48,BULLISH,HOLD,0,N/A,N/A,N/A,N/A
2026-05-09 11:46:09,BTC-USD,PUT,80400.0,2026-05-16,80396.8125,-0.483,0.0002,-63.0483,0.2,54.59,BEARISH,BUY,48.3,N/A,N/A,N/A,N/A
2026-05-09 11:46:10,ETH-USD,CALL,2300.0,2026-05-16,2317.580078125,0.634,0.0063,-2.0601,0.2,62.66,BULLISH,BUY,63.4,N/A,N/A,N/A,N/A
2026-05-09 11:49:12,SPY,CALL,721.0,2026-05-11,737.6199951171875,1.0,0.0003,-0.1022,0.1304,59.54,BULLISH,BUY,100.0,N/A,N/A,N/A,N/A
2026-05-09 11:49:13,^NSEI,PUT,24200.0,2026-05-16,24176.150390625,-0.497,0.0006,-18.9279,0.2,59.23,BEARISH,BUY,49.7,N/A,N/A,N/A,N/A
2026-05-09 11:49:14,^NSEBANK,CALL,55300.0,2026-05-16,55310.55078125,0.521,0.0003,-50.9522,0.2,71.48,BULLISH,HOLD,0,N/A,N/A,N/A,N/A
2026-05-09 11:49:15,BTC-USD,PUT,80300.0,2026-05-16,80347.6171875,-0.473,0.0002,-63.0274,0.2,45.22,BEARISH,BUY,47.3,N/A,N/A,N/A,N/A
2026-05-09 11:49:16,ETH-USD,CALL,2300.0,2026-05-16,2315.77001953125,0.622,0.0064,-2.0736,0.2,56.47,BULLISH,BUY,62.2,N/A,N/A,N/A,N/A
2026-05-09 11:52:18,SPY,CALL,721.0,2026-05-11,737.6199951171875,1.0,0.0003,-0.1022,0.1304,59.54,BULLISH,BUY,100.0,N/A,N/A,N/A,N/A
2026-05-09 11:52:19,^NSEI,PUT,24200.0,2026-05-16,24176.150390625,-0.497,0.0006,-18.9279,0.2,59.23,BEARISH,BUY,49.7,N/A,N/A,N/A,N/A
2026-05-09 11:52:20,^NSEBANK,CALL,55300.0,2026-05-16,55310.55078125,0.521,0.0003,-50.9522,0.2,71.48,BULLISH,HOLD,0,N/A,N/A,N/A,N/A
2026-05-09 11:52:21,BTC-USD,PUT,80300.0,2026-05-16,80319.40625,-0.478,0.0002,-63.0006,0.2,43.46,BEARISH,BUY,47.8,N/A,N/A,N/A,N/A
2026-05-09 11:52:22,ETH-USD,CALL,2300.0,2026-05-16,2315.81005859375,0.622,0.0064,-2.0733,0.2,55.33,BULLISH,BUY,62.2,N/A,N/A,N/A,N/A
2026-05-09 11:57:42,SPY,CALL,721.0,2026-05-11,737.6199951171875,1.0,0.0003,-0.1022,0.1304,59.54,BULLISH,BUY,100.0,N/A,N/A,N/A,N/A
2026-05-09 11:57:43,^NSEI,PUT,24200.0,2026-05-16,24176.150390625,-0.497,0.0006,-18.9279,0.2,59.23,BEARISH,BUY,49.7,N/A,N/A,N/A,N/A
2026-05-09 11:57:45,^NSEBANK,CALL,55300.0,2026-05-16,55310.55078125,0.521,0.0003,-50.9522,0.2,71.48,BULLISH,HOLD,0,N/A,N/A,N/A,N/A
2026-05-09 11:57:46,BTC-USD,CALL,80300.0,2026-05-16,80307.84375,0.519,0.0002,-73.9769,0.2,31.36,BEARISH,SELL,0,N/A,N/A,N/A,N/A
2026-05-09 11:57:47,ETH-USD,CALL,2300.0,2026-05-16,2316.10009765625,0.624,0.0064,-2.0712,0.2,51.93,BULLISH,BUY,62.4,N/A,N/A,N/A,N/A
2026-05-09 12:00:49,SPY,CALL,721.0,2026-05-11,737.6199951171875,1.0,0.0003,-0.1022,0.1304,59.54,BULLISH,BUY,100.0,N/A,N/A,N/A,N/A
2026-05-09 12:00:50,^NSEI,PUT,24200.0,2026-05-16,24176.150390625,-0.497,0.0006,-18.9279,0.2,59.23,BEARISH,BUY,49.7,N/A,N/A,N/A,N/A
2026-05-09 12:00:51,^NSEBANK,CALL,55300.0,2026-05-16,55310.55078125,0.521,0.0003,-50.9522,0.2,71.48,BULLISH,HOLD,0,N/A,N/A,N/A,N/A
2026-05-09 12:00:52,BTC-USD,CALL,80300.0,2026-05-16,80324.078125,0.523,0.0002,-73.9969,0.2,31.76,BEARISH,SELL,0,N/A,N/A,N/A,N/A
2026-05-09 12:09:42,SPY,CALL,721.0,2026-05-11,737.6199951171875,1.0,0.0003,-0.1022,0.1304,59.54,BULLISH,BUY,100.0,N/A,N/A,N/A,N/A
2026-05-09 12:09:44,^NSEI,PUT,24200.0,2026-05-16,24176.150390625,-0.497,0.0006,-18.9279,0.2,59.23,BEARISH,BUY,49.7,N/A,N/A,N/A,N/A
2026-05-09 12:09:45,^NSEBANK,CALL,55300.0,2026-05-16,55310.55078125,0.521,0.0003,-50.9522,0.2,71.48,BULLISH,HOLD,0,N/A,N/A,N/A,N/A
2026-05-09 12:09:47,BTC-USD,CALL,80200.0,2026-05-16,80221.2265625,0.522,0.0002,-73.9015,0.2,25.85,BEARISH,SELL,0,N/A,N/A,N/A,N/A
2026-05-09 12:09:48,ETH-USD,CALL,2300.0,2026-05-16,2314.18994140625,0.612,0.0065,-2.084,0.2,47.06,BEARISH,SELL,0,N/A,N/A,N/A,N/A
2026-05-09 12:22:32,SPY,CALL,721.0,2026-05-11,737.6199951171875,1.0,0.0003,-0.1022,0.1304,59.54,BULLISH,BUY,100.0,N/A,N/A,N/A,N/A
2026-05-09 12:22:33,^NSEI,PUT,24200.0,2026-05-16,24176.150390625,-0.497,0.0006,-18.9279,0.2,59.23,BEARISH,BUY,49.7,N/A,N/A,N/A,N/A
2026-05-09 12:22:34,^NSEBANK,CALL,55300.0,2026-05-16,55310.55078125,0.521,0.0003,-50.9522,0.2,71.48,BULLISH,HOLD,0,N/A,N/A,N/A,N/A
2026-05-09 12:22:35,BTC-USD,CALL,80200.0,2026-05-16,80222.5078125,0.522,0.0002,-73.903,0.2,24.05,BEARISH,SELL,0,N/A,N/A,N/A,N/A
2026-05-09 12:22:37,ETH-USD,CALL,2300.0,2026-05-16,2313.47998046875,0.607,0.0065,-2.0883,0.2,41.72,BEARISH,SELL,0,N/A,N/A,N/A,N/A
2026-05-09 12:25:40,SPY,CALL,721.0,2026-05-11,737.6199951171875,1.0,0.0003,-0.1022,0.1304,59.54,BULLISH,BUY,100.0,N/A,N/A,N/A,N/A
2026-05-09 12:25:41,^NSEI,PUT,24200.0,2026-05-16,24176.150390625,-0.497,0.0006,-18.9279,0.2,59.23,BEARISH,BUY,49.7,N/A,N/A,N/A,N/A
2026-05-09 12:25:42,^NSEBANK,CALL,55300.0,2026-05-16,55310.55078125,0.521,0.0003,-50.9522,0.2,71.48,BULLISH,HOLD,0,N/A,N/A,N/A,N/A
2026-05-09 12:25:44,BTC-USD,CALL,80200.0,2026-05-16,80228.90625,0.523,0.0002,-73.9099,0.2,31.48,BEARISH,SELL,0,N/A,N/A,N/A,N/A
2026-05-09 12:25:46,ETH-USD,CALL,2300.0,2026-05-16,2313.719970703125,0.609,0.0065,-2.0869,0.2,46.5,BEARISH,SELL,0,N/A,N/A,N/A,N/A
2026-05-09 12:28:47,SPY,CALL,721.0,2026-05-11,737.6199951171875,1.0,0.0003,-0.1022,0.1304,59.54,BULLISH,BUY,100.0,N/A,N/A,N/A,N/A
2026-05-09 12:28:49,^NSEI,PUT,24200.0,2026-05-16,24176.150390625,-0.497,0.0006,-18.9279,0.2,59.23,BEARISH,BUY,49.7,N/A,N/A,N/A,N/A
2026-05-09 12:28:50,^NSEBANK,CALL,55300.0,2026-05-16,55310.55078125,0.521,0.0003,-50.9522,0.2,71.48,BULLISH,HOLD,0,N/A,N/A,N/A,N/A
2026-05-09 12:28:52,BTC-USD,CALL,80200.0,2026-05-16,80229.1796875,0.524,0.0002,-73.9101,0.2,31.53,BEARISH,SELL,0,N/A,N/A,N/A,N/A
2026-05-09 12:28:53,ETH-USD,CALL,2300.0,2026-05-16,2314.02001953125,0.611,0.0065,-2.0851,0.2,47.27,BEARISH,SELL,0,N/A,N/A,N/A,N/A
2026-05-09 12:31:51,SPY,CALL,721.0,2026-05-11,737.6199951171875,1.0,0.0003,-0.1022,0.1304,59.54,BULLISH,BUY,100.0,N/A,N/A,N/A,N/A
2026-05-09 12:31:53,^NSEI,PUT,24200.0,2026-05-16,24176.150390625,-0.497,0.0006,-18.9279,0.2,59.23,BEARISH,BUY,49.7,N/A,N/A,N/A,N/A
2026-05-09 12:31:54,^NSEBANK,CALL,55300.0,2026-05-16,55310.55078125,0.521,0.0003,-50.9522,0.2,71.48,BULLISH,HOLD,0,N/A,N/A,N/A,N/A
2026-05-09 12:31:54,BTC-USD,CALL,80200.0,2026-05-16,80239.1015625,0.525,0.0002,-73.9195,0.2,34.64,BEARISH,SELL,0,N/A,N/A,N/A,N/A
2026-05-09 12:31:55,ETH-USD,CALL,2300.0,2026-05-16,2315.1298828125,0.618,0.0064,-2.078,0.2,50.05,BEARISH,SELL,0,N/A,N/A,N/A,N/A
2026-05-09 12:34:56,SPY,CALL,721.0,2026-05-11,737.6199951171875,1.0,0.0003,-0.1022,0.1304,59.54,BULLISH,BUY,100.0,N/A,N/A,N/A,N/A
2026-05-09 12:34:57,^NSEI,PUT,24200.0,2026-05-16,24176.150390625,-0.497,0.0006,-18.9279,0.2,59.23,BEARISH,BUY,49.7,N/A,N/A,N/A,N/A
2026-05-09 12:34:58,^NSEBANK,CALL,55300.0,2026-05-16,55310.55078125,0.521,0.0003,-50.9522,0.2,71.48,BULLISH,HOLD,0,N/A,N/A,N/A,N/A
2026-05-09 12:34:59,BTC-USD,CALL,80200.0,2026-05-16,80207.0234375,0.519,0.0002,-73.8836,0.2,32.35,BEARISH,SELL,0,N/A,N/A,N/A,N/A
2026-05-09 12:34:59,ETH-USD,CALL,2300.0,2026-05-16,2314.360107421875,0.613,0.0064,-2.083,0.2,48.23,BEARISH,SELL,0,N/A,N/A,N/A,N/A
2026-05-09 12:36:43,SPY,CALL,721.0,2026-05-11,737.6199951171875,1.0,0.0003,-0.1022,0.1304,59.54,BULLISH,BUY,100.0,N/A,N/A,N/A,N/A
2026-05-09 12:36:44,^NSEI,PUT,24200.0,2026-05-16,24176.150390625,-0.497,0.0006,-18.9279,0.2,59.23,BEARISH,BUY,49.7,N/A,N/A,N/A,N/A
2026-05-09 12:36:45,^NSEBANK,CALL,55300.0,2026-05-16,55310.55078125,0.521,0.0003,-50.9522,0.2,71.48,BULLISH,HOLD,0,N/A,N/A,N/A,N/A
2026-05-09 12:36:46,BTC-USD,CALL,80200.0,2026-05-16,80187.4296875,0.515,0.0002,-73.8535,0.2,31.38,BEARISH,SELL,0,N/A,N/A,N/A,N/A
2026-05-09 12:36:47,ETH-USD,CALL,2300.0,2026-05-16,2313.72998046875,0.609,0.0065,-2.0868,0.2,47.98,BEARISH,SELL,0,N/A,N/A,N/A,N/A
2026-05-09 12:39:49,SPY,CALL,721.0,2026-05-11,737.6199951171875,1.0,0.0003,-0.1022,0.1304,59.54,BULLISH,BUY,100.0,N/A,N/A,N/A,N/A
2026-05-09 12:39:50,^NSEI,PUT,24200.0,2026-05-16,24176.150390625,-0.497,0.0006,-18.9279,0.2,59.23,BEARISH,BUY,49.7,N/A,N/A,N/A,N/A
2026-05-09 12:39:51,^NSEBANK,CALL,55300.0,2026-05-16,55310.55078125,0.521,0.0003,-50.9522,0.2,71.48,BULLISH,HOLD,0,N/A,N/A,N/A,N/A
2026-05-09 12:39:52,BTC-USD,CALL,80100.0,2026-05-16,80138.453125,0.525,0.0002,-73.8268,0.2,28.59,BEARISH,SELL,0,N/A,N/A,N/A,N/A
2026-05-09 12:39:53,ETH-USD,PUT,2300.0,2026-05-16,2311.3701171875,-0.406,0.0065,-1.7847,0.2,43.13,BEARISH,BUY,40.6,N/A,N/A,N/A,N/A
2026-05-09 12:52:02,SPY,CALL,721.0,2026-05-11,737.6199951171875,1.0,0.0003,-0.1022,0.1304,59.54,BULLISH,BUY,100.0,N/A,N/A,N/A,N/A
2026-05-09 12:52:03,^NSEI,PUT,24200.0,2026-05-16,24176.150390625,-0.497,0.0006,-18.9279,0.2,59.23,BEARISH,BUY,49.7,N/A,N/A,N/A,N/A
2026-05-09 12:52:04,^NSEBANK,CALL,55300.0,2026-05-16,55310.55078125,0.521,0.0003,-50.9522,0.2,71.48,BULLISH,HOLD,0,N/A,N/A,N/A,N/A
2026-05-09 12:52:06,BTC-USD,PUT,80200.0,2026-05-16,80237.5625,-0.475,0.0002,-62.9408,0.2,35.55,BEARISH,BUY,47.5,N/A,N/A,N/A,N/A
2026-05-09 12:52:07,ETH-USD,CALL,2300.0,2026-05-16,2316.429931640625,0.626,0.0064,-2.0688,0.2,46.0,BULLISH,BUY,62.6,N/A,N/A,N/A,N/A
2026-05-09 12:53:06,SPY,CALL,721.0,2026-05-11,737.6199951171875,1.0,0.0003,-0.1022,0.1304,59.54,BULLISH,BUY,100.0,N/A,N/A,N/A,N/A
2026-05-09 12:53:07,^NSEI,PUT,24200.0,2026-05-16,24176.150390625,-0.497,0.0006,-18.9279,0.2,59.23,BEARISH,BUY,49.7,N/A,N/A,N/A,N/A
2026-05-09 12:53:07,^NSEBANK,CALL,55300.0,2026-05-16,55310.55078125,0.521,0.0003,-50.9522,0.2,71.48,BULLISH,HOLD,0,N/A,N/A,N/A,N/A
2026-05-09 12:53:08,BTC-USD,PUT,80300.0,2026-05-16,80255.6171875,-0.491,0.0002,-62.8926,0.2,37.44,BEARISH,BUY,49.1,N/A,N/A,N/A,N/A
2026-05-09 12:53:09,ETH-USD,CALL,2300.0,2026-05-16,2316.6201171875,0.628,0.0064,-2.0674,0.2,46.44,BULLISH,BUY,62.8,N/A,N/A,N/A,N/A
2026-05-09 12:56:11,SPY,CALL,721.0,2026-05-11,737.6199951171875,1.0,0.0003,-0.1022,0.1304,59.54,BULLISH,BUY,100.0,N/A,N/A,N/A,N/A
2026-05-09 12:56:12,^NSEI,PUT,24200.0,2026-05-16,24176.150390625,-0.497,0.0006,-18.9279,0.2,59.23,BEARISH,BUY,49.7,N/A,N/A,N/A,N/A
2026-05-09 12:56:13,^NSEBANK,CALL,55300.0,2026-05-16,55310.55078125,0.521,0.0003,-50.9522,0.2,71.48,BULLISH,HOLD,0,N/A,N/A,N/A,N/A
2026-05-09 12:56:15,BTC-USD,PUT,80300.0,2026-05-16,80266.40625,-0.489,0.0002,-62.9155,0.2,46.52,BEARISH,BUY,48.9,N/A,N/A,N/A,N/A
2026-05-09 12:56:15,ETH-USD,CALL,2300.0,2026-05-16,2317.429931640625,0.633,0.0063,-2.0612,0.2,55.6,BULLISH,BUY,63.3,N/A,N/A,N/A,N/A
2026-05-09 12:59:19,SPY,CALL,721.0,2026-05-11,737.6199951171875,1.0,0.0003,-0.1022,0.1304,59.54,BULLISH,BUY,100.0,N/A,N/A,N/A,N/A
2026-05-09 12:59:21,^NSEI,PUT,24200.0,2026-05-16,24176.150390625,-0.497,0.0006,-18.9279,0.2,59.23,BEARISH,BUY,49.7,N/A,N/A,N/A,N/A
2026-05-09 12:59:23,^NSEBANK,CALL,55300.0,2026-05-16,55310.55078125,0.521,0.0003,-50.9522,0.2,71.48,BULLISH,HOLD,0,N/A,N/A,N/A,N/A
2026-05-09 12:59:25,BTC-USD,PUT,80200.0,2026-05-16,80237.578125,-0.475,0.0002,-62.9409,0.2,43.9,BEARISH,BUY,47.5,N/A,N/A,N/A,N/A
2026-05-09 12:59:29,ETH-USD,CALL,2300.0,2026-05-16,2316.010009765625,0.624,0.0064,-2.0719,0.2,52.19,BULLISH,BUY,62.4,N/A,N/A,N/A,N/A
2026-05-09 13:02:32,SPY,CALL,721.0,2026-05-11,737.6199951171875,1.0,0.0003,-0.1022,0.1304,59.54,BULLISH,BUY,100.0,N/A,N/A,N/A,N/A
2026-05-09 13:02:33,^NSEI,PUT,24200.0,2026-05-16,24176.150390625,-0.497,0.0006,-18.9279,0.2,59.23,BEARISH,BUY,49.7,N/A,N/A,N/A,N/A
2026-05-09 13:02:35,^NSEBANK,CALL,55300.0,2026-05-16,55310.55078125,0.521,0.0003,-50.9522,0.2,71.48,BULLISH,HOLD,0,N/A,N/A,N/A,N/A
2026-05-09 13:02:38,BTC-USD,PUT,80300.0,2026-05-16,80264.40625,-0.489,0.0002,-62.9114,0.2,46.53,BEARISH,BUY,48.9,N/A,N/A,N/A,N/A
2026-05-09 13:02:44,ETH-USD,CALL,2300.0,2026-05-16,2317.280029296875,0.632,0.0063,-2.0624,0.2,53.44,BULLISH,BUY,63.2,N/A,N/A,N/A,N/A
2026-05-09 13:05:45,SPY,CALL,721.0,2026-05-11,737.6199951171875,1.0,0.0003,-0.1022,0.1304,59.54,BULLISH,BUY,100.0,N/A,N/A,N/A,N/A
2026-05-09 13:05:46,^NSEI,PUT,24200.0,2026-05-16,24176.150390625,-0.497,0.0006,-18.9279,0.2,59.23,BEARISH,BUY,49.7,N/A,N/A,N/A,N/A
2026-05-09 13:05:46,^NSEBANK,CALL,55300.0,2026-05-16,55310.55078125,0.521,0.0003,-50.9522,0.2,71.48,BULLISH,HOLD,0,N/A,N/A,N/A,N/A
2026-05-09 13:05:47,BTC-USD,PUT,80300.0,2026-05-16,80258.640625,-0.49,0.0002,-62.8992,0.2,45.49,BEARISH,BUY,49.0,N/A,N/A,N/A,N/A
2026-05-09 13:05:48,ETH-USD,CALL,2300.0,2026-05-16,2316.5,0.627,0.0064,-2.0683,0.2,48.99,BULLISH,BUY,62.7,N/A,N/A,N/A,N/A
2026-05-09 13:08:12,SPY,CALL,721.0,2026-05-11,737.6199951171875,1.0,0.0003,-0.1022,0.1304,59.54,BULLISH,BUY,100.0,N/A,N/A,N/A,N/A
2026-05-09 13:08:13,^NSEI,PUT,24200.0,2026-05-16,24176.150390625,-0.497,0.0006,-18.9279,0.2,59.23,BEARISH,BUY,49.7,N/A,N/A,N/A,N/A
2026-05-09 13:08:14,^NSEBANK,CALL,55300.0,2026-05-16,55310.55078125,0.521,0.0003,-50.9522,0.2,71.48,BULLISH,HOLD,0,N/A,N/A,N/A,N/A
2026-05-09 13:08:15,BTC-USD,PUT,80200.0,2026-05-16,80238.6015625,-0.475,0.0002,-62.9418,0.2,43.93,BEARISH,BUY,47.5,N/A,N/A,N/A,N/A
2026-05-09 13:08:16,ETH-USD,CALL,2300.0,2026-05-16,2315.77001953125,0.622,0.0064,-2.0736,0.2,47.35,BULLISH,BUY,62.2,N/A,N/A,N/A,N/A
2026-05-09 13:11:18,SPY,CALL,721.0,2026-05-11,737.6199951171875,1.0,0.0003,-0.1022,0.1304,59.54,BULLISH,BUY,100.0,N/A,N/A,N/A,N/A
2026-05-09 13:11:18,^NSEI,PUT,24200.0,2026-05-16,24176.150390625,-0.497,0.0006,-18.9279,0.2,59.23,BEARISH,BUY,49.7,N/A,N/A,N/A,N/A
2026-05-09 13:11:19,^NSEBANK,CALL,55300.0,2026-05-16,55310.55078125,0.521,0.0003,-50.9522,0.2,71.48,BULLISH,HOLD,0,N/A,N/A,N/A,N/A
2026-05-09 13:11:20,BTC-USD,PUT,80200.0,2026-05-16,80230.21875,-0.476,0.0002,-62.9339,0.2,39.67,BEARISH,BUY,47.6,N/A,N/A,N/A,N/A
2026-05-09 13:11:21,ETH-USD,CALL,2300.0,2026-05-16,2315.530029296875,0.621,0.0064,-2.0752,0.2,41.57,BEARISH,SELL,0,N/A,N/A,N/A,N/A
2026-05-09 13:14:23,SPY,CALL,721.0,2026-05-11,737.6199951171875,1.0,0.0003,-0.1022,0.1304,59.54,BULLISH,BUY,100.0,N/A,N/A,N/A,N/A
2026-05-09 13:14:26,^NSEI,PUT,24200.0,2026-05-16,24176.150390625,-0.497,0.0006,-18.9279,0.2,59.23,BEARISH,BUY,49.7,N/A,N/A,N/A,N/A
2026-05-09 13:14:27,^NSEBANK,CALL,55300.0,2026-05-16,55310.55078125,0.521,0.0003,-50.9522,0.2,71.48,BULLISH,HOLD,0,N/A,N/A,N/A,N/A
2026-05-09 13:14:29,BTC-USD,PUT,80200.0,2026-05-16,80201.7109375,-0.482,0.0002,-62.8988,0.2,37.74,BEARISH,BUY,48.2,N/A,N/A,N/A,N/A
2026-05-09 13:14:30,ETH-USD,CALL,2300.0,2026-05-16,2315.31005859375,0.619,0.0064,-2.0767,0.2,41.12,BEARISH,SELL,0,N/A,N/A,N/A,N/A
2026-05-09 13:17:33,SPY,CALL,721.0,2026-05-11,737.6199951171875,1.0,0.0003,-0.1022,0.1304,59.54,BULLISH,BUY,100.0,N/A,N/A,N/A,N/A
2026-05-09 13:17:36,^NSEI,PUT,24200.0,2026-05-16,24176.150390625,-0.497,0.0006,-18.9279,0.2,59.23,BEARISH,BUY,49.7,N/A,N/A,N/A,N/A
2026-05-09 13:17:37,^NSEBANK,CALL,55300.0,2026-05-16,55310.55078125,0.521,0.0003,-50.9522,0.2,71.48,BULLISH,HOLD,0,N/A,N/A,N/A,N/A
2026-05-09 13:17:39,BTC-USD,PUT,80200.0,2026-05-16,80165.7109375,-0.489,0.0002,-62.8357,0.2,44.85,BEARISH,BUY,48.9,N/A,N/A,N/A,N/A
2026-05-09 13:17:42,ETH-USD,CALL,2300.0,2026-05-16,2314.159912109375,0.612,0.0065,-2.0842,0.2,49.04,BEARISH,SELL,0,N/A,N/A,N/A,N/A
2026-05-09 13:21:20,SPY,CALL,721.0,2026-05-11,737.6199951171875,1.0,0.0003,-0.1022,0.1304,59.54,BULLISH,BUY,100.0,N/A,N/A,N/A,N/A
2026-05-09 13:21:23,^NSEI,PUT,24200.0,2026-05-16,24176.150390625,-0.497,0.0006,-18.9279,0.2,59.23,BEARISH,BUY,49.7,N/A,N/A,N/A,N/A
2026-05-09 13:21:24,^NSEBANK,CALL,55300.0,2026-05-16,55310.55078125,0.521,0.0003,-50.9522,0.2,71.48,BULLISH,HOLD,0,N/A,N/A,N/A,N/A
2026-05-09 13:21:26,BTC-USD,PUT,80200.0,2026-05-16,80217.2265625,-0.479,0.0002,-62.9195,0.2,51.04,BEARISH,BUY,47.9,N/A,N/A,N/A,N/A
2026-05-09 13:21:27,ETH-USD,CALL,2300.0,2026-05-16,2314.929931640625,0.617,0.0064,-2.0793,0.2,50.65,BEARISH,SELL,0,N/A,N/A,N/A,N/A
2026-05-12 08:32:29,SPY,CALL,726.0,2026-05-12,739.2999877929688,1.0,0.0,-0.0994,0.0,46.22,BULLISH,BUY,100.0,N/A,N/A,N/A,N/A
2026-05-12 08:32:32,^NSEI,CALL,23800.0,2026-05-19,23815.849609375,0.528,0.0007,-21.9394,0.2,21.17,BEARISH,SELL,0,N/A,N/A,N/A,N/A
2026-05-12 08:32:33,^NSEBANK,CALL,54400.0,2026-05-19,54439.8984375,0.529,0.0003,-50.1492,0.2,21.43,BEARISH,SELL,0,N/A,N/A,N/A,N/A
2026-05-12 08:32:36,BTC-USD,CALL,81300.0,2026-05-19,81250.75,0.508,0.0002,-74.794,0.2,54.81,BULLISH,BUY,50.8,N/A,N/A,N/A,N/A
2026-05-12 08:32:38,ETH-USD,CALL,2300.0,2026-05-19,2315.919921875,0.623,0.0064,-2.0725,0.2,56.51,BULLISH,BUY,62.3,N/A,N/A,N/A,N/A
2026-05-12 08:35:41,SPY,CALL,726.0,2026-05-12,739.2999877929688,1.0,0.0,-0.0994,0.0,46.22,BULLISH,BUY,100.0,N/A,N/A,N/A,N/A
2026-05-12 08:35:47,^NSEI,CALL,23800.0,2026-05-19,23815.849609375,0.528,0.0007,-21.9394,0.2,21.17,BEARISH,SELL,0,N/A,N/A,N/A,N/A
2026-05-12 08:35:50,^NSEBANK,CALL,54400.0,2026-05-19,54439.8984375,0.529,0.0003,-50.1492,0.2,21.43,BEARISH,SELL,0,N/A,N/A,N/A,N/A
2026-05-12 08:35:53,BTC-USD,CALL,81200.0,2026-05-19,81220.0,0.522,0.0002,-74.8213,0.2,53.01,BULLISH,BUY,52.2,N/A,N/A,N/A,N/A
2026-05-12 08:35:56,ETH-USD,CALL,2300.0,2026-05-19,2314.110107421875,0.612,0.0065,-2.0845,0.2,55.85,BULLISH,BUY,61.2,N/A,N/A,N/A,N/A
2026-05-12 08:39:00,SPY,CALL,726.0,2026-05-12,739.2999877929688,1.0,0.0,-0.0994,0.0,46.22,BULLISH,BUY,100.0,N/A,N/A,N/A,N/A
2026-05-12 08:39:02,^NSEI,CALL,23800.0,2026-05-19,23815.849609375,0.528,0.0007,-21.9394,0.2,21.17,BEARISH,SELL,0,N/A,N/A,N/A,N/A
2026-05-12 08:39:04,^NSEBANK,CALL,54400.0,2026-05-19,54439.8984375,0.529,0.0003,-50.1492,0.2,21.43,BEARISH,SELL,0,N/A,N/A,N/A,N/A
2026-05-12 08:39:06,BTC-USD,CALL,81200.0,2026-05-19,81228.7265625,0.523,0.0002,-74.8309,0.2,53.58,BULLISH,BUY,52.3,N/A,N/A,N/A,N/A
2026-05-12 08:39:08,ETH-USD,CALL,2300.0,2026-05-19,2315.639892578125,0.621,0.0064,-2.0745,0.2,58.24,BULLISH,BUY,62.1,N/A,N/A,N/A,N/A
2026-05-12 08:42:11,SPY,CALL,726.0,2026-05-12,739.2999877929688,1.0,0.0,-0.0994,0.0,46.22,BULLISH,BUY,100.0,N/A,N/A,N/A,N/A
2026-05-12 08:42:14,^NSEI,CALL,23800.0,2026-05-19,23815.849609375,0.528,0.0007,-21.9394,0.2,21.17,BEARISH,SELL,0,N/A,N/A,N/A,N/A
2026-05-12 08:42:16,^NSEBANK,CALL,54400.0,2026-05-19,54439.8984375,0.529,0.0003,-50.1492,0.2,21.43,BEARISH,SELL,0,N/A,N/A,N/A,N/A
2026-05-12 08:42:17,BTC-USD,CALL,81200.0,2026-05-19,81173.2109375,0.513,0.0002,-74.749,0.2,43.62,BULLISH,BUY,51.3,N/A,N/A,N/A,N/A
2026-05-12 08:42:20,ETH-USD,CALL,2300.0,2026-05-19,2312.419921875,0.601,0.0065,-2.0942,0.2,47.39,BULLISH,BUY,60.1,N/A,N/A,N/A,N/A
2026-05-12 08:45:21,SPY,CALL,726.0,2026-05-12,739.2999877929688,1.0,0.0,-0.0994,0.0,46.22,BULLISH,BUY,100.0,N/A,N/A,N/A,N/A
2026-05-12 08:45:22,^NSEI,CALL,23800.0,2026-05-19,23815.849609375,0.528,0.0007,-21.9394,0.2,21.17,BEARISH,SELL,0,N/A,N/A,N/A,N/A
2026-05-12 08:45:23,^NSEBANK,CALL,54400.0,2026-05-19,54439.8984375,0.529,0.0003,-50.1492,0.2,21.43,BEARISH,SELL,0,N/A,N/A,N/A,N/A
2026-05-12 08:45:24,BTC-USD,CALL,81200.0,2026-05-19,81200.828125,0.518,0.0002,-74.7959,0.2,45.68,BULLISH,BUY,51.8,N/A,N/A,N/A,N/A
2026-05-12 08:45:25,ETH-USD,CALL,2300.0,2026-05-19,2312.77001953125,0.603,0.0065,-2.0924,0.2,47.72,BULLISH,BUY,60.3,N/A,N/A,N/A,N/A
2026-05-12 08:48:26,SPY,CALL,726.0,2026-05-12,739.2999877929688,1.0,0.0,-0.0994,0.0,46.22,BULLISH,BUY,100.0,N/A,N/A,N/A,N/A
2026-05-12 08:48:27,^NSEI,CALL,23800.0,2026-05-19,23815.849609375,0.528,0.0007,-21.9394,0.2,21.17,BEARISH,SELL,0,N/A,N/A,N/A,N/A
2026-05-12 08:48:28,^NSEBANK,CALL,54400.0,2026-05-19,54439.8984375,0.529,0.0003,-50.1492,0.2,21.43,BEARISH,SELL,0,N/A,N/A,N/A,N/A
2026-05-12 08:48:30,BTC-USD,CALL,81200.0,2026-05-19,81220.296875,0.522,0.0002,-74.8216,0.2,47.2,BULLISH,BUY,52.2,N/A,N/A,N/A,N/A
2026-05-12 08:48:31,ETH-USD,CALL,2300.0,2026-05-19,2312.830078125,0.603,0.0065,-2.092,0.2,47.82,BULLISH,BUY,60.3,N/A,N/A,N/A,N/A
2026-05-12 08:51:32,SPY,CALL,726.0,2026-05-12,739.2999877929688,1.0,0.0,-0.0994,0.0,46.22,BULLISH,BUY,100.0,N/A,N/A,N/A,N/A
2026-05-12 08:51:34,^NSEI,CALL,23800.0,2026-05-19,23815.849609375,0.528,0.0007,-21.9394,0.2,21.17,BEARISH,SELL,0,N/A,N/A,N/A,N/A
2026-05-12 08:51:36,^NSEBANK,CALL,54400.0,2026-05-19,54439.8984375,0.529,0.0003,-50.1492,0.2,21.43,BEARISH,SELL,0,N/A,N/A,N/A,N/A
2026-05-12 08:51:38,BTC-USD,PUT,81200.0,2026-05-19,81185.8203125,-0.485,0.0002,-63.6578,0.2,41.57,BEARISH,BUY,48.5,N/A,N/A,N/A,N/A
2026-05-12 08:51:39,ETH-USD,CALL,2300.0,2026-05-19,2312.419921875,0.601,0.0065,-2.0942,0.2,45.27,BEARISH,SELL,0,N/A,N/A,N/A,N/A
2026-05-12 08:54:41,SPY,CALL,726.0,2026-05-12,739.2999877929688,1.0,0.0,-0.0994,0.0,46.22,BULLISH,BUY,100.0,N/A,N/A,N/A,N/A
2026-05-12 08:54:42,^NSEI,CALL,23800.0,2026-05-19,23815.849609375,0.528,0.0007,-21.9394,0.2,21.17,BEARISH,SELL,0,N/A,N/A,N/A,N/A
2026-05-12 08:54:44,^NSEBANK,CALL,54400.0,2026-05-19,54439.8984375,0.529,0.0003,-50.1492,0.2,21.43,BEARISH,SELL,0,N/A,N/A,N/A,N/A
2026-05-12 08:54:45,BTC-USD,PUT,81200.0,2026-05-19,81178.546875,-0.486,0.0002,-63.6449,0.2,41.08,BEARISH,BUY,48.6,N/A,N/A,N/A,N/A
2026-05-12 08:54:46,ETH-USD,PUT,2300.0,2026-05-19,2311.530029296875,-0.405,0.0065,-1.784,0.2,43.87,BEARISH,BUY,40.5,N/A,N/A,N/A,N/A
2026-05-12 11:04:25,SPY,CALL,739.0,2026-05-12,739.2999877929688,1.0,0.0,-0.1012,0.0,46.22,BULLISH,BUY,100.0,N/A,N/A,N/A,N/A
2026-05-12 11:04:26,^NSEI,PUT,23600.0,2026-05-19,23590.0,-0.489,0.0007,-18.4905,0.2,38.03,BEARISH,BUY,48.9,N/A,N/A,N/A,N/A
2026-05-12 11:04:27,^NSEBANK,CALL,53900.0,2026-05-19,53892.8984375,0.516,0.0003,-49.637,0.2,24.52,BEARISH,SELL,0,N/A,N/A,N/A,N/A
2026-05-12 11:04:29,BTC-USD,CALL,81200.0,2026-05-19,81222.1875,0.522,0.0002,-74.8238,0.2,58.89,BULLISH,BUY,52.2,N/A,N/A,N/A,N/A
2026-05-12 11:04:31,ETH-USD,CALL,2300.0,2026-05-19,2310.840087890625,0.59,0.0066,-2.102,0.2,50.2,BULLISH,BUY,59.0,N/A,N/A,N/A,N/A
2026-05-12 11:07:33,SPY,CALL,739.0,2026-05-12,739.2999877929688,1.0,0.0,-0.1012,0.0,46.22,BULLISH,BUY,100.0,N/A,N/A,N/A,N/A
2026-05-12 11:07:33,^NSEI,PUT,23600.0,2026-05-19,23584.69921875,-0.492,0.0007,-18.4789,0.2,39.42,BEARISH,BUY,49.2,N/A,N/A,N/A,N/A
2026-05-12 11:07:35,^NSEBANK,CALL,53900.0,2026-05-19,53878.30078125,0.512,0.0003,-49.6102,0.2,25.55,BEARISH,SELL,0,N/A,N/A,N/A,N/A
2026-05-12 11:07:36,BTC-USD,CALL,81200.0,2026-05-19,81209.0234375,0.52,0.0002,-74.8075,0.2,52.47,BULLISH,BUY,52.0,N/A,N/A,N/A,N/A
2026-05-12 11:07:37,ETH-USD,CALL,2300.0,2026-05-19,2310.77001953125,0.59,0.0066,-2.1023,0.2,48.79,BULLISH,BUY,59.0,N/A,N/A,N/A,N/A
2026-05-12 11:10:38,SPY,CALL,739.0,2026-05-12,739.2999877929688,1.0,0.0,-0.1012,0.0,46.22,BULLISH,BUY,100.0,N/A,N/A,N/A,N/A
2026-05-12 11:10:39,^NSEI,PUT,23600.0,2026-05-19,23589.349609375,-0.489,0.0007,-18.4891,0.2,39.19,BEARISH,BUY,48.9,N/A,N/A,N/A,N/A
2026-05-12 11:10:40,^NSEBANK,CALL,53900.0,2026-05-19,53889.3984375,0.515,0.0003,-49.631,0.2,20.69,BEARISH,SELL,0,N/A,N/A,N/A,N/A
2026-05-12 11:10:42,BTC-USD,CALL,81200.0,2026-05-19,81241.6015625,0.526,0.0002,-74.8428,0.2,54.58,BULLISH,BUY,52.6,N/A,N/A,N/A,N/A
2026-05-12 11:10:42,ETH-USD,CALL,2300.0,2026-05-19,2311.550048828125,0.595,0.0065,-2.0987,0.2,50.49,BULLISH,BUY,59.5,N/A,N/A,N/A,N/A
2026-05-12 11:15:27,SPY,CALL,739.0,2026-05-12,739.2999877929688,1.0,0.0,-0.1012,0.0,46.22,BULLISH,BUY,100.0,731.91,754.09,735.6,761.48
2026-05-12 11:15:28,^NSEI,PUT,23600.0,2026-05-19,23593.400390625,-0.486,0.0007,-18.4971,0.2,38.37,BEARISH,BUY,48.6,23357.47,24065.27,23475.43,24301.2
2026-05-12 11:15:29,^NSEBANK,CALL,53900.0,2026-05-19,53873.3984375,0.51,0.0003,-49.6,0.2,20.31,BEARISH,SELL,0,54412.13,52795.93,54142.77,52257.2
2026-05-12 11:15:30,BTC-USD,CALL,81200.0,2026-05-19,81246.4921875,0.527,0.0002,-74.8467,0.2,49.11,BULLISH,BUY,52.7,80434.03,82871.42,80840.26,83683.89
2026-05-12 11:15:32,ETH-USD,CALL,2300.0,2026-05-19,2312.199951171875,0.599,0.0065,-2.0954,0.2,48.24,BULLISH,BUY,59.9,2289.08,2358.44,2300.64,2381.57
2026-05-12 11:16:47,SPY,CALL,739.0,2026-05-12,739.2999877929688,1.0,0.0,-0.1012,0.0,46.22,BULLISH,BUY,100.0,731.91,754.09,735.6,761.48
2026-05-12 11:16:47,^NSEI,PUT,23600.0,2026-05-19,23597.19921875,-0.484,0.0007,-18.5037,0.2,39.62,BEARISH,BUY,48.4,23361.23,24069.14,23479.21,24305.12
2026-05-12 11:16:49,^NSEBANK,CALL,53900.0,2026-05-19,53858.1484375,0.506,0.0003,-49.5647,0.2,18.54,BEARISH,SELL,0,54396.73,52780.99,54127.44,52242.4
2026-05-12 11:16:50,BTC-USD,CALL,81200.0,2026-05-19,81235.9765625,0.525,0.0002,-74.8379,0.2,48.08,BULLISH,BUY,52.5,80423.62,82860.7,80829.8,83673.06
2026-05-12 11:16:51,ETH-USD,CALL,2300.0,2026-05-19,2311.330078125,0.593,0.0065,-2.0997,0.2,45.77,BULLISH,BUY,59.3,2288.22,2357.56,2299.77,2380.67
2026-05-12 11:20:21,SPY,CALL,739.0,2026-05-12,739.2999877929688,1.0,0.0,-0.1012,0.0,46.22,BULLISH,BUY,100.0,731.91,754.09,735.6,761.48
2026-05-12 11:20:21,^NSEI,PUT,23600.0,2026-05-19,23611.55078125,-0.475,0.0007,-18.5217,0.2,38.95,BEARISH,BUY,47.5,23375.44,24083.78,23493.49,24319.9
2026-05-12 11:20:23,^NSEBANK,CALL,53900.0,2026-05-19,53915.3984375,0.522,0.0003,-49.6683,0.2,23.75,BEARISH,SELL,0,54454.55,52837.09,54184.98,52297.94
2026-05-12 11:20:24,BTC-USD,CALL,81200.0,2026-05-19,81231.2734375,0.524,0.0002,-74.8335,0.2,50.87,BULLISH,BUY,52.4,80418.96,82855.9,80825.12,83668.21
2026-05-12 11:20:26,ETH-USD,CALL,2300.0,2026-05-19,2311.550048828125,0.595,0.0065,-2.0987,0.2,50.91,BULLISH,BUY,59.5,2288.43,2357.78,2299.99,2380.9
2026-05-12 11:23:27,SPY,CALL,739.0,2026-05-12,739.2999877929688,1.0,0.0,-0.1012,0.0,46.22,BULLISH,BUY,100.0,731.91,754.09,735.6,761.48
2026-05-12 11:23:29,^NSEI,PUT,23600.0,2026-05-19,23595.849609375,-0.485,0.0007,-18.5015,0.2,35.31,BEARISH,BUY,48.5,23359.89,24067.77,23477.87,24303.73
2026-05-12 11:23:30,^NSEBANK,CALL,53900.0,2026-05-19,53855.6484375,0.505,0.0003,-49.5584,0.2,20.04,BEARISH,SELL,0,54394.2,52778.54,54124.93,52239.98
2026-05-12 11:23:31,BTC-USD,PUT,81200.0,2026-05-19,81200.4296875,-0.482,0.0002,-63.6812,0.2,47.86,BEARISH,BUY,48.2,80388.43,82824.44,80794.43,83636.44
2026-05-12 11:23:32,ETH-USD,PUT,2300.0,2026-05-19,2311.199951171875,-0.407,0.0065,-1.7855,0.2,49.89,BEARISH,BUY,40.7,2288.09,2357.42,2299.64,2380.54
2026-05-12 11:26:34,SPY,CALL,739.0,2026-05-12,739.2999877929688,1.0,0.0,-0.1012,0.0,46.22,BULLISH,BUY,100.0,731.91,754.09,735.6,761.48
2026-05-12 11:26:35,^NSEI,CALL,23600.0,2026-05-19,23596.150390625,0.515,0.0007,-21.7322,0.2,31.73,BEARISH,SELL,0,23832.11,23124.23,23714.13,22888.27
2026-05-12 11:26:36,^NSEBANK,CALL,53900.0,2026-05-19,53878.1015625,0.512,0.0003,-49.6098,0.2,14.27,BEARISH,SELL,0,54416.88,52800.54,54147.49,52261.76
2026-05-12 11:26:37,BTC-USD,CALL,81200.0,2026-05-19,81245.671875,0.527,0.0002,-74.8461,0.2,46.18,BULLISH,BUY,52.7,80433.22,82870.59,80839.44,83683.04
2026-05-12 11:26:38,ETH-USD,CALL,2300.0,2026-05-19,2311.580078125,0.595,0.0065,-2.0985,0.2,46.31,BULLISH,BUY,59.5,2288.46,2357.81,2300.02,2380.93
2026-05-12 11:36:34,SPY,CALL,739.0,2026-05-12,739.2999877929688,1.0,0.0,-0.1012,0.0,46.22,BULLISH,BUY,100.0,731.91,754.09,735.6,761.48
2026-05-12 11:36:35,^NSEI,PUT,23600.0,2026-05-19,23591.80078125,-0.488,0.0007,-18.4941,0.2,42.55,BEARISH,BUY,48.8,23355.88,24063.64,23473.84,24299.55
2026-05-12 11:36:37,^NSEBANK,CALL,53900.0,2026-05-19,53873.19921875,0.51,0.0003,-49.5996,0.2,21.5,BEARISH,SELL,0,54411.93,52795.74,54142.57,52257.0
2026-05-12 11:36:38,BTC-USD,CALL,81200.0,2026-05-19,81231.2578125,0.524,0.0002,-74.8334,0.2,53.28,BULLISH,BUY,52.4,80418.95,82855.88,80825.1,83668.2
2026-05-12 11:36:40,ETH-USD,PUT,2300.0,2026-05-19,2310.219970703125,-0.414,0.0066,-1.7899,0.2,49.97,BEARISH,BUY,41.4,2287.12,2356.42,2298.67,2379.53
2026-05-12 11:41:50,SPY,CALL,739.0,2026-05-12,739.2999877929688,1.0,0.0,-0.1012,0.0,46.22,BULLISH,BUY,100.0,731.91,754.09,735.6,761.48
2026-05-12 11:41:52,^NSEI,PUT,23600.0,2026-05-19,23605.19921875,-0.479,0.0007,-18.5151,0.2,48.84,BEARISH,BUY,47.9,23369.15,24077.3,23487.17,24313.36
2026-05-12 11:41:54,^NSEBANK,CALL,53900.0,2026-05-19,53923.6484375,0.525,0.0003,-49.6767,0.2,31.75,BEARISH,SELL,0,54462.88,52845.18,54193.27,52305.94
2026-05-12 11:41:55,BTC-USD,CALL,81200.0,2026-05-19,81233.109375,0.524,0.0002,-74.8353,0.2,49.76,BULLISH,BUY,52.4,80420.78,82857.77,80826.94,83670.1
2026-05-12 11:41:57,ETH-USD,PUT,2300.0,2026-05-19,2310.550048828125,-0.412,0.0066,-1.7885,0.2,45.86,BEARISH,BUY,41.2,2287.44,2356.76,2299.0,2379.87
2026-05-12 11:50:11,SPY,CALL,739.0,2026-05-12,739.2999877929688,1.0,0.0,-0.1012,0.0,46.22,BULLISH,BUY,100.0,731.91,754.09,735.6,761.48
2026-05-12 11:50:12,^NSEI,PUT,23600.0,2026-05-19,23596.05078125,-0.485,0.0007,-18.5018,0.2,36.59,BEARISH,BUY,48.5,23360.09,24067.97,23478.07,24303.93
2026-05-12 11:50:14,^NSEBANK,CALL,53900.0,2026-05-19,53891.25,0.515,0.0003,-49.6342,0.2,26.56,BEARISH,SELL,0,54430.16,52813.42,54160.71,52274.51
2026-05-12 11:50:15,BTC-USD,CALL,81300.0,2026-05-19,81258.0,0.51,0.0002,-74.8101,0.2,57.38,BULLISH,BUY,51.0,80445.42,82883.16,80851.71,83695.74
2026-05-12 11:50:17,ETH-USD,CALL,2300.0,2026-05-19,2312.389892578125,0.6,0.0065,-2.0944,0.2,58.17,BULLISH,BUY,60.0,2289.27,2358.64,2300.83,2381.76
2026-05-12 11:53:19,SPY,CALL,739.0,2026-05-12,739.2999877929688,1.0,0.0,-0.1012,0.0,46.22,BULLISH,BUY,100.0,731.91,754.09,735.6,761.48
2026-05-12 11:53:21,^NSEI,PUT,23600.0,2026-05-19,23596.80078125,-0.484,0.0007,-18.5031,0.2,38.26,BEARISH,BUY,48.4,23360.83,24068.74,23478.82,24304.7
2026-05-12 11:53:23,^NSEBANK,CALL,53900.0,2026-05-19,53888.94921875,0.515,0.0003,-49.6302,0.2,26.68,BEARISH,SELL,0,54427.84,52811.17,54158.39,52272.28
2026-05-12 11:53:26,BTC-USD,CALL,81300.0,2026-05-19,81255.7890625,0.509,0.0002,-74.8053,0.2,57.12,BULLISH,BUY,50.9,80443.23,82880.9,80849.51,83693.46
2026-05-12 11:53:28,ETH-USD,CALL,2300.0,2026-05-19,2312.199951171875,0.599,0.0065,-2.0954,0.2,57.63,BULLISH,BUY,59.9,2289.08,2358.44,2300.64,2381.57
2026-05-12 11:56:31,SPY,CALL,739.0,2026-05-12,739.2999877929688,1.0,0.0,-0.1012,0.0,46.22,BULLISH,BUY,100.0,731.91,754.09,735.6,761.48
2026-05-12 11:56:32,^NSEI,CALL,23600.0,2026-05-19,23608.650390625,0.524,0.0007,-21.7492,0.2,52.67,BULLISH,BUY,52.4,23372.56,24080.82,23490.61,24316.91
2026-05-12 11:56:34,^NSEBANK,PUT,53900.0,2026-05-19,53917.0,-0.477,0.0003,-42.2925,0.2,42.29,BEARISH,BUY,47.7,53377.83,54995.34,53647.42,55534.51
2026-05-12 11:56:36,BTC-USD,CALL,81300.0,2026-05-19,81264.3984375,0.511,0.0002,-74.8236,0.2,57.86,BULLISH,BUY,51.1,80451.75,82889.69,80858.08,83702.33
2026-05-12 11:56:37,ETH-USD,CALL,2300.0,2026-05-19,2312.3701171875,0.6,0.0065,-2.0945,0.2,55.45,BULLISH,BUY,60.0,2289.25,2358.62,2300.81,2381.74
2026-05-12 11:59:15,SPY,CALL,739.0,2026-05-12,739.2999877929688,1.0,0.0,-0.1012,0.0,46.22,BULLISH,BUY,100.0,731.91,754.09,735.6,761.48
2026-05-12 11:59:17,^NSEI,CALL,23600.0,2026-05-19,23603.400390625,0.52,0.0007,-21.7431,0.2,50.52,BULLISH,BUY,52.0,23367.37,24075.47,23485.38,24311.5
2026-05-12 11:59:19,^NSEBANK,PUT,53900.0,2026-05-19,53887.1484375,-0.486,0.0003,-42.2495,0.2,37.1,BEARISH,BUY,48.6,53348.28,54964.89,53617.71,55503.76
2026-05-12 11:59:21,BTC-USD,PUT,81200.0,2026-05-19,81201.4765625,-0.482,0.0002,-63.6827,0.2,49.45,BEARISH,BUY,48.2,80389.46,82825.51,80795.47,83637.52
2026-05-12 11:59:23,ETH-USD,PUT,2300.0,2026-05-19,2310.22998046875,-0.414,0.0066,-1.7898,0.2,48.12,BEARISH,BUY,41.4,2287.13,2356.43,2298.68,2379.54
2026-05-12 12:03:22,SPY,CALL,739.0,2026-05-12,739.2999877929688,1.0,0.0,-0.1012,0.0,46.22,BULLISH,BUY,100.0,731.91,754.09,735.6,761.48
2026-05-12 12:03:25,^NSEI,PUT,23600.0,2026-05-19,23589.099609375,-0.489,0.0007,-18.4886,0.2,42.87,BEARISH,BUY,48.9,23353.21,24060.88,23471.15,24296.77
2026-05-12 12:03:27,^NSEBANK,PUT,53900.0,2026-05-19,53873.1484375,-0.49,0.0003,-42.222,0.2,39.32,BEARISH,BUY,49.0,53334.42,54950.61,53603.78,55489.34
2026-05-12 12:03:30,BTC-USD,PUT,81100.0,2026-05-19,81120.5625,-0.478,0.0002,-63.6294,0.2,39.91,BEARISH,BUY,47.8,80309.36,82742.97,80714.96,83554.18
2026-05-12 12:03:32,ETH-USD,PUT,2300.0,2026-05-19,2307.419921875,-0.432,0.0066,-1.7994,0.2,37.64,BEARISH,BUY,43.2,2284.35,2353.57,2295.88,2376.64
2026-05-12 12:04:12,SPY,CALL,739.0,2026-05-12,739.2999877929688,1.0,0.0,-0.1012,0.0,46.22,BULLISH,BUY,100.0,731.91,754.09,735.6,761.48
2026-05-12 12:04:13,^NSEI,PUT,23600.0,2026-05-19,23584.849609375,-0.492,0.0007,-18.4792,0.2,41.16,BEARISH,BUY,49.2,23349.0,24056.55,23466.93,24292.4
2026-05-12 12:04:14,^NSEBANK,PUT,53900.0,2026-05-19,53862.1484375,-0.493,0.0003,-42.197,0.2,37.89,BEARISH,BUY,49.3,53323.53,54939.39,53592.84,55478.01
2026-05-12 12:04:16,BTC-USD,PUT,81100.0,2026-05-19,81110.2421875,-0.48,0.0002,-63.6165,0.2,39.1,BEARISH,BUY,48.0,80299.14,82732.45,80704.69,83543.55
2026-05-12 12:04:18,ETH-USD,PUT,2300.0,2026-05-19,2307.199951171875,-0.434,0.0067,-1.8,0.2,37.17,BEARISH,BUY,43.4,2284.13,2353.34,2295.66,2376.42
2026-05-12 12:11:13,SPY,CALL,739.0,2026-05-12,739.2999877929688,1.0,0.0,-0.1012,0.0,46.22,BULLISH,BUY,100.0,731.91,754.09,735.6,761.48
2026-05-12 12:11:14,^NSEI,PUT,23600.0,2026-05-19,23565.75,-0.505,0.0007,-18.4248,0.2,40.14,BEARISH,BUY,50.5,23330.09,24037.06,23447.92,24272.72
2026-05-12 12:11:16,^NSEBANK,PUT,53900.0,2026-05-19,53900.44921875,-0.482,0.0003,-42.2714,0.2,49.04,BEARISH,BUY,48.2,53361.44,54978.46,53630.95,55517.46
2026-05-12 12:11:17,BTC-USD,PUT,81100.0,2026-05-19,81102.2109375,-0.482,0.0002,-63.6053,0.2,39.31,BEARISH,BUY,48.2,80291.19,82724.26,80696.7,83535.28
2026-05-12 12:11:18,ETH-USD,PUT,2300.0,2026-05-19,2306.2900390625,-0.44,0.0067,-1.802,0.2,39.33,BEARISH,BUY,44.0,2283.23,2352.42,2294.76,2375.48
2026-05-12 12:19:15,SPY,CALL,739.0,2026-05-12,739.2999877929688,1.0,0.0,-0.1012,0.0,46.22,BULLISH,BUY,100.0,731.91,754.09,735.6,761.48
2026-05-12 12:19:16,^NSEI,PUT,23600.0,2026-05-19,23569.099609375,-0.502,0.0007,-18.4358,0.2,40.9,BEARISH,BUY,50.2,23333.41,24040.48,23451.25,24276.17
2026-05-12 12:19:18,^NSEBANK,PUT,53900.0,2026-05-19,53880.5,-0.488,0.0003,-42.237,0.2,48.14,BEARISH,BUY,48.8,53341.69,54958.11,53611.1,55496.92
2026-05-12 12:19:21,BTC-USD,CALL,81100.0,2026-05-19,81088.3515625,0.516,0.0002,-74.6841,0.2,26.51,BEARISH,SELL,0,81899.24,79466.58,81493.79,78655.7
2026-05-12 12:19:24,ETH-USD,CALL,2300.0,2026-05-19,2306.949951171875,0.565,0.0067,-2.1154,0.2,30.82,BEARISH,SELL,0,2330.02,2260.81,2318.48,2237.74
2026-05-12 12:24:54,SPY,CALL,739.0,2026-05-12,739.2999877929688,1.0,0.0,-0.1012,0.0,46.22,BULLISH,BUY,100.0,731.91,754.09,735.6,761.48
2026-05-12 12:24:56,^NSEI,PUT,23600.0,2026-05-19,23563.650390625,-0.506,0.0007,-18.4176,0.2,40.67,BEARISH,BUY,50.6,23328.01,24034.92,23445.83,24270.56
2026-05-12 12:24:59,^NSEBANK,PUT,53900.0,2026-05-19,53868.75,-0.491,0.0003,-42.2124,0.2,51.05,BEARISH,BUY,49.1,53330.06,54946.12,53599.41,55484.81
2026-05-12 12:25:02,BTC-USD,CALL,81000.0,2026-05-19,81027.796875,0.523,0.0002,-74.6457,0.2,21.72,BEARISH,SELL,0,81838.07,79407.24,81432.94,78596.96
2026-05-12 12:25:04,ETH-USD,CALL,2300.0,2026-05-19,2303.159912109375,0.539,0.0067,-2.1205,0.2,23.22,BEARISH,SELL,0,2326.19,2257.1,2314.68,2234.07
2026-05-12 12:28:06,SPY,CALL,739.0,2026-05-12,739.2999877929688,1.0,0.0,-0.1012,0.0,46.22,BULLISH,BUY,100.0,731.91,754.09,735.6,761.48
2026-05-12 12:28:08,^NSEI,CALL,23600.0,2026-05-19,23560.599609375,0.492,0.0007,-21.6369,0.2,29.61,BEARISH,SELL,0,23796.21,23089.39,23678.4,22853.78
2026-05-12 12:28:09,^NSEBANK,PUT,53800.0,2026-05-19,53821.8515625,-0.476,0.0003,-42.2191,0.2,37.15,BEARISH,BUY,47.6,53283.63,54898.29,53552.74,55436.51
2026-05-12 12:31:53,SPY,CALL,739.0,2026-05-12,739.2999877929688,1.0,0.0,-0.1012,0.0,46.22,BULLISH,BUY,100.0,731.91,754.09,735.6,761.48
2026-05-12 12:31:55,^NSEI,CALL,23500.0,2026-05-19,23524.650390625,0.534,0.0007,-21.6662,0.2,25.97,BEARISH,SELL,0,23759.9,23054.16,23642.27,22818.91
2026-05-12 12:31:57,^NSEBANK,CALL,53800.0,2026-05-19,53754.94921875,0.505,0.0003,-49.4644,0.2,33.98,BEARISH,SELL,0,54292.5,52679.85,54023.72,52142.3
2026-05-12 12:31:59,BTC-USD,CALL,81000.0,2026-05-19,80984.8671875,0.515,0.0002,-74.5861,0.2,20.22,BEARISH,SELL,0,81794.72,79365.17,81389.79,78555.32
2026-05-12 12:32:01,ETH-USD,CALL,2300.0,2026-05-19,2302.389892578125,0.534,0.0067,-2.1205,0.2,20.8,BEARISH,SELL,0,2325.41,2256.34,2313.9,2233.32
2026-05-12 12:36:22,SPY,CALL,739.0,2026-05-12,739.2999877929688,1.0,0.0,-0.1012,0.0,46.22,BULLISH,BUY,100.0,731.91,754.09,735.6,761.48
2026-05-12 12:36:23,^NSEI,CALL,23500.0,2026-05-19,23515.0,0.528,0.0007,-21.6624,0.2,23.96,BEARISH,SELL,0,23750.15,23044.7,23632.57,22809.55
2026-05-12 12:36:24,^NSEBANK,CALL,53700.0,2026-05-19,53673.55078125,0.51,0.0003,-49.4161,0.2,27.45,BEARISH,SELL,0,54210.29,52600.08,53941.92,52063.34
2026-05-12 12:36:26,BTC-USD,CALL,80900.0,2026-05-19,80896.328125,0.517,0.0002,-74.5127,0.2,16.47,BEARISH,SELL,0,81705.29,79278.4,81300.81,78469.44
2026-05-12 12:36:28,ETH-USD,CALL,2300.0,2026-05-19,2296.820068359375,0.496,0.0068,-2.111,0.2,15.17,BEARISH,SELL,0,2319.79,2250.88,2308.3,2227.92
2026-05-12 12:41:21,SPY,CALL,739.0,2026-05-12,739.2999877929688,1.0,0.0,-0.1012,0.0,46.22,BULLISH,BUY,100.0,731.91,754.09,735.6,761.48
2026-05-12 12:41:23,^NSEI,CALL,23500.0,2026-05-19,23526.80078125,0.536,0.0007,-21.6664,0.2,24.67,BEARISH,SELL,0,23762.07,23056.26,23644.43,22821.0
2026-05-12 12:41:25,^NSEBANK,CALL,53700.0,2026-05-19,53721.8984375,0.524,0.0003,-49.4908,0.2,28.03,BEARISH,SELL,0,54259.12,52647.46,53990.51,52110.24
2026-05-12 12:41:28,BTC-USD,CALL,81000.0,2026-05-19,81003.7578125,0.519,0.0002,-74.6159,0.2,29.68,BEARISH,SELL,0,81813.8,79383.68,81408.78,78573.65
2026-05-12 12:41:31,ETH-USD,CALL,2300.0,2026-05-19,2300.820068359375,0.523,0.0068,-2.1196,0.2,28.44,BEARISH,SELL,0,2323.83,2254.8,2312.32,2231.8
2026-05-12 12:53:06,SPY,CALL,739.0,2026-05-12,739.2999877929688,1.0,0.0,-0.1012,0.0,46.22,BULLISH,BUY,100.0,731.91,754.09,735.6,761.48
2026-05-12 12:53:08,^NSEI,CALL,23500.0,2026-05-19,23531.5,0.539,0.0007,-21.6658,0.2,25.05,BEARISH,SELL,0,23766.81,23060.87,23649.16,22825.56
2026-05-12 12:53:09,^NSEBANK,CALL,53700.0,2026-05-19,53672.05078125,0.51,0.0003,-49.4129,0.2,22.38,BEARISH,SELL,0,54208.77,52598.61,53940.41,52061.89
2026-05-12 12:53:12,BTC-USD,PUT,81000.0,2026-05-19,81040.2109375,-0.474,0.0002,-63.5706,0.2,35.48,BEARISH,BUY,47.4,80229.81,82661.02,80635.01,83471.42
2026-05-12 12:53:13,ETH-USD,CALL,2300.0,2026-05-19,2301.199951171875,0.526,0.0067,-2.12,0.2,29.01,BEARISH,SELL,0,2324.21,2255.18,2312.71,2232.16
2026-05-13 11:17:04,SPY,CALL,738.0,2026-05-13,738.1799926757812,1.0,0.0,-0.1011,0.0,82.54,BULLISH,SELL,0,745.56,723.42,741.87,716.03
2026-05-13 11:17:05,^NSEI,CALL,23400.0,2026-05-20,23407.650390625,0.523,0.0007,-21.5639,0.2,50.15,BULLISH,BUY,52.3,23173.57,23875.8,23290.61,24109.88
2026-05-13 11:17:06,^NSEBANK,CALL,53600.0,2026-05-20,53620.6015625,0.524,0.0003,-49.3974,0.2,56.27,BULLISH,BUY,52.4,53084.4,54693.01,53352.5,55229.22
2026-05-13 11:17:07,BTC-USD,CALL,81000.0,2026-05-20,80995.0078125,0.517,0.0002,-74.6028,0.2,24.48,BEARISH,SELL,0,81804.96,79375.11,81399.98,78565.16
2026-05-13 11:17:08,ETH-USD,CALL,2300.0,2026-05-20,2295.949951171875,0.49,0.0068,-2.1079,0.2,24.73,BEARISH,SELL,0,2318.91,2250.03,2307.43,2227.07
2026-05-13 11:20:09,SPY,CALL,738.0,2026-05-13,738.1799926757812,1.0,0.0,-0.1011,0.0,82.54,BULLISH,SELL,0,745.56,723.42,741.87,716.03
2026-05-13 11:20:10,^NSEI,PUT,23400.0,2026-05-20,23407.80078125,-0.477,0.0007,-18.3612,0.2,50.83,BEARISH,BUY,47.7,23173.72,23875.96,23290.76,24110.03
2026-05-13 11:20:11,^NSEBANK,CALL,53600.0,2026-05-20,53599.75,0.518,0.0003,-49.3715,0.2,54.76,BULLISH,BUY,51.8,53063.75,54671.75,53331.75,55207.74
2026-05-13 11:20:12,BTC-USD,CALL,81100.0,2026-05-20,81050.4375,0.508,0.0002,-74.609,0.2,34.12,BEARISH,SELL,0,81860.94,79429.43,81455.69,78618.92
2026-05-13 11:20:13,ETH-USD,CALL,2300.0,2026-05-20,2298.7900390625,0.51,0.0068,-2.1164,0.2,34.9,BEARISH,SELL,0,2321.78,2252.81,2310.28,2229.83
2026-05-13 11:23:15,SPY,CALL,738.0,2026-05-13,738.1799926757812,1.0,0.0,-0.1011,0.0,82.54,BULLISH,SELL,0,745.56,723.42,741.87,716.03
2026-05-13 11:23:16,^NSEI,PUT,23400.0,2026-05-20,23394.900390625,-0.485,0.0007,-18.343,0.2,48.7,BEARISH,BUY,48.5,23160.95,23862.8,23277.93,24096.75
2026-05-13 11:23:17,^NSEBANK,PUT,53600.0,2026-05-20,53581.3984375,-0.488,0.0003,-42.0035,0.2,53.77,BEARISH,BUY,48.8,53045.58,54653.03,53313.49,55188.84
2026-05-13 11:23:19,BTC-USD,CALL,81100.0,2026-05-20,81052.0078125,0.509,0.0002,-74.6126,0.2,34.4,BEARISH,SELL,0,81862.53,79430.97,81457.27,78620.45
2026-05-13 11:23:21,ETH-USD,CALL,2300.0,2026-05-20,2297.929931640625,0.504,0.0068,-2.1143,0.2,33.19,BEARISH,SELL,0,2320.91,2251.97,2309.42,2228.99
2026-05-13 11:27:00,SPY,CALL,738.0,2026-05-13,738.1799926757812,1.0,0.0,-0.1011,0.0,82.54,BULLISH,SELL,0,745.56,723.42,741.87,716.03
2026-05-13 11:27:01,^NSEI,PUT,23400.0,2026-05-20,23402.25,-0.481,0.0007,-18.3545,0.2,43.81,BEARISH,BUY,48.1,23168.23,23870.3,23285.24,24104.32
2026-05-13 11:27:02,^NSEBANK,CALL,53600.0,2026-05-20,53604.69921875,0.519,0.0003,-49.3786,0.2,49.75,BULLISH,BUY,51.9,53068.65,54676.79,53336.68,55212.84
2026-05-13 11:27:03,BTC-USD,CALL,81000.0,2026-05-20,80989.609375,0.516,0.0002,-74.5941,0.2,22.24,BEARISH,SELL,0,81799.51,79369.82,81394.56,78559.92
2026-05-13 11:27:04,ETH-USD,CALL,2300.0,2026-05-20,2297.679931640625,0.502,0.0068,-2.1136,0.2,26.72,BEARISH,SELL,0,2320.66,2251.73,2309.17,2228.75
2026-05-13 11:35:12,SPY,CALL,738.0,2026-05-13,738.1799926757812,1.0,0.0,-0.1011,0.0,82.54,BULLISH,SELL,0,745.56,723.42,741.87,716.03
2026-05-13 11:35:14,^NSEI,PUT,23400.0,2026-05-20,23409.69921875,-0.476,0.0007,-18.3631,0.2,41.33,BEARISH,BUY,47.6,23175.6,23877.89,23292.65,24111.99
2026-05-13 11:35:15,^NSEBANK,CALL,53600.0,2026-05-20,53645.30078125,0.531,0.0003,-49.4145,0.2,46.73,BULLISH,BUY,53.1,53108.85,54718.21,53377.07,55254.66
2026-05-13 11:35:18,BTC-USD,CALL,81000.0,2026-05-20,81023.09375,0.522,0.0002,-74.6406,0.2,25.16,BEARISH,SELL,0,81833.32,79402.63,81428.21,78592.4
2026-05-13 11:35:19,ETH-USD,CALL,2300.0,2026-05-20,2299.85009765625,0.517,0.0068,-2.1183,0.2,33.72,BEARISH,SELL,0,2322.85,2253.85,2311.35,2230.85
2026-05-13 11:38:21,SPY,CALL,738.0,2026-05-13,738.1799926757812,1.0,0.0,-0.1011,0.0,82.54,BULLISH,SELL,0,745.56,723.42,741.87,716.03
2026-05-13 11:38:23,^NSEI,CALL,23500.0,2026-05-20,23453.80078125,0.487,0.0007,-21.5184,0.2,50.22,BULLISH,BUY,48.7,23219.26,23922.88,23336.53,24157.41
2026-05-13 11:38:24,^NSEBANK,CALL,53800.0,2026-05-20,53825.8515625,0.525,0.0003,-49.5865,0.2,56.04,BULLISH,BUY,52.5,53287.59,54902.37,53556.72,55440.63
2026-05-13 11:38:26,BTC-USD,CALL,81000.0,2026-05-20,81024.453125,0.523,0.0002,-74.6421,0.2,25.42,BEARISH,SELL,0,81834.7,79403.96,81429.58,78593.72
2026-05-13 11:38:28,ETH-USD,CALL,2300.0,2026-05-20,2300.080078125,0.518,0.0068,-2.1187,0.2,34.47,BEARISH,SELL,0,2323.08,2254.08,2311.58,2231.08
2026-05-13 11:44:16,SPY,CALL,738.0,2026-05-13,738.1799926757812,1.0,0.0,-0.1011,0.0,82.54,BULLISH,SELL,0,745.56,723.42,741.87,716.03
2026-05-13 11:44:16,^NSEI,CALL,23500.0,2026-05-20,23489.69921875,0.511,0.0007,-21.628,0.2,52.04,BULLISH,BUY,51.1,23254.8,23959.49,23372.25,24194.39
2026-05-13 11:44:18,^NSEBANK,CALL,53900.0,2026-05-20,53924.3984375,0.525,0.0003,-49.6774,0.2,56.25,BULLISH,BUY,52.5,53385.15,55002.89,53654.78,55542.13
2026-05-13 11:44:19,BTC-USD,CALL,81100.0,2026-05-20,81072.9375,0.513,0.0002,-74.6564,0.2,34.68,BEARISH,SELL,0,81883.67,79451.48,81478.3,78640.75
2026-05-13 11:44:20,ETH-USD,CALL,2300.0,2026-05-20,2302.030029296875,0.532,0.0067,-2.1204,0.2,39.31,BULLISH,BUY,53.2,2279.01,2348.07,2290.52,2371.09
2026-05-13 11:49:32,SPY,CALL,738.0,2026-05-13,738.1799926757812,1.0,0.0,-0.1011,0.0,82.54,BULLISH,SELL,0,745.56,723.42,741.87,716.03
2026-05-13 11:49:33,^NSEI,CALL,23500.0,2026-05-20,23484.69921875,0.508,0.0007,-21.617,0.2,59.71,BULLISH,BUY,50.8,23249.85,23954.39,23367.28,24189.24
2026-05-13 11:49:35,^NSEBANK,CALL,53900.0,2026-05-20,53899.6015625,0.518,0.0003,-49.6476,0.2,62.29,BULLISH,BUY,51.8,53360.61,54977.59,53630.1,55516.59
2026-05-13 11:49:36,BTC-USD,CALL,81100.0,2026-05-20,81121.5078125,0.522,0.0002,-74.7309,0.2,46.59,BULLISH,BUY,52.2,80310.29,82743.94,80715.9,83555.15
2026-05-13 11:49:37,ETH-USD,CALL,2300.0,2026-05-20,2304.320068359375,0.547,0.0067,-2.1198,0.2,50.35,BULLISH,BUY,54.7,2281.28,2350.41,2292.8,2373.45
2026-05-13 11:52:38,SPY,CALL,738.0,2026-05-13,738.1799926757812,1.0,0.0,-0.1011,0.0,82.54,BULLISH,SELL,0,745.56,723.42,741.87,716.03
2026-05-13 11:52:39,^NSEI,CALL,23500.0,2026-05-20,23498.55078125,0.517,0.0007,-21.644,0.2,56.41,BULLISH,BUY,51.7,23263.57,23968.52,23381.06,24203.51
2026-05-13 11:52:40,^NSEBANK,CALL,53900.0,2026-05-20,53948.44921875,0.532,0.0003,-49.6922,0.2,59.73,BULLISH,BUY,53.2,53408.96,55027.42,53678.71,55566.9
2026-05-13 11:52:41,BTC-USD,PUT,81000.0,2026-05-20,81034.171875,-0.476,0.0002,-63.5652,0.2,39.87,BEARISH,BUY,47.6,80223.83,82654.86,80629.0,83465.2
2026-05-13 11:52:42,ETH-USD,PUT,2300.0,2026-05-20,2301.699951171875,-0.471,0.0067,-1.8055,0.2,46.81,BEARISH,BUY,47.1,2278.68,2347.73,2290.19,2370.75
2026-05-13 11:55:43,SPY,CALL,738.0,2026-05-13,738.1799926757812,1.0,0.0,-0.1011,0.0,82.54,BULLISH,SELL,0,745.56,723.42,741.87,716.03
2026-05-13 11:55:44,^NSEI,CALL,23500.0,2026-05-20,23485.94921875,0.509,0.0007,-21.6198,0.2,57.99,BULLISH,BUY,50.9,23251.09,23955.67,23368.52,24190.53
2026-05-13 11:55:46,^NSEBANK,CALL,53900.0,2026-05-20,53886.05078125,0.514,0.0003,-49.625,0.2,60.88,BULLISH,BUY,51.4,53347.19,54963.77,53616.62,55502.63
2026-05-13 11:55:47,BTC-USD,PUT,81000.0,2026-05-20,81039.84375,-0.474,0.0002,-63.5703,0.2,45.29,BEARISH,BUY,47.4,80229.45,82660.64,80634.64,83471.04
2026-05-13 11:55:48,ETH-USD,CALL,2300.0,2026-05-20,2302.47998046875,0.535,0.0067,-2.1205,0.2,54.94,BULLISH,BUY,53.5,2279.46,2348.53,2290.97,2371.55
2026-05-13 12:03:29,SPY,CALL,738.0,2026-05-13,738.1799926757812,1.0,0.0,-0.1011,0.0,82.54,BULLISH,SELL,0,745.56,723.42,741.87,716.03
2026-05-13 12:03:30,^NSEI,CALL,23500.0,2026-05-20,23479.150390625,0.504,0.0007,-21.6032,0.2,57.49,BULLISH,BUY,50.4,23244.36,23948.73,23361.75,24183.52
2026-05-13 12:03:31,^NSEBANK,CALL,53900.0,2026-05-20,53922.3984375,0.524,0.0003,-49.6755,0.2,62.85,BULLISH,BUY,52.4,53383.17,55000.85,53652.79,55540.07
2026-05-13 12:03:32,BTC-USD,PUT,81000.0,2026-05-20,81045.5234375,-0.473,0.0002,-63.5749,0.2,41.1,BEARISH,BUY,47.3,80235.07,82666.43,80640.3,83476.89
2026-05-13 12:03:33,ETH-USD,CALL,2300.0,2026-05-20,2301.81005859375,0.53,0.0067,-2.1203,0.2,48.54,BULLISH,BUY,53.0,2278.79,2347.85,2290.3,2370.86
2026-05-13 12:06:34,SPY,CALL,738.0,2026-05-13,738.1799926757812,1.0,0.0,-0.1011,0.0,82.54,BULLISH,SELL,0,745.56,723.42,741.87,716.03
2026-05-13 12:06:35,^NSEI,CALL,23500.0,2026-05-20,23490.349609375,0.512,0.0007,-21.6293,0.2,78.4,BULLISH,SELL,0,23725.25,23020.54,23607.8,22785.64
2026-05-13 12:06:36,^NSEBANK,CALL,54000.0,2026-05-20,53956.75,0.505,0.0003,-49.6533,0.2,79.04,BULLISH,SELL,0,54496.32,52877.61,54226.53,52338.05
2026-05-13 12:06:38,BTC-USD,PUT,81000.0,2026-05-20,81042.859375,-0.474,0.0002,-63.5728,0.2,43.65,BEARISH,BUY,47.4,80232.43,82663.72,80637.65,83474.15
2026-05-13 12:06:38,ETH-USD,CALL,2300.0,2026-05-20,2302.010009765625,0.531,0.0067,-2.1204,0.2,51.13,BULLISH,BUY,53.1,2278.99,2348.05,2290.5,2371.07
2026-05-13 12:06:54,SPY,CALL,738.0,2026-05-13,738.1799926757812,1.0,0.0,-0.1011,0.0,82.54,BULLISH,SELL,0,745.56,723.42,741.87,716.03
2026-05-13 12:06:55,^NSEI,CALL,23500.0,2026-05-20,23496.349609375,0.515,0.0007,-21.6404,0.2,79.02,BULLISH,SELL,0,23731.31,23026.42,23613.83,22791.46
2026-05-13 12:06:56,^NSEBANK,CALL,54000.0,2026-05-20,53958.8515625,0.506,0.0003,-49.6586,0.2,79.06,BULLISH,SELL,0,54498.44,52879.67,54228.65,52340.09
2026-05-13 12:06:57,BTC-USD,PUT,81000.0,2026-05-20,81045.203125,-0.473,0.0002,-63.5747,0.2,43.92,BEARISH,BUY,47.3,80234.75,82666.11,80639.98,83476.56
2026-05-13 12:06:59,ETH-USD,CALL,2300.0,2026-05-20,2302.159912109375,0.532,0.0067,-2.1205,0.2,51.65,BULLISH,BUY,53.2,2279.14,2348.2,2290.65,2371.22
2026-05-13 12:10:01,SPY,CALL,738.0,2026-05-13,738.1799926757812,1.0,0.0,-0.1011,0.0,82.54,BULLISH,SELL,0,745.56,723.42,741.87,716.03
2026-05-13 12:10:02,^NSEI,CALL,23500.0,2026-05-20,23497.05078125,0.516,0.0007,-21.6416,0.2,79.11,BULLISH,SELL,0,23732.02,23027.11,23614.54,22792.14
2026-05-13 12:10:04,^NSEBANK,CALL,54000.0,2026-05-20,53972.8984375,0.51,0.0003,-49.6911,0.2,79.47,BULLISH,SELL,0,54512.63,52893.44,54242.76,52353.71
2026-05-13 12:10:05,BTC-USD,PUT,81000.0,2026-05-20,81036.5078125,-0.475,0.0002,-63.5674,0.2,42.89,BEARISH,BUY,47.5,80226.14,82657.24,80631.33,83467.6
2026-05-13 12:10:06,ETH-USD,CALL,2300.0,2026-05-20,2302.800048828125,0.537,0.0067,-2.1205,0.2,58.82,BULLISH,BUY,53.7,2279.77,2348.86,2291.29,2371.88
2026-05-13 12:11:26,SPY,CALL,738.0,2026-05-13,738.1799926757812,1.0,0.0,-0.1011,0.0,82.54,BULLISH,SELL,0,745.56,723.42,741.87,716.03
2026-05-13 12:11:27,^NSEI,CALL,23500.0,2026-05-20,23497.0,0.516,0.0007,-21.6415,0.2,75.77,BULLISH,SELL,0,23731.97,23027.06,23614.48,22792.09
2026-05-13 12:11:29,^NSEBANK,CALL,54000.0,2026-05-20,53982.25,0.513,0.0003,-49.7101,0.2,77.56,BULLISH,SELL,0,54522.07,52902.6,54252.16,52362.78
2026-05-13 12:11:30,BTC-USD,PUT,81000.0,2026-05-20,81011.7734375,-0.48,0.0002,-63.5401,0.2,46.16,BEARISH,BUY,48.0,80201.66,82632.01,80606.71,83442.13
2026-05-13 12:11:32,ETH-USD,CALL,2300.0,2026-05-20,2302.860107421875,0.537,0.0067,-2.1205,0.2,58.85,BULLISH,BUY,53.7,2279.83,2348.92,2291.35,2371.95
2026-05-13 12:15:33,SPY,CALL,738.0,2026-05-13,738.1799926757812,1.0,0.0,-0.1011,0.0,82.54,BULLISH,SELL,0,745.56,723.42,741.87,716.03
2026-05-13 12:15:35,^NSEI,CALL,23500.0,2026-05-20,23517.30078125,0.529,0.0007,-21.6638,0.2,78.98,BULLISH,SELL,0,23752.47,23046.95,23634.89,22811.78
2026-05-13 12:15:36,^NSEBANK,CALL,54100.0,2026-05-20,54055.6015625,0.505,0.0003,-49.7426,0.2,83.94,BULLISH,SELL,0,54596.16,52974.49,54325.88,52433.93
2026-05-13 12:15:38,BTC-USD,PUT,81000.0,2026-05-20,81020.546875,-0.478,0.0002,-63.5509,0.2,48.25,BEARISH,BUY,47.8,80210.34,82640.96,80615.44,83451.16
2026-05-13 12:15:39,ETH-USD,CALL,2300.0,2026-05-20,2303.68994140625,0.543,0.0067,-2.1202,0.2,65.13,BULLISH,HOLD,0,2303.69,2303.69,2303.69,2303.69
2026-05-15 09:38:50,SPY,PUT,780.0,2026-05-15,748.1699829101562,-1.0,0.0,0.1068,0.0,51.29,BEARISH,BUY,100.0,740.69,763.13,744.43,770.62
2026-05-15 09:38:51,^NSEI,CALL,23800.0,2026-05-22,23760.650390625,0.492,0.0007,-21.8217,0.2,55.93,BULLISH,BUY,49.2,23523.04,24235.86,23641.85,24473.47
2026-05-15 09:38:52,^NSEBANK,PUT,54200.0,2026-05-22,54178.30078125,-0.488,0.0003,-42.468,0.2,43.76,BEARISH,BUY,48.8,53636.52,55261.87,53907.41,55803.65
2026-05-15 09:38:54,BTC-USD,PUT,81100.0,2026-05-22,81060.1328125,-0.49,0.0002,-63.53,0.2,36.35,BEARISH,BUY,49.0,80249.53,82681.34,80654.83,83491.94
2026-05-15 09:38:55,ETH-USD,PUT,2300.0,2026-05-22,2271.64990234375,-0.67,0.0062,-1.5451,0.2,41.97,BEARISH,BUY,67.0,2248.93,2317.08,2260.29,2339.8
2026-05-15 09:49:21,SPY,PUT,780.0,2026-05-15,748.1699829101562,-1.0,0.0,0.1068,0.0,51.29,BEARISH,BUY,100.0,740.69,763.13,744.43,770.62
2026-05-15 09:49:23,^NSEI,CALL,23800.0,2026-05-22,23797.75,0.516,0.0007,-21.9191,0.2,67.64,BULLISH,HOLD,0,23797.75,23797.75,23797.75,23797.75
2026-05-15 09:49:24,^NSEBANK,PUT,54200.0,2026-05-22,54194.6484375,-0.484,0.0003,-42.4976,0.2,49.49,BEARISH,BUY,48.4,53652.7,55278.54,53923.68,55820.49
2026-05-15 09:49:26,BTC-USD,PUT,81000.0,2026-05-22,80981.0625,-0.486,0.0002,-63.4926,0.2,37.07,BEARISH,BUY,48.6,80171.25,82600.68,80576.16,83410.49
2026-05-15 09:49:28,ETH-USD,PUT,2300.0,2026-05-22,2268.64990234375,-0.688,0.0061,-1.4955,0.2,43.57,BEARISH,BUY,68.8,2245.96,2314.02,2257.31,2336.71
2026-05-15 09:52:30,SPY,PUT,780.0,2026-05-15,748.1699829101562,-1.0,0.0,0.1068,0.0,51.29,BEARISH,BUY,100.0,740.69,763.13,744.43,770.62
2026-05-15 09:52:31,^NSEI,CALL,23800.0,2026-05-22,23803.5,0.52,0.0007,-21.9275,0.2,67.7,BULLISH,HOLD,0,23803.5,23803.5,23803.5,23803.5
2026-05-15 09:52:32,^NSEBANK,CALL,54200.0,2026-05-22,54216.69921875,0.523,0.0003,-49.9461,0.2,48.87,BULLISH,BUY,52.3,53674.53,55301.03,53945.62,55843.2
2026-05-15 09:52:34,BTC-USD,CALL,80900.0,2026-05-22,80919.1171875,0.522,0.0002,-74.5439,0.2,29.35,BEARISH,SELL,0,81728.31,79300.73,81323.71,78491.54
2026-05-15 09:52:35,ETH-USD,CALL,2300.0,2026-05-22,2266.56005859375,0.299,0.006,-1.7738,0.2,34.03,BEARISH,SELL,0,2289.23,2221.23,2277.89,2198.56
2026-05-15 09:55:37,SPY,PUT,780.0,2026-05-15,748.1699829101562,-1.0,0.0,0.1068,0.0,51.29,BEARISH,BUY,100.0,740.69,763.13,744.43,770.62
2026-05-15 09:55:38,^NSEI,CALL,23800.0,2026-05-22,23834.150390625,0.54,0.0006,-21.9417,0.2,72.03,BULLISH,HOLD,0,23834.15,23834.15,23834.15,23834.15
2026-05-15 09:55:40,^NSEBANK,CALL,54200.0,2026-05-22,54240.5,0.529,0.0003,-49.9653,0.2,54.58,BULLISH,BUY,52.9,53698.1,55325.31,53969.3,55867.72
2026-05-15 09:55:41,BTC-USD,CALL,81000.0,2026-05-22,80959.203125,0.51,0.0002,-74.5363,0.2,31.17,BEARISH,SELL,0,81768.8,79340.02,81364.0,78530.43
2026-05-15 09:55:43,ETH-USD,PUT,2300.0,2026-05-22,2268.8798828125,-0.687,0.0061,-1.4994,0.2,35.71,BEARISH,BUY,68.7,2246.19,2314.26,2257.54,2336.95
2026-05-15 09:58:46,SPY,PUT,780.0,2026-05-15,748.1699829101562,-1.0,0.0,0.1068,0.0,51.29,BEARISH,BUY,100.0,740.69,763.13,744.43,770.62
2026-05-15 09:58:47,^NSEI,CALL,23800.0,2026-05-22,23826.19921875,0.535,0.0007,-21.9429,0.2,71.24,BULLISH,HOLD,0,23826.2,23826.2,23826.2,23826.2
2026-05-15 09:58:49,^NSEBANK,CALL,54200.0,2026-05-22,54209.55078125,0.521,0.0003,-49.9377,0.2,53.0,BULLISH,BUY,52.1,53667.46,55293.74,53938.5,55835.84
2026-05-15 09:58:51,BTC-USD,CALL,80900.0,2026-05-22,80910.21875,0.52,0.0002,-74.5327,0.2,28.92,BEARISH,SELL,0,81719.32,79292.01,81314.77,78482.91
2026-05-15 09:58:53,ETH-USD,CALL,2300.0,2026-05-22,2267.10009765625,0.303,0.006,-1.7834,0.2,33.02,BEARISH,SELL,0,2289.77,2221.76,2278.44,2199.09
2026-05-15 10:01:54,SPY,PUT,780.0,2026-05-15,748.1699829101562,-1.0,0.0,0.1068,0.0,51.29,BEARISH,BUY,100.0,740.69,763.13,744.43,770.62
2026-05-15 10:01:55,^NSEI,CALL,23800.0,2026-05-22,23792.349609375,0.513,0.0007,-21.9096,0.2,71.22,BULLISH,HOLD,0,23792.35,23792.35,23792.35,23792.35
2026-05-15 10:01:56,^NSEBANK,PUT,54100.0,2026-05-22,54096.3515625,-0.483,0.0003,-42.4219,0.2,51.33,BEARISH,BUY,48.3,53555.39,55178.28,53825.87,55719.24
2026-05-15 10:01:57,BTC-USD,CALL,80900.0,2026-05-22,80901.4375,0.518,0.0002,-74.5205,0.2,26.57,BEARISH,SELL,0,81710.45,79283.41,81305.94,78474.39
2026-05-15 10:01:58,ETH-USD,CALL,2300.0,2026-05-22,2267.409912109375,0.304,0.006,-1.7888,0.2,30.92,BEARISH,SELL,0,2290.08,2222.06,2278.75,2199.39
2026-05-15 10:04:59,SPY,PUT,780.0,2026-05-15,748.1699829101562,-1.0,0.0,0.1068,0.0,51.29,BEARISH,BUY,100.0,740.69,763.13,744.43,770.62
2026-05-15 10:05:00,^NSEI,CALL,23800.0,2026-05-22,23817.75,0.529,0.0007,-21.9404,0.2,78.68,BULLISH,SELL,0,24055.93,23341.4,23936.84,23103.22
2026-05-15 10:05:02,^NSEBANK,CALL,54200.0,2026-05-22,54180.8984375,0.512,0.0003,-49.8917,0.2,56.68,BULLISH,BUY,51.2,53639.09,55264.52,53909.99,55806.33
2026-05-15 10:05:04,BTC-USD,CALL,81000.0,2026-05-22,80960.3984375,0.51,0.0002,-74.5389,0.2,31.99,BEARISH,SELL,0,81770.0,79341.19,81365.2,78531.59
2026-05-15 10:05:05,ETH-USD,PUT,2300.0,2026-05-22,2269.610107421875,-0.682,0.0061,-1.5117,0.2,36.67,BEARISH,BUY,68.2,2246.91,2315.0,2258.26,2337.7
2026-05-15 10:08:07,SPY,PUT,780.0,2026-05-15,748.1699829101562,-1.0,0.0,0.1068,0.0,51.29,BEARISH,BUY,100.0,740.69,763.13,744.43,770.62
2026-05-15 10:08:08,^NSEI,CALL,23800.0,2026-05-22,23799.400390625,0.518,0.0007,-21.9217,0.2,72.23,BULLISH,HOLD,0,23799.4,23799.4,23799.4,23799.4
2026-05-15 10:08:08,^NSEBANK,PUT,54100.0,2026-05-22,54133.5,-0.472,0.0003,-42.464,0.2,53.13,BEARISH,BUY,47.2,53592.17,55216.17,53862.83,55757.51
2026-05-15 10:08:10,BTC-USD,CALL,80900.0,2026-05-22,80943.578125,0.526,0.0002,-74.5681,0.2,30.17,BEARISH,SELL,0,81753.01,79324.71,81348.3,78515.27
2026-05-15 10:08:12,ETH-USD,CALL,2300.0,2026-05-22,2267.419921875,0.305,0.006,-1.789,0.2,32.95,BEARISH,SELL,0,2290.09,2222.07,2278.76,2199.4
2026-05-15 10:11:13,SPY,PUT,749.0,2026-05-15,748.1699829101562,-1.0,0.0,0.1026,0.0,51.29,BEARISH,BUY,100.0,740.69,763.13,744.43,770.62
2026-05-15 10:11:14,^NSEI,CALL,23800.0,2026-05-22,23795.099609375,0.515,0.0007,-21.9146,0.2,69.61,BULLISH,HOLD,0,23795.1,23795.1,23795.1,23795.1
2026-05-15 10:11:15,^NSEBANK,PUT,54200.0,2026-05-22,54161.05078125,-0.493,0.0003,-42.4297,0.2,51.6,BEARISH,BUY,49.3,53619.44,55244.27,53890.25,55785.88
2026-05-15 10:11:16,BTC-USD,PUT,81000.0,2026-05-22,80997.8828125,-0.483,0.0002,-63.5205,0.2,51.98,BEARISH,BUY,48.3,80187.9,82617.84,80592.89,83427.82
2026-05-15 10:11:17,ETH-USD,PUT,2300.0,2026-05-22,2269.429931640625,-0.683,0.0061,-1.5087,0.2,49.95,BEARISH,BUY,68.3,2246.74,2314.82,2258.08,2337.51
2026-05-15 10:14:19,SPY,PUT,749.0,2026-05-15,748.1699829101562,-1.0,0.0,0.1026,0.0,51.29,BEARISH,BUY,100.0,740.69,763.13,744.43,770.62
2026-05-15 10:14:20,^NSEI,CALL,23800.0,2026-05-22,23797.44921875,0.516,0.0007,-21.9186,0.2,69.86,BULLISH,HOLD,0,23797.45,23797.45,23797.45,23797.45
2026-05-15 10:14:21,^NSEBANK,CALL,54200.0,2026-05-22,54185.5,0.514,0.0003,-49.9004,0.2,52.9,BULLISH,BUY,51.4,53643.64,55269.21,53914.57,55811.07
2026-05-15 10:14:22,BTC-USD,PUT,81000.0,2026-05-22,80951.2734375,-0.491,0.0002,-63.432,0.2,47.45,BEARISH,BUY,49.1,80141.76,82570.3,80546.52,83379.81
2026-05-15 10:14:23,ETH-USD,PUT,2300.0,2026-05-22,2267.679931640625,-0.694,0.006,-1.4787,0.2,45.18,BEARISH,BUY,69.4,2245.0,2313.03,2256.34,2335.71
2026-05-15 10:17:25,SPY,PUT,749.0,2026-05-15,748.1699829101562,-1.0,0.0,0.1026,0.0,51.29,BEARISH,BUY,100.0,740.69,763.13,744.43,770.62
2026-05-15 10:17:26,^NSEI,CALL,23800.0,2026-05-22,23806.80078125,0.522,0.0007,-21.9314,0.2,69.87,BULLISH,HOLD,0,23806.8,23806.8,23806.8,23806.8
2026-05-15 10:17:27,^NSEBANK,CALL,54200.0,2026-05-22,54203.44921875,0.519,0.0003,-49.9295,0.2,52.93,BULLISH,BUY,51.9,53661.41,55287.52,53932.43,55829.55
2026-05-15 10:17:28,BTC-USD,PUT,80900.0,2026-05-22,80931.859375,-0.476,0.0002,-63.4846,0.2,48.15,BEARISH,BUY,47.6,80122.54,82550.5,80527.2,83359.82
2026-05-15 10:17:29,ETH-USD,PUT,2300.0,2026-05-22,2267.89990234375,-0.693,0.006,-1.4826,0.2,43.48,BEARISH,BUY,69.3,2245.22,2313.26,2256.56,2335.94
2026-05-15 10:20:31,SPY,PUT,749.0,2026-05-15,748.1699829101562,-1.0,0.0,0.1026,0.0,51.29,BEARISH,BUY,100.0,740.69,763.13,744.43,770.62
2026-05-15 10:20:32,^NSEI,CALL,23800.0,2026-05-22,23789.19921875,0.511,0.0007,-21.9033,0.2,64.8,BULLISH,BUY,51.1,23551.31,24264.98,23670.25,24502.88
2026-05-15 10:20:33,^NSEBANK,CALL,54200.0,2026-05-22,54189.75,0.515,0.0003,-49.908,0.2,48.35,BULLISH,BUY,51.5,53647.85,55273.54,53918.8,55815.44
2026-05-15 10:20:35,BTC-USD,PUT,80900.0,2026-05-22,80862.3671875,-0.489,0.0002,-63.3778,0.2,39.47,BEARISH,BUY,48.9,80053.74,82479.61,80458.06,83288.24
2026-05-15 10:20:36,ETH-USD,CALL,2300.0,2026-05-22,2265.199951171875,0.291,0.0059,-1.7492,0.2,33.97,BEARISH,SELL,0,2287.85,2219.9,2276.53,2197.24
2026-05-15 10:23:38,SPY,PUT,749.0,2026-05-15,748.1699829101562,-1.0,0.0,0.1026,0.0,51.29,BEARISH,BUY,100.0,740.69,763.13,744.43,770.62
2026-05-15 10:23:39,^NSEI,CALL,23800.0,2026-05-22,23803.30078125,0.52,0.0007,-21.9272,0.2,66.95,BULLISH,HOLD,0,23803.3,23803.3,23803.3,23803.3
2026-05-15 10:23:40,^NSEBANK,CALL,54200.0,2026-05-22,54224.3515625,0.525,0.0003,-49.9537,0.2,49.29,BULLISH,BUY,52.5,53682.11,55308.84,53953.23,55851.08
2026-05-15 10:23:42,BTC-USD,PUT,80800.0,2026-05-22,80822.0078125,-0.478,0.0002,-63.3957,0.2,36.28,BEARISH,BUY,47.8,80013.79,82438.45,80417.9,83246.67
2026-05-15 10:23:43,ETH-USD,CALL,2300.0,2026-05-22,2264.22998046875,0.286,0.0059,-1.7313,0.2,32.31,BEARISH,SELL,0,2286.87,2218.95,2275.55,2196.3
2026-05-15 10:26:45,SPY,PUT,749.0,2026-05-15,748.1699829101562,-1.0,0.0,0.1026,0.0,51.29,BEARISH,BUY,100.0,740.69,763.13,744.43,770.62
2026-05-15 10:26:46,^NSEI,CALL,23800.0,2026-05-22,23826.05078125,0.535,0.0007,-21.9429,0.2,69.05,BULLISH,HOLD,0,23826.05,23826.05,23826.05,23826.05
2026-05-15 10:26:47,^NSEBANK,CALL,54300.0,2026-05-22,54281.1015625,0.512,0.0003,-49.9842,0.2,68.24,BULLISH,HOLD,0,54281.1,54281.1,54281.1,54281.1
2026-05-15 10:26:48,BTC-USD,PUT,80800.0,2026-05-22,80782.5390625,-0.485,0.0002,-63.3383,0.2,35.62,BEARISH,BUY,48.5,79974.71,82398.19,80378.63,83206.02
2026-05-15 10:26:49,ETH-USD,PUT,2300.0,2026-05-22,2264.47998046875,-0.713,0.0059,-1.4212,0.2,36.36,BEARISH,BUY,71.3,2241.84,2309.77,2253.16,2332.41
2026-05-15 10:29:51,SPY,PUT,749.0,2026-05-15,748.1699829101562,-1.0,0.0,0.1026,0.0,51.29,BEARISH,BUY,100.0,740.69,763.13,744.43,770.62
2026-05-15 10:29:52,^NSEI,CALL,23800.0,2026-05-22,23828.900390625,0.537,0.0007,-21.9429,0.2,69.32,BULLISH,HOLD,0,23828.9,23828.9,23828.9,23828.9
2026-05-15 10:29:53,^NSEBANK,CALL,54200.0,2026-05-22,54243.44921875,0.53,0.0003,-49.9667,0.2,66.17,BULLISH,HOLD,0,54243.45,54243.45,54243.45,54243.45
2026-05-15 10:29:54,BTC-USD,CALL,80700.0,2026-05-22,80701.3984375,0.518,0.0002,-74.3362,0.2,31.4,BEARISH,SELL,0,81508.41,79087.37,81104.91,78280.36
2026-05-15 10:29:55,ETH-USD,CALL,2300.0,2026-05-22,2262.139892578125,0.273,0.0057,-1.6919,0.2,32.12,BEARISH,SELL,0,2284.76,2216.9,2273.45,2194.28
2026-05-15 10:32:57,SPY,PUT,749.0,2026-05-15,748.1699829101562,-1.0,0.0,0.1026,0.0,51.29,BEARISH,BUY,100.0,740.69,763.13,744.43,770.62
2026-05-15 10:32:58,^NSEI,CALL,23800.0,2026-05-22,23815.150390625,0.528,0.0007,-21.9389,0.2,60.01,BULLISH,BUY,52.8,23577.0,24291.45,23696.07,24529.6
2026-05-15 10:32:59,^NSEBANK,CALL,54200.0,2026-05-22,54239.30078125,0.529,0.0003,-49.9646,0.2,61.53,BULLISH,BUY,52.9,53696.91,55324.09,53968.1,55866.48
2026-05-15 10:33:00,BTC-USD,CALL,80800.0,2026-05-22,80799.078125,0.518,0.0002,-74.4248,0.2,34.22,BEARISH,SELL,0,81607.07,79183.1,81203.07,78375.11
2026-05-15 10:33:01,ETH-USD,CALL,2300.0,2026-05-22,2263.340087890625,0.28,0.0058,-1.7147,0.2,28.37,BEARISH,SELL,0,2285.97,2218.07,2274.66,2195.44
2026-05-15 10:36:02,SPY,PUT,749.0,2026-05-15,748.1699829101562,-1.0,0.0,0.1026,0.0,51.29,BEARISH,BUY,100.0,740.69,763.13,744.43,770.62
2026-05-15 10:36:03,^NSEI,CALL,23800.0,2026-05-22,23809.099609375,0.524,0.0007,-21.9339,0.2,54.24,BULLISH,BUY,52.4,23571.01,24285.28,23690.05,24523.37
2026-05-15 10:36:05,^NSEBANK,CALL,54200.0,2026-05-22,54240.55078125,0.53,0.0003,-49.9653,0.2,50.27,BULLISH,BUY,53.0,53698.15,55325.36,53969.35,55867.77
2026-05-15 10:36:06,BTC-USD,CALL,80800.0,2026-05-22,80816.7421875,0.521,0.0002,-74.4489,0.2,33.53,BEARISH,SELL,0,81624.91,79200.41,81220.83,78392.24
2026-05-15 10:36:08,ETH-USD,CALL,2300.0,2026-05-22,2263.419921875,0.281,0.0058,-1.7162,0.2,28.13,BEARISH,SELL,0,2286.05,2218.15,2274.74,2195.52
2026-05-15 10:39:10,SPY,PUT,749.0,2026-05-15,748.1699829101562,-1.0,0.0,0.1026,0.0,51.29,BEARISH,BUY,100.0,740.69,763.13,744.43,770.62
2026-05-15 10:39:13,^NSEI,CALL,23800.0,2026-05-22,23807.5,0.523,0.0007,-21.9322,0.2,53.86,BULLISH,BUY,52.3,23569.42,24283.65,23688.46,24521.73
2026-05-15 10:39:15,^NSEBANK,CALL,54200.0,2026-05-22,54214.69921875,0.522,0.0003,-49.9438,0.2,47.55,BULLISH,BUY,52.2,53672.55,55298.99,53943.63,55841.14
2026-05-15 10:39:17,BTC-USD,CALL,80800.0,2026-05-22,80753.9765625,0.509,0.0002,-74.3406,0.2,30.84,BEARISH,SELL,0,81561.52,79138.9,81157.75,78331.36
2026-05-15 10:39:20,ETH-USD,CALL,2300.0,2026-05-22,2263.239990234375,0.28,0.0058,-1.7128,0.2,27.89,BEARISH,SELL,0,2285.87,2217.98,2274.56,2195.34
2026-05-15 10:42:22,SPY,PUT,749.0,2026-05-15,748.1699829101562,-1.0,0.0,0.1026,0.0,51.29,BEARISH,BUY,100.0,740.69,763.13,744.43,770.62
2026-05-15 10:42:23,^NSEI,CALL,23800.0,2026-05-22,23818.849609375,0.53,0.0007,-21.941,0.2,66.9,BULLISH,HOLD,0,23818.85,23818.85,23818.85,23818.85
2026-05-15 10:42:24,^NSEBANK,CALL,54200.0,2026-05-22,54230.19921875,0.527,0.0003,-49.9586,0.2,54.45,BULLISH,BUY,52.7,53687.9,55314.8,53959.05,55857.11
2026-05-15 10:42:25,BTC-USD,CALL,80800.0,2026-05-22,80767.3125,0.512,0.0002,-74.3689,0.2,34.7,BEARISH,SELL,0,81574.99,79151.97,81171.15,78344.29
2026-05-15 10:42:28,ETH-USD,CALL,2300.0,2026-05-22,2263.929931640625,0.284,0.0058,-1.7258,0.2,34.0,BEARISH,SELL,0,2286.57,2218.65,2275.25,2196.01
2026-05-15 10:45:30,SPY,PUT,749.0,2026-05-15,748.1699829101562,-1.0,0.0,0.1026,0.0,51.29,BEARISH,BUY,100.0,740.69,763.13,744.43,770.62
2026-05-15 10:45:31,^NSEI,CALL,23800.0,2026-05-22,23821.44921875,0.532,0.0007,-21.942,0.2,63.36,BULLISH,BUY,53.2,23583.23,24297.88,23702.34,24536.09
2026-05-15 10:45:33,^NSEBANK,CALL,54200.0,2026-05-22,54239.8984375,0.529,0.0003,-49.9649,0.2,52.04,BULLISH,BUY,52.9,53697.5,55324.7,53968.7,55867.1
2026-05-15 10:45:34,BTC-USD,PUT,80800.0,2026-05-22,80828.0,-0.477,0.0002,-63.4023,0.2,35.74,BEARISH,BUY,47.7,80019.72,82444.56,80423.86,83252.84
2026-05-15 10:45:35,ETH-USD,PUT,2300.0,2026-05-22,2265.340087890625,-0.708,0.0059,-1.437,0.2,36.08,BEARISH,BUY,70.8,2242.69,2310.65,2254.01,2333.3
2026-05-15 10:48:37,SPY,PUT,749.0,2026-05-15,748.1699829101562,-1.0,0.0,0.1026,0.0,51.29,BEARISH,BUY,100.0,740.69,763.13,744.43,770.62
2026-05-15 10:48:37,^NSEI,CALL,23800.0,2026-05-22,23822.80078125,0.533,0.0007,-21.9424,0.2,63.58,BULLISH,BUY,53.3,23584.57,24299.26,23703.69,24537.48
2026-05-15 10:48:38,^NSEBANK,CALL,54300.0,2026-05-22,54252.5,0.504,0.0003,-49.9189,0.2,53.64,BULLISH,BUY,50.4,53709.97,55337.55,53981.24,55880.08
2026-05-15 10:48:39,BTC-USD,CALL,80800.0,2026-05-22,80819.9765625,0.522,0.0002,-74.4528,0.2,34.6,BEARISH,SELL,0,81628.18,79203.58,81224.08,78395.38
2026-05-15 10:48:40,ETH-USD,CALL,2300.0,2026-05-22,2264.6201171875,0.288,0.0059,-1.7386,0.2,34.73,BEARISH,SELL,0,2287.27,2219.33,2275.94,2196.68
2026-05-15 10:51:42,SPY,PUT,749.0,2026-05-15,748.1699829101562,-1.0,0.0,0.1026,0.0,51.29,BEARISH,BUY,100.0,740.69,763.13,744.43,770.62
2026-05-15 10:51:44,^NSEI,CALL,23800.0,2026-05-22,23835.650390625,0.541,0.0006,-21.9411,0.2,59.84,BULLISH,BUY,54.1,23597.29,24312.36,23716.47,24550.72
2026-05-15 10:51:45,^NSEBANK,CALL,54300.0,2026-05-22,54303.25,0.519,0.0003,-50.0213,0.2,51.8,BULLISH,BUY,51.9,53760.22,55389.32,54031.73,55932.35
2026-05-15 10:51:47,BTC-USD,PUT,80900.0,2026-05-22,80864.296875,-0.489,0.0002,-63.3818,0.2,39.34,BEARISH,BUY,48.9,80055.65,82481.58,80459.98,83290.23
2026-05-15 10:51:48,ETH-USD,PUT,2300.0,2026-05-22,2265.570068359375,-0.707,0.0059,-1.4412,0.2,36.64,BEARISH,BUY,70.7,2242.91,2310.88,2254.24,2333.54
2026-05-15 10:54:50,SPY,PUT,749.0,2026-05-15,748.1699829101562,-1.0,0.0,0.1026,0.0,51.29,BEARISH,BUY,100.0,740.69,763.13,744.43,770.62
2026-05-15 10:54:51,^NSEI,CALL,23800.0,2026-05-22,23834.349609375,0.54,0.0006,-21.9417,0.2,59.27,BULLISH,BUY,54.0,23596.01,24311.04,23715.18,24549.38
2026-05-15 10:54:52,^NSEBANK,CALL,54300.0,2026-05-22,54307.94921875,0.52,0.0003,-50.0277,0.2,52.29,BULLISH,BUY,52.0,53764.87,55394.11,54036.41,55937.19
2026-05-15 10:54:53,BTC-USD,PUT,80800.0,2026-05-22,80848.0078125,-0.473,0.0002,-63.4199,0.2,37.94,BEARISH,BUY,47.3,80039.53,82464.97,80443.77,83273.45
2026-05-15 10:54:54,ETH-USD,CALL,2300.0,2026-05-22,2264.93994140625,0.29,0.0059,-1.7445,0.2,34.52,BEARISH,SELL,0,2287.59,2219.64,2276.26,2196.99
2026-05-15 10:59:41,SPY,PUT,749.0,2026-05-15,748.1699829101562,-1.0,0.0,0.1026,0.0,51.29,BEARISH,BUY,100.0,740.69,763.13,744.43,770.62
2026-05-15 10:59:42,^NSEI,CALL,23800.0,2026-05-22,23829.80078125,0.537,0.0007,-21.9428,0.2,61.0,BULLISH,BUY,53.7,23591.5,24306.4,23710.65,24544.69
2026-05-15 10:59:43,^NSEBANK,CALL,54300.0,2026-05-22,54268.5,0.509,0.0003,-49.9578,0.2,58.73,BULLISH,BUY,50.9,53725.82,55353.87,53997.16,55896.56
2026-05-15 10:59:44,BTC-USD,PUT,80800.0,2026-05-22,80762.5078125,-0.489,0.0002,-63.2996,0.2,36.22,BEARISH,BUY,48.9,79954.88,82377.76,80358.7,83185.38
2026-05-15 10:59:45,ETH-USD,PUT,2300.0,2026-05-22,2262.949951171875,-0.722,0.0058,-1.3925,0.2,35.55,BEARISH,BUY,72.2,2240.32,2308.21,2251.64,2330.84
2026-05-15 11:02:46,SPY,PUT,749.0,2026-05-15,748.1699829101562,-1.0,0.0,0.1026,0.0,51.29,BEARISH,BUY,100.0,740.69,763.13,744.43,770.62
2026-05-15 11:02:47,^NSEI,PUT,23800.0,2026-05-22,23803.849609375,-0.48,0.0007,-18.6703,0.2,43.68,BEARISH,BUY,48.0,23565.81,24279.93,23684.83,24517.97
2026-05-15 11:02:48,^NSEBANK,PUT,54200.0,2026-05-22,54206.6015625,-0.48,0.0003,-42.5153,0.2,49.51,BEARISH,BUY,48.0,53664.54,55290.73,53935.57,55832.8
2026-05-15 11:02:49,BTC-USD,CALL,80500.0,2026-05-22,80526.96875,0.523,0.0002,-74.1842,0.2,27.55,BEARISH,SELL,0,81332.24,78916.43,80929.6,78111.16
2026-05-15 11:02:50,ETH-USD,CALL,2300.0,2026-05-22,2250.5,0.211,0.005,-1.4532,0.2,19.79,BEARISH,SELL,0,2273.01,2205.49,2261.75,2182.99
2026-05-15 11:05:51,SPY,PUT,749.0,2026-05-15,748.1699829101562,-1.0,0.0,0.1026,0.0,51.29,BEARISH,BUY,100.0,740.69,763.13,744.43,770.62
2026-05-15 11:05:52,^NSEI,PUT,23800.0,2026-05-22,23773.30078125,-0.5,0.0007,-18.6057,0.2,37.6,BEARISH,BUY,50.0,23535.57,24248.77,23654.43,24486.5
2026-05-15 11:05:52,^NSEBANK,PUT,54100.0,2026-05-22,54125.6484375,-0.475,0.0003,-42.4579,0.2,43.39,BEARISH,BUY,47.5,53584.39,55208.16,53855.02,55749.42
2026-05-15 11:05:53,BTC-USD,CALL,80400.0,2026-05-22,80441.8515625,0.526,0.0002,-74.106,0.2,27.05,BEARISH,SELL,0,81246.27,78833.01,80844.06,78028.6
2026-05-15 11:05:54,ETH-USD,CALL,2200.0,2026-05-22,2247.530029296875,0.81,0.0047,-1.5445,0.2,18.64,BEARISH,SELL,0,2270.01,2202.58,2258.77,2180.1
2026-05-15 11:08:56,SPY,PUT,749.0,2026-05-15,748.1699829101562,-1.0,0.0,0.1026,0.0,51.29,BEARISH,BUY,100.0,740.69,763.13,744.43,770.62
2026-05-15 11:08:58,^NSEI,CALL,23700.0,2026-05-22,23742.05078125,0.545,0.0007,-21.8449,0.2,32.27,BEARISH,SELL,0,23979.47,23267.21,23860.76,23029.79
2026-05-15 11:08:59,^NSEBANK,PUT,54000.0,2026-05-22,54017.05078125,-0.477,0.0003,-42.371,0.2,35.6,BEARISH,BUY,47.7,53476.88,55097.39,53746.97,55637.56
2026-05-15 11:09:01,BTC-USD,CALL,80400.0,2026-05-22,80367.0,0.512,0.0002,-73.9998,0.2,25.17,BEARISH,SELL,0,81170.67,78759.66,80768.83,77955.99
2026-05-15 11:09:02,ETH-USD,CALL,2200.0,2026-05-22,2240.7099609375,0.776,0.0052,-1.6626,0.2,15.38,BEARISH,SELL,0,2263.12,2195.9,2251.91,2173.49
2026-05-15 11:12:07,SPY,PUT,749.0,2026-05-15,748.1699829101562,-1.0,0.0,0.1026,0.0,51.29,BEARISH,BUY,100.0,740.69,763.13,744.43,770.62
2026-05-15 11:12:10,^NSEI,CALL,23700.0,2026-05-22,23749.75,0.55,0.0006,-21.8371,0.2,34.99,BEARISH,SELL,0,23987.25,23274.76,23868.5,23037.26
2026-05-15 11:12:13,^NSEBANK,PUT,54000.0,2026-05-22,54044.75,-0.469,0.0003,-42.3918,0.2,39.39,BEARISH,BUY,46.9,53504.3,55125.65,53774.53,55666.09
2026-05-15 11:12:16,BTC-USD,CALL,80400.0,2026-05-22,80397.953125,0.518,0.0002,-74.0547,0.2,21.44,BEARISH,SELL,0,81201.93,78789.99,80799.94,77986.01
2026-05-15 11:12:18,ETH-USD,CALL,2200.0,2026-05-22,2243.840087890625,0.792,0.005,-1.6093,0.2,13.58,BEARISH,SELL,0,2266.28,2198.96,2255.06,2176.52
2026-05-15 11:15:20,SPY,PUT,749.0,2026-05-15,748.1699829101562,-1.0,0.0,0.1026,0.0,51.29,BEARISH,BUY,100.0,740.69,763.13,744.43,770.62
2026-05-15 11:15:21,^NSEI,PUT,23700.0,2026-05-22,23738.55078125,-0.457,0.0007,-18.6034,0.2,36.83,BEARISH,BUY,45.7,23501.17,24213.32,23619.86,24450.71
2026-05-15 11:15:23,^NSEBANK,PUT,54000.0,2026-05-22,54007.8515625,-0.48,0.0003,-42.3601,0.2,40.07,BEARISH,BUY,48.0,53467.77,55088.01,53737.81,55628.09
2026-05-15 11:15:24,BTC-USD,CALL,80400.0,2026-05-22,80428.296875,0.523,0.0002,-74.0935,0.2,24.23,BEARISH,SELL,0,81232.58,78819.73,80830.44,78015.45
2026-05-15 11:15:25,ETH-USD,CALL,2200.0,2026-05-22,2245.260009765625,0.799,0.0049,-1.5846,0.2,19.27,BEARISH,SELL,0,2267.71,2200.35,2256.49,2177.9
2026-05-15 11:18:27,SPY,PUT,749.0,2026-05-15,748.1699829101562,-1.0,0.0,0.1026,0.0,51.29,BEARISH,BUY,100.0,740.69,763.13,744.43,770.62
2026-05-15 11:18:28,^NSEI,CALL,23700.0,2026-05-22,23727.44921875,0.536,0.0007,-21.8508,0.2,34.78,BEARISH,SELL,0,23964.72,23252.9,23846.09,23015.63
2026-05-15 11:18:30,^NSEBANK,PUT,54000.0,2026-05-22,53988.6484375,-0.485,0.0003,-42.3306,0.2,38.72,BEARISH,BUY,48.5,53448.76,55068.42,53718.71,55608.31
2026-05-15 11:18:31,BTC-USD,CALL,80300.0,2026-05-22,80346.3984375,0.527,0.0002,-74.0174,0.2,22.46,BEARISH,SELL,0,81149.86,78739.47,80748.13,77936.01
2026-05-15 11:18:32,ETH-USD,CALL,2200.0,2026-05-22,2241.699951171875,0.781,0.0051,-1.6459,0.2,17.6,BEARISH,SELL,0,2264.12,2196.87,2252.91,2174.45
2026-05-15 11:26:47,SPY,PUT,749.0,2026-05-15,748.1699829101562,-1.0,0.0,0.1026,0.0,51.29,BEARISH,BUY,100.0,747.52,749.48,747.52,749.48
2026-05-15 11:26:49,^NSEI,CALL,23700.0,2026-05-22,23728.849609375,0.537,0.0007,-21.8507,0.2,31.63,BEARISH,SELL,0,23765.37,23655.8,23765.37,23655.8
2026-05-15 11:26:51,^NSEBANK,CALL,54000.0,2026-05-22,53971.1484375,0.51,0.0003,-49.6873,0.2,27.62,BEARISH,SELL,0,54084.58,53744.28,54084.58,53744.28
2026-05-15 11:26:52,BTC-USD,CALL,80400.0,2026-05-22,80408.3125,0.52,0.0002,-74.0696,0.2,28.33,BEARISH,SELL,0,80613.95,79997.04,80613.95,79997.04
2026-05-15 11:26:55,ETH-USD,CALL,2200.0,2026-05-22,2246.550048828125,0.805,0.0048,-1.5619,0.2,25.87,BEARISH,SELL,0,2254.26,2231.13,2254.26,2231.13
2026-05-15 11:27:56,SPY,PUT,749.0,2026-05-15,748.1699829101562,-1.0,0.0,0.1026,0.0,51.29,BEARISH,BUY,100.0,747.52,749.48,747.52,749.48
2026-05-15 11:27:58,^NSEI,CALL,23700.0,2026-05-22,23721.400390625,0.532,0.0007,-21.8498,0.2,30.22,BEARISH,SELL,0,23758.56,23647.08,23758.56,23647.08
2026-05-15 11:27:59,^NSEBANK,CALL,54000.0,2026-05-22,53952.94921875,0.504,0.0003,-49.6436,0.2,26.55,BEARISH,SELL,0,54066.97,53724.9,54066.97,53724.9
2026-05-15 11:28:01,BTC-USD,CALL,80400.0,2026-05-22,80359.9921875,0.51,0.0002,-73.9852,0.2,27.12,BEARISH,SELL,0,80570.8,79938.37,80570.8,79938.37
2026-05-15 11:28:02,ETH-USD,CALL,2200.0,2026-05-22,2245.320068359375,0.8,0.0049,-1.5836,0.2,25.15,BEARISH,SELL,0,2253.23,2229.5,2253.23,2229.5
2026-05-15 11:29:04,SPY,PUT,749.0,2026-05-15,748.1699829101562,-1.0,0.0,0.1026,0.0,51.29,BEARISH,BUY,100.0,747.52,749.48,747.52,749.48
2026-05-15 11:29:06,^NSEI,CALL,23700.0,2026-05-22,23722.69921875,0.533,0.0007,-21.8502,0.2,30.37,BEARISH,SELL,0,23760.61,23646.89,23759.31,23646.89
2026-05-15 11:29:07,^NSEBANK,CALL,54000.0,2026-05-22,53967.25,0.508,0.0003,-49.6786,0.2,27.45,BEARISH,SELL,0,54082.83,53736.09,54068.53,53736.09
2026-05-15 11:29:09,BTC-USD,CALL,80300.0,2026-05-22,80327.8671875,0.523,0.0002,-74.0009,0.2,26.33,BEARISH,SELL,0,80542.35,79898.9,80542.35,79898.9
2026-05-15 11:29:12,ETH-USD,CALL,2200.0,2026-05-22,2244.219970703125,0.794,0.0049,-1.6028,0.2,24.43,BEARISH,SELL,0,2252.18,2228.3,2252.18,2228.3
2026-05-15 11:30:14,SPY,PUT,749.0,2026-05-15,748.1699829101562,-1.0,0.0,0.1026,0.0,51.29,BEARISH,BUY,100.0,747.52,749.48,747.52,749.48
2026-05-15 11:30:15,^NSEI,CALL,23700.0,2026-05-22,23705.44921875,0.521,0.0007,-21.8378,0.2,18.26,BEARISH,SELL,0,23740.9,23634.54,23740.9,23634.54
2026-05-15 11:30:17,^NSEBANK,CALL,53900.0,2026-05-22,53930.75,0.527,0.0003,-49.6826,0.2,17.68,BEARISH,SELL,0,54040.27,53711.72,54040.27,53711.72
2026-05-15 11:30:18,BTC-USD,CALL,80300.0,2026-05-22,80341.2109375,0.526,0.0002,-74.0134,0.2,27.79,BEARISH,SELL,0,80550.36,79922.9,80537.02,79922.9
2026-05-15 11:30:20,ETH-USD,CALL,2200.0,2026-05-22,2244.169921875,0.794,0.005,-1.6036,0.2,24.7,BEARISH,SELL,0,2252.16,2228.19,2252.16,2228.19
2026-05-26 14:13:38,SPY,CALL,746.0,2026-05-26,745.6400146484375,0.0,0.0097,-0.0001,0.0039,24.4,BEARISH,SELL,0,746.52,743.89,746.52,743.89
2026-05-26 14:13:56,SPY,CALL,746.0,2026-05-26,745.6400146484375,0.0,0.0097,-0.0001,0.0039,24.4,BEARISH,SELL,0,746.52,743.89,746.52,743.89
2026-05-26 14:14:03,^NSEI,CALL,23900.0,2026-06-02,23914.05078125,0.527,0.0006,-22.0303,0.2,27.21,BEARISH,SELL,0,23943.38,23855.39,23943.38,23855.39
2026-05-26 14:14:08,^NSEBANK,PUT,55000.0,2026-06-02,54995.05078125,-0.484,0.0003,-43.1257,0.2,43.9,BEARISH,BUY,48.4,54901.88,55181.39,54901.88,55181.39
2026-05-26 14:14:15,BTC-USD,CALL,76700.0,2026-06-02,76736.78125,0.525,0.0002,-70.693,0.2,66.74,BULLISH,HOLD,0,76736.78,76736.78,76736.78,76736.78
2026-05-26 14:14:22,ETH-USD,CALL,2100.0,2026-06-02,2097.050048828125,0.496,0.0074,-1.9273,0.2,59.08,BULLISH,BUY,49.6,2093.08,2104.99,2093.08,2104.99
2026-05-26 14:15:23,SPY,CALL,746.0,2026-05-26,745.6400146484375,0.0,0.0097,-0.0001,0.0039,24.4,BEARISH,SELL,0,746.52,743.89,746.52,743.89
2026-05-26 14:15:26,^NSEI,CALL,23900.0,2026-06-02,23923.25,0.533,0.0006,-22.0347,0.2,28.57,BEARISH,SELL,0,23951.31,23867.14,23942.11,23867.14
2026-05-26 14:15:29,^NSEBANK,PUT,55100.0,2026-06-02,55059.1015625,-0.494,0.0003,-43.1311,0.2,47.51,BEARISH,BUY,49.4,54969.99,55237.33,54969.99,55237.33
2026-05-26 14:15:30,BTC-USD,CALL,76700.0,2026-06-02,76748.9765625,0.528,0.0002,-70.7024,0.2,73.98,BULLISH,HOLD,0,76748.98,76748.98,76748.98,76748.98
2026-05-26 14:15:32,ETH-USD,CALL,2100.0,2026-06-02,2097.06005859375,0.496,0.0074,-1.9273,0.2,61.48,BULLISH,BUY,49.6,2093.26,2104.65,2093.26,2104.65
2026-05-26 14:16:35,SPY,CALL,746.0,2026-05-26,745.6400146484375,0.0,0.0097,-0.0001,0.0039,24.4,BEARISH,SELL,0,746.52,743.89,746.52,743.89
2026-05-26 14:16:40,^NSEI,CALL,23900.0,2026-06-02,23921.599609375,0.532,0.0006,-22.0342,0.2,27.64,BEARISH,SELL,0,23950.44,23863.91,23942.89,23863.91
2026-05-26 14:16:42,^NSEBANK,PUT,55000.0,2026-06-02,55026.1484375,-0.475,0.0003,-43.1643,0.2,42.37,BEARISH,BUY,47.5,54934.23,55209.98,54934.23,55209.98
2026-05-26 14:16:45,BTC-USD,CALL,76700.0,2026-06-02,76727.640625,0.523,0.0002,-70.6844,0.2,71.4,BULLISH,HOLD,0,76727.64,76727.64,76727.64,76727.64
2026-05-26 14:16:49,ETH-USD,CALL,2100.0,2026-06-02,2096.159912109375,0.489,0.0074,-1.9241,0.2,59.32,BULLISH,BUY,48.9,2092.27,2103.94,2093.17,2103.94
2026-05-26 14:17:54,SPY,CALL,746.0,2026-05-26,745.6400146484375,0.0,0.0097,-0.0001,0.0039,24.4,BEARISH,SELL,0,746.52,743.89,746.52,743.89
2026-05-26 14:17:58,^NSEI,CALL,23900.0,2026-06-02,23919.75,0.531,0.0006,-22.0335,0.2,27.73,BEARISH,SELL,0,23949.12,23861.01,23943.42,23861.01
2026-05-26 14:18:00,^NSEBANK,PUT,55000.0,2026-06-02,55014.69921875,-0.478,0.0003,-43.1527,0.2,41.57,BEARISH,BUY,47.8,54921.1,55201.9,54932.55,55201.9
2026-05-26 14:18:03,BTC-USD,CALL,76700.0,2026-06-02,76723.359375,0.523,0.0002,-70.6798,0.2,71.8,BULLISH,HOLD,0,76723.36,76723.36,76723.36,76723.36
2026-05-26 14:18:16,ETH-USD,CALL,2100.0,2026-06-02,2096.60009765625,0.493,0.0074,-1.9257,0.2,59.91,BULLISH,BUY,49.3,2092.7,2104.41,2093.16,2104.41
2026-05-26 14:19:18,SPY,CALL,746.0,2026-05-26,745.6400146484375,0.0,0.0097,-0.0001,0.0039,24.4,BEARISH,SELL,0,746.52,743.89,746.52,743.89
2026-05-26 14:19:23,^NSEI,CALL,23900.0,2026-06-02,23918.44921875,0.53,0.0006,-22.0329,0.2,27.43,BEARISH,SELL,0,23947.82,23859.7,23943.42,23859.7
2026-05-26 14:19:26,^NSEBANK,PUT,55000.0,2026-06-02,55005.19921875,-0.481,0.0003,-43.1408,0.2,39.41,BEARISH,BUY,48.1,54909.62,55196.35,54930.57,55196.35
2026-05-26 14:19:28,BTC-USD,CALL,76700.0,2026-06-02,76704.5703125,0.519,0.0002,-70.6563,0.2,67.77,BULLISH,HOLD,0,76704.57,76704.57,76704.57,76704.57
2026-05-26 14:19:31,ETH-USD,CALL,2100.0,2026-06-02,2096.0400390625,0.489,0.0074,-1.9236,0.2,59.04,BULLISH,BUY,48.9,2092.1,2103.93,2093.12,2103.93
2026-05-26 14:20:36,SPY,CALL,746.0,2026-05-26,745.6400146484375,0.0,0.0097,-0.0001,0.0039,24.4,BEARISH,SELL,0,746.52,743.89,746.52,743.89
2026-05-26 14:20:44,^NSEI,CALL,23900.0,2026-06-02,23926.900390625,0.535,0.0006,-22.0352,0.2,27.43,BEARISH,SELL,0,23954.84,23871.01,23941.99,23871.01
2026-05-26 14:20:47,^NSEBANK,PUT,55000.0,2026-06-02,55034.05078125,-0.472,0.0003,-43.1704,0.2,44.0,BEARISH,BUY,47.2,54943.66,55214.84,54943.66,55214.84
2026-05-26 14:20:49,BTC-USD,PUT,76600.0,2026-06-02,76633.703125,-0.475,0.0002,-60.1136,0.2,57.58,BEARISH,BUY,47.5,76541.78,76817.56,76541.78,76817.56
2026-05-26 14:20:51,ETH-USD,PUT,2100.0,2026-06-02,2093.610107421875,-0.529,0.0074,-1.6248,0.2,50.73,BEARISH,BUY,52.9,2089.71,2101.42,2093.16,2101.42
2026-05-26 14:21:53,SPY,CALL,746.0,2026-05-26,745.6400146484375,0.0,0.0097,-0.0001,0.0039,24.4,BEARISH,SELL,0,746.52,743.89,746.52,743.89
2026-05-26 14:21:55,^NSEI,CALL,23900.0,2026-06-02,23926.30078125,0.535,0.0006,-22.0351,0.2,28.56,BEARISH,SELL,0,23954.83,23869.25,23942.58,23869.25
2026-05-26 14:21:59,^NSEBANK,PUT,55000.0,2026-06-02,55039.75,-0.471,0.0003,-43.174,0.2,45.03,BEARISH,BUY,47.1,54947.41,55224.43,54947.41,55224.43
2026-05-26 14:22:02,BTC-USD,CALL,76700.0,2026-06-02,76680.0,0.514,0.0002,-70.6164,0.2,63.84,BULLISH,BUY,51.4,76588.6,76862.79,76588.6,76862.79
2026-05-26 14:22:11,ETH-USD,CALL,2100.0,2026-06-02,2095.6298828125,0.485,0.0074,-1.9219,0.2,55.11,BULLISH,BUY,48.5,2091.65,2103.59,2093.08,2103.59
2026-05-26 14:23:18,SPY,CALL,746.0,2026-05-26,745.6400146484375,0.0,0.0097,-0.0001,0.0039,24.4,BEARISH,SELL,0,746.52,743.89,746.52,743.89
2026-05-26 14:23:20,^NSEI,CALL,23900.0,2026-06-02,23935.5,0.541,0.0006,-22.0335,0.2,34.0,BEARISH,SELL,0,23964.79,23876.93,23943.34,23876.93
2026-05-26 14:23:25,^NSEBANK,PUT,55100.0,2026-06-02,55077.1015625,-0.489,0.0003,-43.1715,0.2,49.76,BEARISH,BUY,48.9,54982.86,55265.58,54982.86,55265.58
2026-05-26 14:23:33,BTC-USD,CALL,76700.0,2026-06-02,76684.90625,0.515,0.0002,-70.6252,0.2,63.24,BULLISH,BUY,51.5,76591.28,76872.15,76591.28,76872.15
2026-05-26 14:23:39,ETH-USD,CALL,2100.0,2026-06-02,2096.159912109375,0.489,0.0074,-1.9241,0.2,55.91,BULLISH,BUY,48.9,2092.13,2104.22,2093.03,2104.22
2026-05-26 14:24:41,SPY,CALL,746.0,2026-05-26,745.6400146484375,0.0,0.0097,-0.0001,0.0039,24.4,BEARISH,SELL,0,746.52,743.89,746.52,743.89
2026-05-26 14:24:43,^NSEI,CALL,23900.0,2026-06-02,23933.349609375,0.54,0.0006,-22.0343,0.2,32.96,BEARISH,SELL,0,23962.88,23874.28,23943.58,23874.28
2026-05-26 14:24:44,^NSEBANK,CALL,55100.0,2026-06-02,55092.6484375,0.516,0.0003,-50.7419,0.2,51.24,BULLISH,BUY,51.6,54996.42,55285.1,54996.42,55285.1
2026-05-26 14:24:45,BTC-USD,CALL,76700.0,2026-06-02,76688.0,0.515,0.0002,-70.6305,0.2,63.48,BULLISH,BUY,51.5,76594.37,76875.25,76594.37,76875.25
2026-05-26 14:24:46,ETH-USD,CALL,2100.0,2026-06-02,2096.679931640625,0.493,0.0074,-1.926,0.2,57.16,BULLISH,BUY,49.3,2092.59,2104.86,2092.97,2104.86
2026-05-26 14:34:00,SPY,CALL,746.0,2026-05-26,745.6400146484375,0.0,0.0097,-0.0001,0.0039,24.4,BEARISH (FVG Buy),SELL,0,746.52,743.89,746.52,743.89
2026-05-26 14:34:01,^NSEI,CALL,23900.0,2026-06-02,23927.25,0.536,0.0006,-22.0352,0.2,31.07,BEARISH (FVG Buy),SELL,0,23957.56,23866.63,23957.56,23866.63
2026-05-26 14:34:02,^NSEBANK,CALL,55100.0,2026-06-02,55118.3984375,0.523,0.0003,-50.777,0.2,50.15,BULLISH (FVG Buy),BUY,62.3,55017.07,55321.05,55017.07,55321.05
2026-05-26 14:34:04,BTC-USD,PUT,76600.0,2026-06-02,76625.828125,-0.477,0.0002,-60.1058,0.2,45.46,BEARISH (FVG Buy),BUY,57.7,76531.05,76815.39,76531.05,76815.39
2026-05-26 14:34:05,ETH-USD,PUT,2100.0,2026-06-02,2094.27001953125,-0.525,0.0074,-1.6282,0.2,40.17,BEARISH (FVG Buy),BUY,62.5,2090.34,2102.13,2090.34,2102.13
2026-05-26 14:35:08,SPY,CALL,746.0,2026-05-26,745.6400146484375,0.0,0.0097,-0.0001,0.0039,24.4,BEARISH (FVG Buy),SELL,0,746.52,743.89,746.52,743.89
2026-05-26 14:35:11,^NSEI,CALL,23900.0,2026-06-02,23922.900390625,0.533,0.0006,-22.0346,0.2,21.3,BEARISH (FVG Buy),SELL,0,23951.69,23865.32,23951.69,23865.32
2026-05-26 14:35:13,^NSEBANK,CALL,55100.0,2026-06-02,55079.55078125,0.512,0.0003,-50.7181,0.2,39.69,BULLISH (FVG Buy),BUY,61.2,54981.57,55275.5,55020.42,55275.5
2026-05-26 14:35:16,BTC-USD,PUT,76600.0,2026-06-02,76629.40625,-0.476,0.0002,-60.1095,0.2,48.54,BEARISH (FVG Buy),BUY,57.6,76541.75,76804.73,76541.75,76804.73
2026-05-26 14:35:20,ETH-USD,PUT,2100.0,2026-06-02,2094.010009765625,-0.527,0.0074,-1.6269,0.2,52.83,BEARISH (FVG Buy),BUY,62.7,2090.85,2100.33,2091.11,2100.33
2026-05-26 14:48:55,SPY,CALL,746.0,2026-05-26,745.6400146484375,0.0,0.0097,-0.0001,0.0039,24.4,BEARISH (FVG Buy),SELL,0,746.52,743.89,746.52,743.89
2026-05-26 14:48:56,^NSEI,CALL,23900.0,2026-06-02,23900.400390625,0.518,0.0007,-22.0153,0.2,20.85,BEARISH (FVG Buy),SELL,0,23930.68,23839.83,23930.68,23839.83
2026-05-26 14:48:58,^NSEBANK,PUT,55000.0,2026-06-02,55044.8984375,-0.469,0.0003,-43.1765,0.2,44.51,BEARISH (FVG Buy),BUY,56.9,54941.31,55252.08,54941.31,55252.08
2026-05-26 14:48:59,BTC-USD,CALL,76700.0,2026-06-02,76702.1015625,0.518,0.0002,-70.6527,0.2,53.07,BULLISH (FVG Buy),BUY,61.8,76600.56,76905.18,76600.56,76905.18
2026-05-26 14:49:01,ETH-USD,CALL,2100.0,2026-06-02,2096.56005859375,0.492,0.0074,-1.9256,0.2,55.13,BULLISH (FVG Buy),BUY,59.2,2092.86,2103.96,2092.86,2103.96
2026-05-26 14:50:02,SPY,CALL,746.0,2026-05-26,745.6400146484375,0.0,0.0097,-0.0001,0.0039,24.4,BEARISH (FVG Buy),SELL,0,746.52,743.89,746.52,743.89
2026-05-26 14:50:03,^NSEI,CALL,23900.0,2026-06-02,23895.30078125,0.515,0.0007,-22.0071,0.2,18.76,BEARISH (FVG Buy),SELL,0,23925.58,23834.73,23925.58,23834.73
2026-05-26 14:50:05,^NSEBANK,PUT,55000.0,2026-06-02,55025.19921875,-0.475,0.0003,-43.1634,0.2,41.36,BEARISH (FVG Buy),BUY,57.5,54920.78,55234.03,54940.48,55234.03
2026-05-26 14:50:06,BTC-USD,CALL,76700.0,2026-06-02,76697.75,0.517,0.0002,-70.6462,0.2,52.68,BULLISH (FVG Buy),BUY,61.7,76595.17,76902.9,76599.52,76902.9
2026-05-26 14:50:08,ETH-USD,CALL,2100.0,2026-06-02,2095.909912109375,0.488,0.0074,-1.9231,0.2,53.6,BULLISH (FVG Buy),BUY,58.8,2092.21,2103.31,2092.86,2103.31
2026-05-30 14:14:00,SPY,CALL,752.0,2026-06-01,756.47998046875,0.881,0.0509,-0.4775,0.0985,57.24,BULLISH (FVG Buy),BUY,98.0,755.72,758.0,755.72,758.0
2026-05-30 14:14:03,^NSEI,PUT,23500.0,2026-06-06,23547.75,-0.451,0.0007,-18.4381,0.2,37.92,BEARISH (FVG Sell),BUY,55.1,23473.13,23696.99,23473.13,23696.99
2026-05-30 14:14:05,^NSEBANK,PUT,54200.0,2026-06-06,54239.19921875,-0.471,0.0003,-42.546,0.2,44.64,BEARISH (FVG Sell),BUY,57.1,54038.54,54640.51,54038.54,54640.51
2026-05-30 14:14:09,BTC-USD,PUT,73400.0,2026-06-06,73420.890625,-0.478,0.0002,-57.5907,0.2,41.99,BEARISH (FVG Buy),BUY,57.8,73368.55,73525.57,73368.55,73525.57
2026-05-30 14:14:11,ETH-USD,CALL,2000.0,2026-06-06,2012.030029296875,0.61,0.0074,-1.8141,0.2,40.36,BEARISH (FVG Buy),SELL,0,2013.9,2008.29,2013.9,2008.29
2026-05-30 14:15:18,SPY,CALL,752.0,2026-06-01,756.47998046875,0.881,0.0509,-0.4775,0.0985,57.24,BULLISH (FVG Buy),BUY,98.0,755.72,758.0,755.72,758.0
2026-05-30 14:15:26,^NSEI,PUT,23500.0,2026-06-06,23547.75,-0.451,0.0007,-18.4381,0.2,37.92,BEARISH (FVG Sell),BUY,55.1,23473.13,23696.99,23473.13,23696.99
2026-05-30 14:15:28,^NSEBANK,PUT,54200.0,2026-06-06,54239.19921875,-0.471,0.0003,-42.546,0.2,44.64,BEARISH (FVG Sell),BUY,57.1,54038.54,54640.51,54038.54,54640.51
2026-05-30 14:15:33,BTC-USD,PUT,73400.0,2026-06-06,73406.2578125,-0.481,0.0002,-57.5724,0.2,52.85,BEARISH (FVG Buy),BUY,58.1,73361.13,73496.51,73375.77,73496.51
2026-05-30 14:15:39,ETH-USD,CALL,2000.0,2026-06-06,2011.739990234375,0.608,0.0075,-1.8158,0.2,50.92,BEARISH (FVG Buy),SELL,0,2013.33,2008.57,2013.33,2008.57
2026-05-30 14:16:49,SPY,CALL,752.0,2026-06-01,756.47998046875,0.881,0.0509,-0.4775,0.0985,57.24,BULLISH (FVG Buy),BUY,98.0,755.72,758.0,755.72,758.0
2026-05-30 14:16:54,^NSEI,PUT,23500.0,2026-06-06,23547.75,-0.451,0.0007,-18.4381,0.2,37.92,BEARISH (FVG Sell),BUY,55.1,23473.13,23696.99,23473.13,23696.99
2026-05-30 14:16:57,^NSEBANK,PUT,54200.0,2026-06-06,54239.19921875,-0.471,0.0003,-42.546,0.2,44.64,BEARISH (FVG Sell),BUY,57.1,54038.54,54640.51,54038.54,54640.51
2026-05-30 14:17:00,BTC-USD,PUT,73400.0,2026-06-06,73407.9765625,-0.48,0.0002,-57.5747,0.2,53.23,BEARISH (FVG Buy),BUY,58.0,73361.96,73500.02,73374.87,73500.02
2026-05-30 14:17:06,ETH-USD,CALL,2000.0,2026-06-06,2011.5799560546875,0.606,0.0075,-1.8168,0.2,50.75,BEARISH (FVG Buy),SELL,0,2013.17,2008.4,2013.17,2008.4
2026-05-30 14:18:10,SPY,CALL,752.0,2026-06-01,756.47998046875,0.881,0.0509,-0.4775,0.0985,57.24,BULLISH (FVG Buy),BUY,98.0,755.72,758.0,755.72,758.0
2026-05-30 14:18:17,^NSEI,PUT,23500.0,2026-06-06,23547.75,-0.451,0.0007,-18.4381,0.2,37.92,BEARISH (FVG Sell),BUY,55.1,23473.13,23696.99,23473.13,23696.99
2026-05-30 14:18:21,^NSEBANK,PUT,54200.0,2026-06-06,54239.19921875,-0.471,0.0003,-42.546,0.2,44.64,BEARISH (FVG Sell),BUY,57.1,54038.54,54640.51,54038.54,54640.51
2026-05-30 14:18:23,BTC-USD,PUT,73400.0,2026-06-06,73407.0078125,-0.481,0.0002,-57.5734,0.2,53.03,BEARISH (FVG Buy),BUY,58.1,73360.43,73500.16,73374.31,73500.16
2026-05-30 14:18:26,ETH-USD,CALL,2000.0,2026-06-06,2011.7099609375,0.607,0.0075,-1.816,0.2,51.47,BEARISH (FVG Buy),SELL,0,2013.35,2008.43,2013.22,2008.43
2026-05-30 14:19:27,SPY,CALL,752.0,2026-06-01,756.47998046875,0.881,0.0509,-0.4775,0.0985,57.24,BULLISH (FVG Buy),BUY,98.0,755.72,758.0,755.72,758.0
2026-05-30 14:19:28,^NSEI,PUT,23500.0,2026-06-06,23547.75,-0.451,0.0007,-18.4381,0.2,37.92,BEARISH (FVG Sell),BUY,55.1,23473.13,23696.99,23473.13,23696.99
2026-05-30 14:19:30,^NSEBANK,PUT,54200.0,2026-06-06,54239.19921875,-0.471,0.0003,-42.546,0.2,44.64,BEARISH (FVG Sell),BUY,57.1,54038.54,54640.51,54038.54,54640.51
2026-05-30 14:19:31,BTC-USD,PUT,73400.0,2026-06-06,73419.4765625,-0.478,0.0002,-57.5891,0.2,55.53,BEARISH (FVG Buy),BUY,57.8,73372.1,73514.23,73373.51,73514.23
2026-05-30 14:19:33,ETH-USD,CALL,2000.0,2026-06-06,2012.0400390625,0.61,0.0074,-1.814,0.2,53.39,BEARISH (FVG Buy),SELL,0,2013.68,2008.76,2013.22,2008.76
2026-05-30 14:20:35,SPY,CALL,752.0,2026-06-01,756.47998046875,0.881,0.0509,-0.4775,0.0985,57.24,BULLISH (FVG Buy),BUY,98.0,755.72,758.0,755.72,758.0
2026-05-30 14:20:37,^NSEI,PUT,23500.0,2026-06-06,23547.75,-0.451,0.0007,-18.4381,0.2,37.92,BEARISH (FVG Sell),BUY,55.1,23473.13,23696.99,23473.13,23696.99
2026-05-30 14:20:38,^NSEBANK,PUT,54200.0,2026-06-06,54239.19921875,-0.471,0.0003,-42.546,0.2,44.64,BEARISH (FVG Sell),BUY,57.1,54038.54,54640.51,54038.54,54640.51
2026-05-30 14:20:40,BTC-USD,PUT,73400.0,2026-06-06,73413.59375,-0.479,0.0002,-57.582,0.2,54.65,BEARISH (FVG Buy),BUY,57.9,73367.51,73505.76,73374.81,73505.76
2026-05-30 14:20:42,ETH-USD,CALL,2000.0,2026-06-06,2012.0699462890625,0.61,0.0074,-1.8139,0.2,55.52,BEARISH (FVG Buy),SELL,0,2013.65,2008.91,2013.16,2008.91
2026-05-30 14:21:44,SPY,CALL,752.0,2026-06-01,756.47998046875,0.881,0.0509,-0.4775,0.0985,57.24,BULLISH (FVG Buy),BUY,98.0,755.72,758.0,755.72,758.0
2026-05-30 14:21:47,^NSEI,PUT,23500.0,2026-06-06,23547.75,-0.451,0.0007,-18.4381,0.2,37.92,BEARISH (FVG Sell),BUY,55.1,23473.13,23696.99,23473.13,23696.99
2026-05-30 14:21:49,^NSEBANK,PUT,54200.0,2026-06-06,54239.19921875,-0.471,0.0003,-42.546,0.2,44.64,BEARISH (FVG Sell),BUY,57.1,54038.54,54640.51,54038.54,54640.51
2026-05-30 14:21:50,BTC-USD,PUT,73400.0,2026-06-06,73422.9296875,-0.477,0.0002,-57.5929,0.2,56.73,BEARISH (FVG Buy),BUY,57.7,73376.6,73515.58,73376.6,73515.58
2026-05-30 14:21:52,ETH-USD,CALL,2000.0,2026-06-06,2012.239990234375,0.611,0.0074,-1.8128,0.2,56.45,BEARISH (FVG Buy),SELL,0,2013.84,2009.05,2013.18,2009.05
